0.01
1.0
100.0
10000
1.0 -0.763965 -0.892282 0.831722 0.039098 -0.029870 -0.027182
1.0 0.707678 -0.527599 0.933914 0.033671 0.042993 0.023348
1.0 0.242122 -0.679547 -0.156449 0.041233 0.007117 0.045607
1.0 0.921160 -0.358736 -0.412566 0.049761 0.025822 0.000843
1.0 0.553458 0.698335 0.190774 0.026918 -0.042562 -0.037491
1.0 0.493978 0.425712 0.024468 -0.047352 0.030452 -0.004317
1.0 -0.358528 0.220037 -0.209726 -0.034249 -0.016105 0.028099
1.0 -0.132289 -0.126609 0.713480 -0.004894 0.034766 -0.035485
1.0 0.330984 -0.453446 -0.806201 0.021143 0.022747 0.035790
1.0 -0.801498 -0.424089 -0.343316 0.046443 0.023624 0.022434
1.0 0.602908 0.625919 -0.680775 -0.041949 0.023398 0.006296
1.0 -0.328553 -0.803103 -0.804898 0.009516 0.023917 0.005048
1.0 -0.196082 -0.579689 -0.744131 0.016906 -0.016995 -0.042962
1.0 -0.003755 -0.045053 0.295105 0.007985 0.025010 0.046764
1.0 -0.421432 0.499372 0.761236 -0.010901 0.014695 0.013219
1.0 0.798871 0.794782 -0.662956 -0.037777 0.008114 -0.019905
1.0 0.584455 0.020207 0.500814 -0.006335 0.002811 -0.035879
1.0 -0.391168 0.150112 -0.474287 -0.041772 -0.022919 -0.000051
1.0 0.439682 0.663753 -0.408972 0.035180 -0.026246 -0.049364
1.0 0.493842 -0.774424 0.803694 -0.048800 0.013683 -0.028288
1.0 -0.853328 -0.273955 0.850377 -0.045111 0.016863 0.010555
1.0 0.716226 -0.423731 -0.861196 -0.037915 -0.020709 0.011068
1.0 -0.475202 0.976607 -0.409031 0.037662 0.010326 -0.028579
1.0 -0.214989 0.846219 -0.219662 -0.010497 0.027353 -0.023461
1.0 0.696672 0.249519 0.473950 -0.023955 -0.014400 -0.018511
1.0 -0.523149 -0.321079 0.558669 -0.009721 -0.043520 0.028580
1.0 0.328561 -0.727535 -0.646517 0.012150 -0.020725 0.047052
1.0 -0.694100 -0.723059 0.155554 -0.004348 -0.015472 -0.037907
1.0 0.551009 -0.848952 0.041587 -0.026440 -0.040946 0.026269
1.0 0.535546 0.492013 -0.212544 -0.000983 0.019916 -0.005494
1.0 0.413257 0.138339 0.325355 -0.020570 0.008121 0.039514
1.0 0.838339 -0.964103 -0.475571 -0.004803 -0.042444 -0.022969
1.0 -0.223002 -0.425828 -0.652168 -0.000236 0.039844 0.014031
1.0 -0.170287 0.866311 0.706539 -0.028377 -0.021320 0.032894
1.0 -0.762502 0.948338 -0.306107 0.032971 0.011317 -0.000965
1.0 0.424613 0.622211 -0.104791 -0.003836 0.014088 -0.038625
1.0 0.956619 -0.433652 0.941002 -0.044651 0.041697 -0.008611
1.0 -0.248271 -0.956427 0.747972 0.040478 0.046082 0.010315
1.0 -0.959759 -0.082864 0.348978 0.031859 -0.023858 0.049478
1.0 0.249079 -0.208649 -0.672138 0.000421 0.024019 -0.032369
1.0 0.112526 0.028017 0.971549 0.031022 -0.007645 -0.022487
1.0 -0.830986 0.600327 -0.748906 -0.024150 -0.033981 0.019952
1.0 -0.368519 -0.735205 0.616340 -0.006049 0.031505 -0.003710
1.0 0.054999 -0.535767 0.584711 -0.020364 -0.011424 -0.029535
1.0 -0.474661 -0.845601 -0.530455 -0.028903 0.036104 -0.040890
1.0 -0.211548 0.206826 0.029625 0.038123 -0.033792 -0.011953
1.0 -0.230658 0.648725 0.650814 -0.020333 0.039290 0.004584
1.0 0.536486 0.232474 0.143353 0.038023 -0.015639 0.045398
1.0 0.209606 0.648671 -0.792111 -0.045999 -0.021907 -0.027837
1.0 0.816109 -0.744321 0.533655 0.040647 0.048244 -0.025180
1.0 -0.517877 -0.768985 0.666018 0.012656 -0.010740 -0.008949
1.0 0.079912 -0.649465 -0.110526 -0.023038 -0.030051 0.008472
1.0 -0.975946 -0.159883 -0.065582 0.003014 -0.028899 -0.030086
1.0 -0.191655 0.876194 0.065384 -0.038087 0.013580 0.017114
1.0 -0.399427 -0.965635 0.323938 0.041111 -0.003689 0.022262
1.0 -0.063813 0.798876 0.274377 -0.025518 0.018871 0.031247
1.0 -0.187352 -0.482406 -0.789700 -0.039844 0.020401 0.049575
1.0 -0.840562 0.080387 0.977076 0.022872 -0.041087 0.048307
1.0 -0.535337 -0.667892 0.631894 -0.022529 -0.028240 0.011130
1.0 -0.368737 0.462843 0.985020 0.032472 0.007087 0.005452
1.0 -0.687968 -0.302106 0.430681 0.010269 0.035754 -0.043285
1.0 0.611251 -0.060566 0.649936 -0.015748 -0.048815 -0.000458
1.0 -0.597542 0.331109 0.746839 -0.042243 -0.013829 -0.039923
1.0 -0.166843 -0.773679 0.074111 -0.001192 -0.009312 0.044338
1.0 -0.466970 0.077536 -0.986319 0.017072 0.031988 -0.024755
1.0 0.401133 -0.653773 -0.021814 -0.013783 -0.049656 0.022618
1.0 0.992409 0.162438 -0.164762 -0.011862 -0.014140 0.010303
1.0 -0.724566 -0.774487 0.871663 0.020428 -0.036780 -0.037375
1.0 -0.366775 0.306156 0.790462 -0.004433 -0.049202 0.013969
1.0 -0.212345 0.717822 -0.112560 -0.043170 0.035838 0.049937
1.0 -0.653634 0.015927 0.570472 -0.021692 -0.048494 0.009654
1.0 -0.077795 0.355584 0.866884 0.027711 0.006810 -0.012367
1.0 0.244404 0.558651 -0.306774 0.004676 -0.001045 -0.029626
1.0 -0.069783 0.163898 0.584152 0.038090 -0.010906 -0.036158
1.0 -0.705033 -0.008027 -0.137938 0.035147 -0.020630 0.017476
1.0 0.169276 -0.718786 0.489550 0.027110 0.038678 0.000837
1.0 -0.305915 -0.229798 0.939225 0.026807 -0.048955 -0.043644
1.0 -0.021229 0.419457 0.427398 -0.035719 0.034809 0.001847
1.0 0.671294 -0.648064 0.951910 0.041904 0.032947 0.041533
1.0 -0.933291 -0.621913 0.316868 -0.038022 0.012080 0.000276
1.0 -0.459017 -0.754279 0.381605 -0.042637 -0.044264 0.017213
1.0 0.817854 0.601119 -0.206127 -0.017377 -0.031059 -0.002427
1.0 0.484106 -0.276257 -0.751637 0.048249 0.010473 -0.040103
1.0 0.962314 -0.317301 0.230214 -0.026478 -0.022731 0.034787
1.0 0.794413 0.776320 0.215310 0.017731 0.044421 0.013045
1.0 -0.934535 -0.187009 -0.781289 -0.013591 -0.009728 -0.031532
1.0 0.249997 -0.893133 0.163454 -0.017857 -0.033625 0.021330
1.0 0.548516 -0.616775 -0.017204 0.049135 -0.018704 0.006184
1.0 -0.215166 0.286071 -0.961511 -0.028820 -0.002696 -0.027653
1.0 0.392110 -0.239211 0.285183 -0.035691 0.042651 0.011964
1.0 0.931626 -0.328699 0.950650 0.031812 0.013967 0.043802
1.0 0.505578 -0.454104 0.622356 -0.024279 0.027954 -0.022384
1.0 0.613405 0.820857 0.879485 0.014028 0.008945 0.013783
1.0 0.106540 -0.619107 0.719627 0.000217 0.012666 0.033884
1.0 0.604872 -0.002066 -0.583514 0.047770 0.029294 -0.020836
1.0 -0.153837 0.638206 -0.945814 0.026945 0.018727 -0.014122
1.0 0.225893 0.648665 -0.079139 0.032693 -0.006503 -0.049928
1.0 0.699594 0.338262 -0.651471 0.012851 0.012061 -0.037768
1.0 -0.322669 -0.894208 0.333876 -0.001794 -0.033045 0.024460
1.0 0.797520 0.994109 -0.765781 -0.028447 0.027106 0.000124
1.0 -0.760946 -0.221842 -0.235217 0.024333 0.008193 -0.043094
1.0 0.240990 0.178791 -0.809918 -0.029412 -0.022621 0.002147
1.0 0.048234 -0.472299 -0.752928 -0.038820 -0.048173 -0.009566
1.0 -0.470022 0.108407 -0.152277 -0.029525 0.045612 0.035699
1.0 0.580823 -0.456047 0.005415 0.049700 -0.031781 -0.049598
1.0 0.746507 -0.865278 0.136732 0.033664 0.008546 0.040851
1.0 -0.778612 -0.766124 -0.719732 0.021156 -0.009736 0.041594
1.0 0.229850 0.572531 0.989121 -0.032620 0.041394 0.030125
1.0 0.088750 0.840286 0.197964 -0.033669 0.019027 0.035893
1.0 0.254103 0.516057 -0.444460 -0.000007 0.042368 0.046873
1.0 -0.090598 -0.594207 -0.586230 0.024928 -0.043652 0.004371
1.0 0.512949 0.811308 0.533911 0.027133 0.015725 0.031776
1.0 0.874531 0.006079 -0.958221 0.031464 0.012436 0.004667
1.0 0.176328 0.599657 -0.245558 0.006021 -0.037073 0.023276
1.0 -0.843873 0.127902 0.461876 0.037406 -0.011473 -0.021721
1.0 0.028320 -0.538709 -0.145733 -0.004445 0.036389 -0.033488
1.0 -0.558706 0.827553 -0.706736 0.037455 -0.045557 -0.022883
1.0 -0.486492 -0.753108 -0.810126 0.014697 0.048464 0.019042
1.0 -0.541892 -0.039349 0.449949 -0.043309 0.024328 0.014315
1.0 0.984837 -0.823054 -0.517854 0.020890 0.005860 -0.010730
1.0 0.366378 0.482829 -0.213516 -0.010995 0.023257 -0.009310
1.0 0.085563 -0.307627 0.976214 -0.043726 0.035585 0.027917
1.0 -0.085002 -0.421537 -0.920459 0.016445 0.030555 -0.032188
1.0 0.712665 -0.757362 -0.256021 0.014509 0.019058 -0.038882
1.0 0.609672 -0.828204 0.744651 -0.013486 -0.025855 0.049136
1.0 -0.304709 -0.037880 0.890340 -0.001164 0.018689 -0.044183
1.0 0.080922 -0.259971 0.856970 -0.019986 -0.020063 0.003502
1.0 0.698350 0.187104 -0.066570 0.023344 0.028124 -0.027192
1.0 -0.237202 -0.836494 -0.947627 -0.046553 0.027110 -0.010930
1.0 -0.211379 0.674632 -0.162136 0.040326 0.036051 0.023670
1.0 0.956416 0.066025 0.088532 -0.017018 -0.008968 -0.041384
1.0 0.560273 0.849371 -0.638652 0.036029 0.017200 -0.038849
1.0 -0.252101 -0.639732 0.851184 -0.022655 0.037469 0.013561
1.0 0.357014 -0.031171 0.098470 0.025329 0.048739 0.035535
1.0 0.907309 0.125991 0.645453 -0.028808 0.030437 -0.021352
1.0 0.481658 -0.651547 0.218866 -0.048847 0.027637 0.039307
1.0 0.330490 -0.118387 -0.326158 -0.002315 -0.045491 0.049263
1.0 -0.988547 -0.185744 -0.646161 0.030271 -0.029891 0.031798
1.0 -0.439051 0.004084 0.622229 0.037646 -0.018611 0.003684
1.0 -0.882820 0.377691 -0.883964 -0.006794 0.030444 -0.029592
1.0 0.553109 0.147517 0.140654 0.028780 -0.037781 -0.036956
1.0 -0.690818 -0.847754 0.722961 -0.042307 0.026786 0.032089
1.0 -0.835060 0.110334 -0.880903 0.033054 -0.046233 0.044565
1.0 -0.751244 0.107856 0.289400 -0.032398 0.006981 -0.047888
1.0 -0.029894 0.121059 -0.429695 0.031134 0.035638 0.043923
1.0 0.181328 -0.777899 0.450977 0.003244 0.036587 -0.018683
1.0 0.269615 -0.892645 -0.179994 0.000177 -0.013981 0.044744
1.0 -0.979549 0.393507 -0.662578 -0.021131 0.035780 -0.016389
1.0 0.106802 -0.761223 0.463060 0.013399 0.038540 -0.029809
1.0 0.807157 0.138439 -0.467379 0.045558 0.027409 0.038568
1.0 -0.540496 -0.915545 0.547068 0.011775 0.027739 0.007955
1.0 -0.927474 -0.924612 -0.505045 -0.031476 -0.018566 0.030618
1.0 0.144447 -0.743814 -0.803546 0.047734 -0.002306 -0.006470
1.0 0.694014 0.852066 0.681139 0.039118 0.033227 0.034265
1.0 -0.743349 0.387912 -0.441975 -0.028101 0.011048 -0.023164
1.0 -0.486492 0.903523 -0.186207 -0.022371 -0.043789 -0.045214
1.0 0.878822 -0.949508 -0.232934 -0.014615 0.000664 -0.032393
1.0 -0.577203 -0.108292 0.558134 0.033741 -0.023344 -0.034170
1.0 0.588952 0.885369 -0.403592 0.007816 0.020384 0.004114
1.0 -0.513526 -0.341223 -0.612418 -0.011917 -0.013896 0.018553
1.0 0.728951 -0.292917 -0.210560 0.019671 0.033435 0.006363
1.0 -0.379642 -0.568509 -0.668537 -0.042372 0.003434 0.025934
1.0 0.134162 0.805789 -0.607246 -0.043250 -0.031064 -0.011950
1.0 0.572264 -0.830891 0.002513 0.038582 -0.006160 0.020338
1.0 -0.737208 -0.646975 0.735253 0.022288 0.006255 -0.020749
1.0 0.571940 -0.140255 -0.983618 -0.025723 0.012282 -0.018571
1.0 0.534671 0.205179 -0.647516 0.006762 -0.048171 -0.025259
1.0 -0.018335 -0.293392 -0.185042 -0.004184 0.045062 0.009570
1.0 -0.693228 -0.571780 -0.251895 0.033670 0.009229 0.049951
1.0 -0.255581 0.026561 -0.182056 0.044860 0.047930 -0.021285
1.0 -0.613977 0.356499 0.155994 -0.034782 -0.048265 0.022769
1.0 -0.225704 0.718173 0.001171 0.017762 -0.037274 -0.041432
1.0 0.092140 -0.178186 0.951653 -0.038075 -0.027383 -0.044003
1.0 0.495675 0.253370 0.979771 0.039514 0.000818 0.026468
1.0 0.910679 0.447245 0.199990 0.010563 0.044924 0.039310
1.0 -0.665895 0.523765 -0.209958 0.034769 0.048440 0.030934
1.0 -0.852109 -0.287083 -0.467082 -0.011317 0.022005 0.017679
1.0 -0.271242 0.023880 0.292958 -0.009598 0.049740 -0.043896
1.0 -0.855513 -0.318488 -0.443778 0.011476 0.017737 0.044080
1.0 -0.056140 -0.544954 0.568614 0.008406 0.000684 -0.028924
1.0 0.470821 -0.349733 -0.660790 0.039334 0.012574 0.024956
1.0 0.139682 -0.261314 0.390691 -0.030931 -0.013979 -0.039584
1.0 -0.148195 0.046849 -0.636428 -0.029286 -0.028219 0.025923
1.0 -0.392966 -0.687835 -0.164676 -0.049660 -0.014016 -0.044776
1.0 -0.402376 -0.781741 0.106453 -0.042222 -0.027519 -0.034347
1.0 -0.350964 -0.850073 0.468131 0.004838 0.010596 0.023188
1.0 -0.931853 0.459010 0.349075 0.007679 -0.010180 0.014992
1.0 0.427351 0.091757 0.486530 0.046255 -0.034930 -0.014448
1.0 -0.766093 -0.752093 0.669201 -0.036247 0.049637 -0.009276
1.0 0.112861 0.512824 0.424601 0.039259 0.014964 -0.049622
1.0 0.238050 -0.356836 -0.854066 -0.038705 0.010175 -0.039672
1.0 -0.586024 -0.596964 0.535698 -0.038202 0.025142 -0.018400
1.0 0.760535 0.044973 0.048051 0.031409 -0.001145 0.040047
1.0 0.723964 -0.913125 0.599482 0.040707 0.013022 0.026423
1.0 -0.284042 -0.041981 0.276695 0.015754 -0.047436 -0.000534
1.0 -0.513816 0.645184 -0.622968 0.045253 0.000905 -0.008339
1.0 -0.127165 0.196689 -0.672507 -0.033355 -0.040341 0.043375
1.0 0.963759 -0.996470 -0.340871 0.025895 -0.012765 0.019812
1.0 -0.000131 0.703502 -0.532711 -0.011821 0.031984 0.043348
1.0 -0.968761 -0.374171 -0.816355 -0.049202 0.000557 -0.019247
1.0 -0.758805 -0.009280 0.854033 0.011066 -0.020020 -0.011410
1.0 0.845099 -0.079771 -0.066502 -0.042646 -0.014628 0.003464
1.0 -0.534018 -0.652903 -0.159625 0.035011 0.011864 -0.040075
1.0 0.058020 0.578319 0.412157 -0.040351 0.033962 -0.012329
1.0 -0.237937 -0.130618 0.393391 0.026240 -0.023666 -0.004458
1.0 -0.490208 -0.314044 0.220830 -0.043702 0.033537 0.024836
1.0 -0.869933 -0.166896 -0.725722 -0.030201 -0.027338 -0.016703
1.0 0.040467 -0.945597 -0.343337 0.010894 -0.029791 -0.037993
1.0 -0.672518 -0.739297 0.109142 0.011114 0.019481 -0.040362
1.0 0.037749 0.238217 -0.457683 -0.030981 0.036038 -0.037129
1.0 0.363019 -0.112121 -0.498007 0.031560 0.046521 0.016254
1.0 -0.406473 -0.475275 0.648431 0.003080 -0.033269 0.042925
1.0 -0.805573 -0.765867 -0.843612 -0.023150 -0.032777 0.024890
1.0 0.044407 0.140855 0.533588 -0.047047 0.022712 -0.011790
1.0 -0.240160 -0.419429 -0.455413 -0.027269 0.027665 0.025677
1.0 0.546578 0.162694 0.110974 0.027921 -0.002279 -0.000783
1.0 -0.600044 -0.470974 0.068455 -0.020750 -0.005178 0.020287
1.0 -0.614257 0.149841 0.314385 -0.012633 -0.030615 0.030179
1.0 -0.585422 0.007901 0.132355 -0.022003 -0.016265 -0.019102
1.0 0.034251 -0.463976 -0.720529 -0.037494 0.007535 -0.041343
1.0 0.987974 0.859345 0.986940 -0.042268 -0.005577 -0.013353
1.0 -0.413809 -0.805494 -0.697858 -0.027323 -0.001063 -0.038768
1.0 0.503117 0.750200 -0.139767 -0.000114 -0.047081 0.019732
1.0 -0.348715 0.439274 -0.010060 -0.013021 0.023212 0.039047
1.0 0.262842 -0.731310 -0.805357 -0.011554 0.034641 -0.015172
1.0 0.631005 0.188432 0.930819 0.017776 0.006624 -0.024575
1.0 -0.970272 0.804072 0.015856 0.031033 -0.047099 0.046605
1.0 0.259165 -0.614713 -0.117290 -0.043944 0.040120 -0.029810
1.0 0.382708 -0.073758 0.142514 -0.044729 0.009161 -0.015891
1.0 -0.682091 0.952862 -0.940916 0.013252 -0.010876 0.034928
1.0 -0.178863 0.270053 -0.908508 -0.003305 0.005605 -0.004835
1.0 -0.314327 -0.684377 -0.192871 0.037426 -0.003241 0.037051
1.0 0.526882 -0.811582 -0.148506 -0.012681 0.014118 -0.035667
1.0 0.223943 -0.499279 -0.419247 -0.024380 -0.043193 0.026981
1.0 -0.859471 0.198446 0.250273 -0.049143 0.016518 0.008359
1.0 0.029480 0.518008 0.673273 -0.035954 -0.007497 -0.011602
1.0 0.873551 -0.708435 -0.005403 0.037809 0.014595 -0.001627
1.0 -0.923902 -0.196188 -0.172966 0.022617 0.031463 0.015983
1.0 0.336092 -0.557807 0.837230 -0.040708 -0.011068 -0.030417
1.0 0.979956 -0.259659 -0.351595 0.035615 -0.019919 0.004393
1.0 0.016676 -0.329089 0.559827 -0.012107 0.022889 -0.024595
1.0 -0.885191 0.265319 0.036233 0.036025 0.007713 0.014526
1.0 0.054564 -0.721701 -0.605927 -0.017999 0.014527 -0.001092
1.0 -0.603847 0.609664 0.030550 0.033131 -0.019128 0.044932
1.0 -0.697753 0.744568 -0.565427 -0.020630 0.012284 0.004835
1.0 0.743482 0.783473 -0.913970 -0.034821 0.003843 -0.036768
1.0 0.616642 -0.978320 -0.959879 -0.017793 -0.037853 -0.018264
1.0 -0.314346 -0.514206 -0.529573 -0.044867 -0.042634 0.049463
1.0 -0.442178 -0.429894 -0.003066 0.049338 0.001504 -0.035677
1.0 0.570152 -0.106108 -0.333735 -0.016632 -0.017979 0.001174
1.0 -0.864846 0.320643 0.457443 -0.024556 0.048158 0.033219
1.0 0.402063 -0.470723 0.860113 0.003062 0.009494 -0.032335
1.0 -0.401752 0.440082 0.968000 0.030066 -0.022161 -0.006803
1.0 -0.345999 0.402781 0.639002 -0.047218 -0.020488 0.034844
1.0 0.321759 -0.696419 -0.747340 0.037589 -0.028451 0.046507
1.0 0.938146 -0.354957 -0.316247 0.048044 -0.004403 0.046521
1.0 -0.005494 0.412845 -0.965858 -0.027506 0.000760 0.045822
1.0 0.524820 -0.788122 -0.748272 -0.019141 -0.012493 0.028231
1.0 -0.097927 0.606041 -0.226777 -0.037211 0.039847 -0.037826
1.0 0.345505 0.019164 0.561483 0.049285 0.003716 0.003135
1.0 -0.221388 0.795455 0.184072 0.025629 0.013911 -0.019890
1.0 0.959229 0.175813 -0.380591 -0.009532 -0.020140 0.017952
1.0 -0.938771 0.729596 0.973447 0.020528 0.043429 -0.026539
1.0 0.490132 0.519405 -0.360890 -0.046577 -0.026673 0.006902
1.0 -0.539275 -0.337924 0.907145 0.026925 0.046007 -0.014022
1.0 -0.126174 0.450029 0.113669 0.008438 -0.006550 0.030180
1.0 -0.402311 -0.772876 0.725542 -0.028165 -0.019292 0.029186
1.0 -0.122847 0.981878 0.912705 -0.043791 0.028640 0.013230
1.0 -0.459548 -0.504984 0.770487 -0.040334 0.016083 -0.023960
1.0 -0.459623 -0.167934 -0.962420 -0.043931 0.020472 0.033389
1.0 0.351425 0.816698 0.481679 0.036164 -0.045675 0.011899
1.0 -0.417816 -0.733806 -0.805745 0.034324 -0.020249 0.012955
1.0 -0.657457 -0.307079 0.292668 0.006381 -0.045355 0.049752
1.0 -0.733119 0.600632 0.897550 -0.035187 0.010788 0.029747
1.0 0.838813 0.078284 0.225758 -0.013609 0.041084 -0.005520
1.0 0.701749 -0.932924 0.248821 0.042985 -0.010894 0.016309
1.0 -0.509329 -0.088630 -0.426191 0.037356 -0.045611 0.002460
1.0 -0.684764 0.138179 0.903699 0.001786 -0.020377 -0.004360
1.0 -0.105678 0.556990 -0.707962 0.041271 -0.034160 -0.022623
1.0 -0.663813 -0.275942 0.109371 -0.045517 0.039864 0.029549
1.0 0.132691 0.726912 -0.092856 -0.001474 0.026893 -0.039940
1.0 0.608519 -0.334034 0.969567 0.021163 0.004091 -0.031161
1.0 -0.838066 0.772850 -0.970117 -0.035176 -0.037717 -0.038736
1.0 -0.097029 0.987716 0.531245 -0.043589 0.029673 -0.023811
1.0 -0.434735 0.257450 -0.443168 -0.008686 -0.002350 0.027407
1.0 -0.974886 0.810068 -0.195026 -0.041316 -0.036596 -0.046338
1.0 -0.893810 -0.783862 -0.961769 0.008178 -0.024737 -0.038779
1.0 0.995132 -0.344198 -0.190374 0.000242 0.033711 0.035871
1.0 -0.211326 -0.082051 0.930956 0.021552 0.023001 0.035750
1.0 0.014621 0.271464 -0.725679 0.048833 -0.026511 -0.043818
1.0 -0.159993 0.091384 0.791020 0.011983 0.025189 -0.037049
1.0 0.700111 0.217030 0.225228 0.006141 0.026185 0.004702
1.0 0.607909 -0.117250 -0.577977 -0.036104 0.047178 0.035774
1.0 -0.895263 0.676691 -0.286752 0.013051 0.038898 0.045933
1.0 -0.611561 0.797723 0.914377 -0.046316 -0.047639 0.039398
1.0 -0.053249 -0.483871 -0.767026 -0.041675 0.021865 -0.000020
1.0 -0.728361 -0.138464 0.590028 -0.016029 0.010963 -0.007422
1.0 -0.847673 -0.501657 -0.067939 -0.046215 -0.013716 -0.019344
1.0 0.071019 0.233826 -0.129138 0.039334 -0.035263 0.034142
1.0 0.728275 -0.516838 -0.283407 0.043054 -0.039089 -0.048434
1.0 -0.419783 0.085257 0.681518 -0.037874 0.017076 0.017595
1.0 -0.483810 0.411209 0.066841 -0.017605 0.025336 -0.004016
1.0 -0.778108 0.703103 0.317509 -0.022105 0.048945 -0.005404
1.0 0.732209 0.412607 0.235585 -0.022591 -0.004151 0.016417
1.0 -0.103546 0.694554 0.797984 0.019200 0.012685 0.030527
1.0 -0.542350 -0.291206 -0.146100 -0.016745 -0.029222 -0.030433
1.0 0.121121 0.339486 -0.970542 -0.008335 -0.028214 0.034149
1.0 -0.276355 -0.351750 0.306161 0.024501 -0.034453 -0.021630
1.0 0.231987 -0.198802 0.352436 -0.034993 -0.036932 0.042826
1.0 -0.819545 0.255203 0.422550 -0.044070 0.008040 0.009277
1.0 -0.339348 -0.370950 -0.164122 -0.044935 0.019435 0.032729
1.0 -0.979550 0.686733 0.128068 0.046377 0.019419 0.045297
1.0 -0.210847 -0.823577 -0.949422 0.043304 0.010516 -0.030594
1.0 0.073921 0.394759 0.980353 -0.029013 0.033512 0.013539
1.0 -0.418823 -0.191204 0.765252 0.036537 -0.010220 0.048560
1.0 0.985314 -0.607013 0.847953 -0.044215 0.033013 0.001267
1.0 0.751340 0.966602 -0.148974 -0.047148 0.003898 -0.033242
1.0 0.782126 -0.878006 0.711513 0.047674 -0.016585 0.032637
1.0 -0.548413 0.246276 0.846034 -0.022949 0.019659 -0.035314
1.0 -0.681478 -0.305802 -0.671188 -0.028871 -0.049902 0.036305
1.0 0.441107 0.459284 0.325597 -0.045111 -0.046082 -0.049838
1.0 -0.112366 -0.885098 0.161538 -0.039449 0.007668 0.025472
1.0 -0.840886 0.343681 0.533148 -0.043498 -0.038984 0.037026
1.0 0.408183 0.491439 -0.647717 0.018019 0.044377 -0.045451
1.0 0.505939 0.458028 0.877261 -0.014240 0.027742 -0.023454
1.0 -0.518099 0.192811 -0.776762 0.021137 0.009402 -0.035998
1.0 -0.405549 -0.624170 0.089028 0.018366 -0.007764 0.016516
1.0 0.283265 0.608385 -0.099791 0.039376 -0.026986 -0.043433
1.0 -0.251683 0.063002 0.883935 0.028635 0.049543 0.009712
1.0 0.946681 -0.008625 -0.641156 0.023675 -0.044220 -0.047029
1.0 0.115233 -0.500202 -0.764492 -0.004809 0.010791 -0.002151
1.0 0.699145 0.940116 0.257957 0.038191 0.015994 0.034761
1.0 -0.703065 0.734112 0.038055 0.049792 -0.030969 0.001778
1.0 -0.693960 -0.379317 0.783845 -0.046346 0.014623 0.046132
1.0 0.974369 -0.596896 -0.245613 -0.046998 -0.028832 0.013514
1.0 -0.135745 -0.030957 0.520527 0.043803 0.004391 -0.045482
1.0 0.381785 0.066725 -0.628692 -0.048616 0.028490 0.008808
1.0 0.547169 0.378097 0.046113 -0.031333 -0.033411 -0.012368
1.0 -0.187684 -0.671175 0.267523 0.042160 0.023166 0.038318
1.0 0.258039 -0.348656 0.259529 0.043637 0.048772 -0.043355
1.0 -0.023292 -0.229251 -0.375539 0.003696 -0.029268 0.008458
1.0 -0.441369 -0.710858 -0.517185 0.007567 -0.043489 0.043494
1.0 -0.521944 0.358460 0.702119 0.004621 -0.018391 0.028424
1.0 -0.387739 -0.597847 0.473289 0.032853 0.022413 0.019849
1.0 -0.822154 -0.172324 -0.099346 -0.033521 0.048413 -0.042484
1.0 0.018976 -0.733513 0.221206 -0.037514 -0.022054 -0.017517
1.0 -0.312393 0.582486 -0.320007 -0.008936 0.015755 0.015060
1.0 0.656517 -0.254727 -0.269366 -0.045350 -0.043775 -0.002213
1.0 0.403321 0.996107 -0.637162 -0.010384 0.041489 -0.041868
1.0 0.299805 0.685045 -0.132192 -0.004270 -0.036403 0.031307
1.0 -0.629461 0.511660 0.546007 -0.045689 -0.000512 -0.019603
1.0 -0.318404 -0.499063 -0.567778 0.046792 0.004895 0.031976
1.0 0.134911 0.417067 0.121638 0.024320 0.041860 0.047006
1.0 0.863518 0.411994 -0.490534 -0.006033 -0.007303 0.002459
1.0 0.865249 0.610102 -0.128078 0.030718 0.022821 0.048087
1.0 0.229177 -0.042849 -0.380810 0.010343 -0.041431 -0.017395
1.0 0.445034 -0.849536 -0.077383 0.016998 -0.012499 0.046032
1.0 -0.661096 0.925096 -0.562688 -0.033741 0.011756 -0.030035
1.0 -0.060599 0.392669 0.082868 0.014470 0.045339 -0.023413
1.0 0.374513 -0.441209 -0.901825 0.003731 -0.005938 0.037247
1.0 -0.016484 -0.754457 0.447432 -0.037282 -0.010683 0.027089
1.0 -0.909084 -0.653965 -0.569536 0.024266 0.007544 -0.034691
1.0 -0.808451 0.971058 -0.570905 -0.048103 -0.035910 -0.030007
1.0 -0.629402 0.852486 0.229302 0.013880 -0.006723 0.013615
1.0 0.168407 -0.270141 -0.265248 0.025966 -0.039205 0.035953
1.0 -0.019716 0.647999 -0.976020 0.012686 -0.029501 -0.024828
1.0 0.321049 0.985639 -0.736309 0.001109 -0.048548 0.035873
1.0 -0.913938 -0.044807 0.464579 -0.003499 0.020500 -0.034822
1.0 0.436880 0.107070 -0.945377 0.049441 -0.019151 -0.046979
1.0 0.946521 0.313386 -0.996806 0.031591 0.024406 -0.034184
1.0 -0.019011 -0.937341 0.518079 -0.032028 -0.043115 0.029214
1.0 0.974830 -0.615155 0.446262 0.041639 -0.022735 -0.044896
1.0 0.425949 0.245518 -0.764035 0.022295 0.004264 -0.031100
1.0 -0.492094 0.823903 0.502267 -0.046379 -0.040995 0.039813
1.0 0.231035 -0.067943 0.730213 0.028733 -0.042961 0.005069
1.0 0.714144 -0.642589 -0.293866 0.018532 -0.027931 -0.029668
1.0 0.333859 0.666334 0.315434 -0.032009 0.006254 0.040409
1.0 -0.673460 -0.849508 -0.008402 0.022651 -0.000056 -0.044841
1.0 -0.853214 0.248216 0.570028 0.029723 0.006067 0.021848
1.0 0.313157 -0.864588 -0.999870 0.005537 0.014012 0.040939
1.0 -0.061649 0.271947 -0.252090 0.019786 0.006478 -0.027925
1.0 0.375777 -0.244316 0.249361 -0.021190 -0.009236 -0.020048
1.0 0.451809 -0.658014 0.273508 0.002782 -0.025724 0.033966
1.0 0.595138 -0.696976 0.848458 -0.016466 -0.028397 -0.008581
1.0 -0.432486 -0.756361 -0.840324 -0.017609 -0.017322 0.014850
1.0 -0.454572 0.483969 -0.151661 -0.044033 -0.002614 -0.032004
1.0 0.053186 0.572838 -0.015623 0.049204 -0.041138 -0.033887
1.0 0.440491 0.034312 -0.044623 -0.047749 0.043387 0.024126
1.0 -0.317165 0.558879 0.776632 0.027614 -0.048472 0.045995
1.0 0.966648 0.050099 0.683741 -0.048367 -0.045992 -0.008890
1.0 0.427038 -0.395942 -0.570386 0.044318 -0.011070 0.029085
1.0 -0.926305 -0.601369 -0.609276 0.000323 -0.002805 0.030987
1.0 0.335993 0.381582 -0.600202 0.004324 0.029187 0.012714
1.0 -0.161202 -0.152517 -0.723875 0.014324 -0.043117 0.020633
1.0 0.694835 0.098342 0.144317 0.008358 -0.009241 -0.039731
1.0 -0.100486 -0.820541 0.433048 -0.048582 -0.000628 0.009407
1.0 -0.054308 -0.742363 0.015140 -0.042024 0.036959 -0.017363
1.0 -0.870839 0.646748 -0.565298 0.023547 -0.026451 0.012052
1.0 -0.321981 -0.268675 -0.064095 0.014849 0.000000 0.010106
1.0 0.057550 0.158151 -0.083541 0.035524 0.017075 -0.008607
1.0 0.172303 0.592398 -0.742394 -0.017635 0.001881 0.042880
1.0 -0.882360 0.901084 0.512192 -0.021143 0.032177 0.024987
1.0 0.250541 0.008224 0.364064 -0.041307 -0.029654 -0.000302
1.0 0.456605 0.053527 -0.009959 -0.044336 0.009159 0.000056
1.0 -0.833415 0.099249 -0.950486 -0.001662 -0.005232 -0.025088
1.0 -0.079945 0.485873 0.132882 0.027720 -0.037608 0.026326
1.0 0.195820 -0.769943 0.703623 -0.028273 0.042382 0.042781
1.0 -0.302506 -0.836629 -0.860435 -0.017048 -0.039291 -0.016612
1.0 -0.890183 0.365193 -0.691303 0.022919 0.007318 -0.030407
1.0 0.495759 0.148318 0.079799 0.007887 0.035304 0.011913
1.0 -0.721640 -0.122838 -0.055499 0.006847 -0.024364 -0.012296
1.0 -0.116710 -0.440812 0.354387 -0.028293 0.028739 0.000928
1.0 0.757492 0.055365 0.769921 0.013650 0.030327 0.027919
1.0 0.839938 -0.857380 0.029697 0.031498 0.043004 0.012718
1.0 0.609318 -0.046257 -0.079105 -0.023585 -0.008631 -0.010363
1.0 -0.996041 -0.373448 -0.525020 0.035991 0.005234 -0.030672
1.0 0.541828 -0.485159 -0.234406 0.029159 -0.021887 -0.049641
1.0 0.753216 0.968096 -0.911184 0.046668 -0.030998 -0.038397
1.0 -0.118426 -0.836153 -0.685574 0.023517 -0.010440 0.016062
1.0 -0.544217 -0.928999 -0.555636 0.018898 -0.029009 -0.043019
1.0 -0.625317 0.529071 -0.148344 -0.031636 -0.009555 0.008955
1.0 -0.893872 -0.471373 -0.330800 -0.018149 -0.035557 0.025200
1.0 -0.124225 0.352245 -0.737994 0.001654 -0.012875 0.043291
1.0 -0.988006 -0.105890 0.268927 -0.020987 -0.005647 0.011137
1.0 0.317862 -0.923269 0.736864 0.029498 -0.013247 0.026956
1.0 0.826661 -0.343215 -0.561535 0.038154 -0.037474 0.043047
1.0 -0.329292 0.096617 -0.724919 -0.017123 -0.028519 0.036870
1.0 0.749212 0.786712 0.759510 0.000885 -0.036473 -0.012616
1.0 0.379633 0.215461 -0.457419 -0.007983 -0.000204 -0.020382
1.0 -0.040344 -0.753191 0.423109 -0.043051 -0.024091 0.021320
1.0 0.626424 -0.625083 0.121118 -0.011485 0.019851 0.046030
1.0 -0.449886 -0.915519 -0.149087 -0.019532 -0.044372 -0.019502
1.0 -0.530545 0.744075 0.004322 -0.001547 0.032656 -0.004946
1.0 0.012009 -0.532987 -0.259547 -0.041807 0.027463 -0.038230
1.0 0.113010 0.939784 0.861529 -0.004192 0.001953 -0.007035
1.0 0.176729 0.835305 0.706043 -0.026130 -0.011275 0.015633
1.0 0.839751 0.422025 -0.861355 -0.021662 -0.048132 0.007199
1.0 0.167668 0.134450 -0.139036 0.005233 -0.021821 0.027032
1.0 0.936113 -0.296325 0.908693 0.034093 -0.018439 0.003085
1.0 0.035378 -0.229160 -0.891109 -0.030471 -0.048972 0.033208
1.0 -0.500473 -0.699492 0.123798 -0.049726 -0.005364 -0.016639
1.0 -0.988791 0.804973 0.714475 0.003166 -0.034218 0.021636
1.0 0.487337 -0.441371 -0.486478 -0.020725 -0.018196 -0.028060
1.0 0.760201 0.167650 -0.085747 -0.026797 0.016046 0.008338
1.0 -0.150147 0.835498 0.167822 0.027976 -0.036449 -0.015781
1.0 0.754458 -0.730058 -0.211930 -0.030669 -0.000502 0.007487
1.0 0.674385 0.702686 -0.662995 -0.030248 -0.026382 0.038000
1.0 0.878072 0.068510 0.242391 -0.001189 -0.020203 -0.028737
1.0 0.975654 -0.231228 -0.478904 0.025426 0.003159 0.019538
1.0 0.275758 0.396547 0.599873 -0.015584 0.012505 0.001051
1.0 0.754863 0.316227 -0.264684 0.028080 0.029725 0.022271
1.0 -0.322136 0.717316 -0.822868 0.027493 -0.016722 0.038648
1.0 0.088928 0.321780 -0.700830 -0.023920 0.018266 0.017295
1.0 0.191842 -0.050225 -0.565408 0.029909 -0.040469 -0.046449
1.0 -0.179776 -0.570327 -0.563810 0.002502 -0.017953 -0.049203
1.0 -0.577489 0.477970 0.655423 -0.015432 0.004587 0.031779
1.0 0.742806 -0.236163 0.226839 -0.018276 -0.047950 -0.015269
1.0 0.811285 0.916614 -0.139209 -0.000983 -0.018227 0.003774
1.0 -0.381413 -0.247947 0.724920 0.023851 0.013604 0.030794
1.0 0.975635 0.273769 0.589535 0.024337 -0.036366 0.030266
1.0 0.201158 0.902841 0.767749 -0.048963 0.032117 0.042397
1.0 -0.477232 -0.375635 -0.904586 0.011805 -0.004196 -0.030887
1.0 -0.285983 -0.598155 -0.059592 -0.023056 -0.003933 0.022725
1.0 -0.431409 0.164515 0.458888 -0.041936 -0.037667 0.026373
1.0 0.810557 -0.688168 0.574681 -0.049689 0.026901 0.028124
1.0 -0.115113 -0.778714 0.796394 0.003497 0.019232 -0.008818
1.0 0.098733 0.632241 0.162254 -0.048643 -0.026706 -0.009631
1.0 0.286714 0.346268 0.433425 0.031081 0.017802 0.043603
1.0 0.284484 -0.720909 -0.736406 0.034157 0.035174 -0.000389
1.0 -0.507046 -0.315559 0.581073 0.049107 -0.001573 0.040736
1.0 0.999131 -0.733534 0.033796 -0.032644 -0.023002 0.049983
1.0 -0.549014 -0.840724 -0.322099 -0.029109 -0.037991 -0.002386
1.0 -0.191691 0.921711 0.527848 -0.020556 0.020430 0.037005
1.0 -0.465707 0.757926 0.272541 0.044482 -0.048369 0.021819
1.0 0.554908 0.289014 0.033319 0.015767 -0.041257 0.043496
1.0 0.412134 0.089895 -0.546369 -0.012130 -0.032106 0.012098
1.0 0.820882 0.417694 0.493482 0.041444 -0.022617 -0.007591
1.0 0.988594 -0.229242 0.234715 -0.005566 0.018840 0.043489
1.0 0.232407 0.770772 -0.715066 -0.030646 0.023526 -0.025853
1.0 0.988614 0.076862 0.918624 -0.004032 -0.032450 -0.043678
1.0 0.993921 0.998931 0.225912 0.020228 -0.016642 -0.035262
1.0 0.211306 -0.799328 0.280422 -0.036498 0.033189 -0.038014
1.0 0.515905 0.898155 -0.653191 0.031018 0.018549 -0.046783
1.0 -0.455032 0.152927 -0.576345 0.045631 -0.034541 0.030903
1.0 0.560267 0.815781 -0.344382 0.017466 0.008978 -0.023296
1.0 -0.060949 0.753621 -0.558014 0.009401 0.006938 0.007192
1.0 0.388595 0.058776 -0.770438 0.025438 -0.040144 -0.042116
1.0 -0.909729 -0.338806 0.302219 -0.017922 0.003507 0.033335
1.0 0.118666 0.032499 0.947972 -0.013302 0.003315 -0.003687
1.0 0.152845 0.342030 0.542995 -0.015722 0.000690 -0.023396
1.0 -0.006948 -0.300355 0.630504 -0.032805 0.048663 -0.017479
1.0 -0.445130 0.079419 -0.439007 0.020031 0.038172 -0.047607
1.0 0.581336 0.265079 0.409569 0.046702 0.047122 0.032181
1.0 -0.453593 0.059962 -0.692361 0.012601 -0.025641 -0.048440
1.0 0.168431 0.551182 0.655687 0.033937 -0.048453 -0.045653
1.0 -0.566247 0.886086 0.396510 0.033596 -0.041174 -0.017227
1.0 -0.096894 -0.346378 -0.278145 -0.025818 0.010322 -0.036760
1.0 0.237712 0.991241 -0.098263 -0.049644 0.047657 0.041746
1.0 0.840885 0.134940 0.060954 0.036664 0.047431 0.031765
1.0 0.266522 0.993183 0.442133 -0.002915 0.043551 -0.009610
1.0 -0.381412 0.091719 0.787675 0.048463 -0.049434 -0.044719
1.0 -0.605467 0.436152 -0.488344 0.042448 -0.007768 -0.027498
1.0 -0.992138 -0.954026 0.992383 0.037071 0.026541 -0.005351
1.0 -0.380864 0.218630 0.553033 -0.034989 0.006710 0.028581
1.0 -0.664487 0.813645 0.310349 -0.002144 0.012898 -0.008474
1.0 0.556538 -0.643315 -0.956591 0.000986 -0.000040 0.022713
1.0 0.699432 0.367103 0.179649 -0.033026 0.043769 0.032659
1.0 -0.574585 -0.276588 -0.211683 0.031701 -0.011636 -0.034114
1.0 0.772133 0.492489 0.046318 0.021407 0.002273 0.028274
1.0 -0.687357 -0.984058 0.739273 -0.008068 0.015877 -0.044673
1.0 -0.621546 -0.366449 -0.067318 -0.005715 -0.007761 0.013141
1.0 0.250173 -0.868790 -0.568506 -0.008703 0.000228 0.039230
1.0 0.826938 -0.030772 0.227680 -0.041631 -0.040407 0.035224
1.0 -0.426391 -0.746583 -0.917487 0.002283 -0.038925 0.048149
1.0 0.923980 -0.753096 0.377337 0.042305 0.035455 0.001129
1.0 -0.702906 -0.438258 0.055514 0.045409 0.012004 0.021978
1.0 -0.984146 0.400610 -0.609747 0.008701 0.013880 -0.016934
1.0 0.869067 0.664913 -0.221200 0.027111 -0.049135 -0.004680
1.0 0.993229 0.738254 0.352413 0.038456 -0.007522 0.025237
1.0 -0.474795 -0.718933 0.821495 0.036388 0.040584 0.040699
1.0 -0.940775 -0.217349 -0.462098 0.044045 0.049804 0.036786
1.0 0.246932 0.747375 -0.909560 0.039898 0.042265 0.029428
1.0 -0.946465 -0.678303 0.152930 0.004541 -0.005642 0.044906
1.0 0.920787 0.673401 0.408867 0.028475 0.034950 -0.008357
1.0 -0.513832 -0.075055 0.149810 -0.021332 0.049951 0.004460
1.0 0.994679 0.795031 0.089103 0.017145 0.021615 0.030430
1.0 -0.284102 -0.139228 -0.288427 -0.012199 -0.010108 -0.007466
1.0 -0.428801 -0.059495 0.530524 -0.024906 -0.039978 0.026978
1.0 0.171495 -0.794516 0.724788 -0.046241 0.031702 -0.041622
1.0 -0.806435 0.777246 0.151993 0.023324 0.008033 -0.008829
1.0 0.131200 0.031048 0.742850 0.023475 0.044882 -0.048490
1.0 -0.150268 0.152182 -0.848280 -0.042102 0.024378 -0.034010
1.0 0.618675 -0.676102 0.063701 -0.033360 -0.019902 0.001204
1.0 0.787224 -0.338177 -0.758976 -0.021316 -0.027817 -0.039990
1.0 -0.180284 0.534909 -0.991069 -0.008701 0.045396 -0.004856
1.0 0.626585 -0.601938 0.996593 0.020391 0.013305 0.026141
1.0 0.061786 0.410618 0.034145 -0.035173 -0.041392 0.011547
1.0 -0.520635 0.447055 -0.247521 0.043196 -0.041502 -0.044121
1.0 0.096727 0.123954 0.115298 0.012027 -0.007101 -0.020753
1.0 0.704674 0.727734 -0.978167 0.045884 -0.030346 -0.016067
1.0 0.965161 0.428586 0.799673 -0.030540 -0.007544 -0.023181
1.0 0.958615 0.921763 -0.815128 -0.016486 0.025421 0.016622
1.0 0.977677 -0.853029 -0.379640 -0.016093 0.035318 0.015783
1.0 0.186816 -0.786256 -0.062583 0.004005 -0.016378 0.020575
1.0 -0.928260 -0.850587 -0.361271 0.033731 0.004609 0.006077
1.0 0.502774 -0.004069 0.994758 -0.025655 -0.039613 -0.027892
1.0 -0.374333 0.378162 -0.607311 -0.023294 0.042702 -0.017129
1.0 0.927967 -0.056893 0.516587 -0.008117 0.046324 0.013744
1.0 -0.500175 -0.863934 0.405116 0.044828 -0.021397 0.017258
1.0 0.660913 0.124002 -0.247175 0.041006 0.044550 0.011211
1.0 -0.627632 0.866790 0.214912 0.032629 0.024395 0.008259
1.0 -0.086514 0.956337 0.678789 -0.005998 -0.011407 -0.020355
1.0 0.239341 0.331780 0.867447 0.036498 0.044267 0.017785
1.0 -0.948520 -0.249419 -0.377726 -0.007027 -0.038654 0.006981
1.0 -0.888204 0.182496 0.777390 -0.036110 0.032550 -0.030556
1.0 -0.400037 0.918312 -0.484017 0.035797 -0.047958 -0.037129
1.0 0.620378 -0.895310 0.716837 0.045583 -0.017362 -0.049859
1.0 0.265905 -0.604441 0.911727 0.043210 0.002443 0.029374
1.0 -0.137298 0.624636 -0.175271 -0.047557 0.003387 0.030737
1.0 -0.846198 0.646601 -0.036563 -0.040247 -0.029385 -0.040504
1.0 0.490964 0.367416 -0.245933 -0.001337 -0.019720 -0.037235
1.0 0.604986 -0.959636 -0.902546 -0.030565 -0.000697 0.030702
1.0 0.637236 -0.514061 -0.992044 0.037130 0.017931 -0.005972
1.0 -0.584053 -0.771127 -0.381005 0.019652 0.032222 0.030664
1.0 0.504005 0.902285 -0.234006 -0.014989 -0.014807 0.032637
1.0 -0.345187 0.753197 -0.566569 0.017851 0.016968 0.006640
1.0 -0.682686 -0.219440 -0.429128 0.021615 -0.019847 -0.047818
1.0 0.767507 -0.945099 0.039146 -0.014631 0.019756 -0.023936
1.0 0.904496 0.859069 0.464699 -0.003399 -0.038173 0.017027
1.0 0.839071 0.005393 -0.282115 0.021197 -0.032056 0.028413
1.0 -0.532511 0.187629 -0.740896 -0.045752 -0.022636 -0.043724
1.0 -0.402464 -0.143130 0.967249 -0.008604 -0.036760 0.029483
1.0 0.257009 0.034668 0.570849 0.049275 0.031898 -0.025657
1.0 -0.647412 -0.882023 -0.522932 -0.048302 -0.021514 0.009272
1.0 0.604708 -0.946328 0.926234 0.026626 0.018438 0.020784
1.0 -0.783336 -0.758768 -0.273361 -0.037334 0.034791 -0.030402
1.0 0.100900 -0.733433 -0.744409 0.027684 -0.009468 -0.010491
1.0 -0.261789 0.357879 0.108286 0.032789 0.030453 -0.041463
1.0 -0.976395 -0.226686 -0.319871 -0.021252 -0.047233 -0.001264
1.0 0.657774 -0.620544 -0.995251 0.011656 0.024331 -0.035301
1.0 -0.073510 0.765811 -0.846776 -0.020682 0.003560 0.032501
1.0 0.923493 0.511693 -0.741872 0.047162 -0.006871 0.003477
1.0 -0.055679 0.439701 0.574071 0.044438 0.049545 0.028555
1.0 0.579984 -0.601738 0.931158 -0.043709 0.030448 -0.006400
1.0 0.696676 -0.224301 -0.586467 -0.038238 -0.046818 -0.046591
1.0 -0.820066 -0.477308 0.055631 -0.008685 0.028805 -0.043733
1.0 -0.099999 -0.259209 0.349182 -0.036541 0.027730 -0.040606
1.0 0.264817 0.609229 0.641301 -0.030491 -0.015673 -0.018082
1.0 0.069426 -0.394530 0.809385 0.015582 0.017670 -0.038183
1.0 -0.545072 0.955102 -0.944217 0.042376 0.021092 0.048324
1.0 -0.098531 -0.189725 0.443584 0.005088 -0.033477 0.016164
1.0 -0.936429 0.094700 -0.624026 0.031885 -0.021328 0.024465
1.0 0.292814 0.975950 -0.842732 -0.044997 0.028057 -0.006494
1.0 -0.690657 -0.864921 0.599854 0.002516 -0.018945 -0.023131
1.0 -0.240615 0.053576 0.702823 -0.015028 0.000043 0.024553
1.0 0.488085 0.223831 0.042778 -0.016857 0.029539 0.034982
1.0 0.344019 -0.216955 -0.151348 0.004677 -0.034063 0.012761
1.0 -0.054816 0.057532 0.614715 -0.046092 -0.002273 0.002649
1.0 0.173376 -0.238849 0.432811 -0.049773 0.017965 -0.022030
1.0 -0.015147 0.735538 0.344609 -0.019489 0.042330 -0.026725
1.0 0.350336 0.142048 0.348337 0.043234 -0.033518 -0.017922
1.0 -0.129124 0.572748 -0.395871 -0.018856 0.012400 0.019472
1.0 -0.725982 0.620984 0.848004 -0.008234 -0.010002 -0.037907
1.0 0.090328 -0.567938 -0.380665 -0.041458 0.040600 -0.023905
1.0 0.172190 -0.181633 0.950091 0.049803 0.047026 0.008164
1.0 0.148947 -0.740220 0.148679 0.019097 0.001041 0.041635
1.0 0.066207 0.423577 0.405459 -0.035499 0.042553 -0.019806
1.0 0.501935 0.607823 -0.209431 -0.004971 -0.022886 -0.038653
1.0 -0.046259 -0.932396 -0.963226 -0.032496 -0.034135 -0.030858
1.0 -0.540229 0.648019 0.753408 -0.030634 -0.033141 0.005611
1.0 -0.791033 0.852240 0.608068 -0.047901 0.019303 -0.020432
1.0 0.638758 0.811213 0.418474 0.043997 -0.018805 -0.000260
1.0 0.507276 -0.741804 -0.706312 0.029273 -0.043792 0.039400
1.0 0.961061 -0.884510 -0.900983 -0.043373 0.036320 -0.008399
1.0 0.687879 0.362056 -0.825087 0.034623 -0.001853 0.019330
1.0 0.656042 -0.981510 0.780307 -0.032716 -0.004980 -0.039630
1.0 -0.392874 0.036376 0.416334 -0.024827 0.007027 0.026735
1.0 0.156527 -0.496348 0.957904 0.021707 -0.047022 -0.019946
1.0 -0.573071 -0.094295 0.930856 -0.034942 0.029060 -0.019342
1.0 -0.729781 -0.716627 0.436102 -0.038797 0.026905 0.030109
1.0 0.784563 -0.771137 0.914311 -0.021576 0.008901 -0.002724
1.0 -0.904870 0.472438 0.807225 0.021245 0.039938 0.041492
1.0 0.402435 -0.538053 -0.814657 0.002506 -0.008454 -0.008948
1.0 -0.589178 -0.239755 0.437829 0.030372 0.019851 0.024282
1.0 0.948292 0.499786 0.509866 -0.040158 -0.049318 0.019836
1.0 0.527497 -0.924402 0.775653 0.015164 0.042881 0.043213
1.0 -0.607353 0.742551 -0.411558 -0.017302 -0.015650 0.030425
1.0 0.067758 -0.718147 0.743982 -0.000584 0.029755 -0.031219
1.0 0.587832 0.356817 0.366625 -0.029784 -0.042045 0.010428
1.0 -0.486518 -0.449346 0.574857 0.046843 0.046322 -0.031866
1.0 0.338700 0.524881 0.775760 0.044009 -0.035099 0.004987
1.0 -0.902211 -0.364444 -0.549767 0.021678 0.029585 0.037315
1.0 -0.622202 0.919052 -0.984453 -0.008053 -0.018997 -0.001518
1.0 -0.981938 -0.485475 -0.139763 0.047643 0.015954 0.035258
1.0 -0.132376 0.248118 -0.823589 -0.041246 0.006659 -0.019850
1.0 0.705392 -0.151315 -0.136388 -0.043404 -0.011039 -0.003812
1.0 -0.469134 0.841465 0.730161 -0.006751 0.022481 0.009550
1.0 -0.426703 -0.033366 -0.588798 0.036926 0.040432 -0.022284
1.0 0.933807 -0.780592 -0.720277 0.036247 0.010001 -0.038338
1.0 -0.055870 0.647161 0.354686 0.001210 -0.014686 -0.019267
1.0 -0.351768 -0.116670 -0.737928 -0.030299 -0.049801 0.032571
1.0 0.695440 -0.916219 -0.030279 0.016599 -0.032083 -0.046051
1.0 -0.259574 0.710489 0.076734 -0.044639 -0.023721 -0.001590
1.0 0.704691 0.410588 0.558500 -0.015970 0.026733 -0.049277
1.0 -0.032293 0.812553 -0.665189 -0.033989 0.016553 -0.001533
1.0 0.313009 -0.905007 -0.884201 -0.034334 0.038040 -0.010903
1.0 0.373214 -0.956170 -0.465280 -0.019587 -0.000904 0.043404
1.0 -0.885404 0.717108 -0.873194 -0.013264 0.010991 -0.017314
1.0 0.474397 0.198969 0.657823 0.040752 -0.000587 -0.023534
1.0 -0.301956 -0.752381 0.606585 0.007931 -0.049709 0.032234
1.0 -0.106579 -0.283472 0.781536 -0.011614 0.043988 0.013741
1.0 -0.168173 0.877558 0.102395 -0.007837 -0.015681 -0.045376
1.0 -0.749937 0.094927 -0.932749 -0.032206 0.035583 -0.032267
1.0 -0.814518 0.416759 -0.912747 0.034031 -0.036056 0.046430
1.0 -0.244538 -0.077137 0.541750 0.019403 -0.024032 0.010757
1.0 0.834855 0.558081 -0.977438 -0.046214 0.045030 0.048033
1.0 0.912901 0.784771 0.868017 0.045190 -0.005047 -0.015364
1.0 -0.942642 -0.026269 -0.090811 0.000751 0.018816 0.029813
1.0 0.422699 0.899338 0.059733 0.031304 0.049249 -0.033296
1.0 0.650179 -0.282098 0.776535 0.008203 -0.000923 0.047393
1.0 0.163944 -0.630750 -0.477885 0.000295 0.043194 -0.018483
1.0 -0.372473 0.837670 0.777551 0.014442 0.023691 0.024400
1.0 0.354062 -0.942564 0.135993 0.025277 0.023575 -0.007053
1.0 0.730481 -0.523123 0.820485 -0.014906 -0.017103 0.049041
1.0 0.961720 0.361587 -0.748881 0.038640 0.013335 -0.041507
1.0 -0.376582 0.461899 0.017826 -0.021538 0.046560 -0.015908
1.0 0.584784 -0.323585 -0.408505 -0.001372 -0.021316 -0.038818
1.0 -0.516281 -0.672340 0.936523 0.041567 -0.008767 -0.002852
1.0 -0.497493 -0.056612 0.118689 -0.017478 0.041763 0.011821
1.0 -0.599417 0.653715 0.825916 -0.020688 -0.037162 -0.014270
1.0 -0.986343 0.997362 0.454601 0.010439 -0.026969 -0.018278
1.0 -0.554518 -0.221531 0.241185 0.007949 -0.037017 0.048617
1.0 -0.918248 -0.481276 -0.680415 0.042280 -0.016335 0.023039
1.0 0.885641 -0.457338 -0.687184 -0.006408 -0.009220 -0.009994
1.0 -0.505123 -0.880844 -0.884908 0.007224 0.040008 0.049867
1.0 -0.476051 -0.069581 0.602319 0.023313 -0.026020 -0.003674
1.0 -0.947202 0.608084 0.945824 -0.030952 -0.038815 -0.017010
1.0 -0.350845 -0.497961 -0.167672 0.017840 -0.030979 -0.038513
1.0 0.581312 0.308520 -0.092401 -0.005765 0.023489 0.021873
1.0 -0.451912 0.191921 0.344827 0.046782 -0.038657 -0.036642
1.0 -0.767180 -0.497146 -0.007936 0.020103 -0.038840 0.019095
1.0 0.428506 -0.757766 -0.289047 0.023236 0.027529 -0.008307
1.0 0.291245 0.543385 -0.283442 -0.017636 0.041960 0.015769
1.0 0.375042 -0.840671 0.980006 0.031478 0.028350 0.001859
1.0 0.640124 0.059416 -0.530365 0.015028 0.035006 0.013255
1.0 0.542807 -0.947778 -0.872648 -0.008564 0.046309 -0.016369
1.0 -0.947373 0.729753 0.024966 -0.009582 -0.028986 -0.002556
1.0 0.023927 0.981340 0.878390 0.032068 0.032467 0.015228
1.0 0.834117 0.278837 -0.163263 -0.022122 -0.009897 0.007920
1.0 -0.641461 -0.629139 0.856309 -0.045355 -0.018869 -0.034217
1.0 0.683365 -0.329463 0.865021 0.017607 -0.008228 -0.019004
1.0 -0.602040 -0.017278 0.040261 -0.040872 0.045781 -0.045533
1.0 0.456604 0.413214 -0.554412 -0.004036 -0.000715 0.008053
1.0 0.156022 -0.427890 -0.010328 -0.045485 -0.019317 0.027687
1.0 0.905472 -0.052656 0.859278 -0.039652 -0.039620 0.010811
1.0 0.895434 0.538835 -0.593542 0.007333 0.023750 -0.037430
1.0 -0.693101 0.831956 -0.742087 -0.041193 -0.019247 0.043058
1.0 0.495287 -0.525802 0.939484 -0.012028 0.005107 -0.021451
1.0 -0.601587 -0.592790 -0.996908 -0.023729 0.004643 0.027002
1.0 0.692108 -0.457649 -0.128653 0.027432 -0.049996 0.037986
1.0 0.911274 0.406747 -0.508458 0.036928 -0.035420 0.024458
1.0 0.145192 0.990266 -0.417119 0.040662 -0.047904 -0.019891
1.0 -0.088727 0.144166 0.748717 0.013663 0.032154 0.029339
1.0 0.027810 0.812514 0.131862 0.033421 -0.028734 0.046029
1.0 -0.195665 -0.932439 0.513203 0.040006 0.015587 0.044208
1.0 -0.771661 -0.674527 0.666009 0.027134 0.039791 0.002995
1.0 0.222741 -0.087285 -0.210258 0.045910 -0.015776 0.003789
1.0 -0.523203 0.129357 -0.805651 0.012203 0.032197 -0.002762
1.0 0.304932 -0.668822 -0.653850 -0.041414 0.043883 -0.013081
1.0 -0.726720 0.325885 0.227367 -0.019285 -0.047611 0.040528
1.0 -0.068453 -0.118965 0.136577 0.016164 0.007540 0.021817
1.0 0.203446 0.980009 0.069768 0.040616 -0.009052 0.013757
1.0 0.201528 0.791127 0.136896 -0.027134 -0.017718 -0.008064
1.0 -0.077500 0.591888 -0.696256 -0.011473 -0.020936 0.009095
1.0 0.584072 0.536561 0.485029 -0.001385 -0.032167 -0.039200
1.0 -0.289782 -0.567900 -0.996691 0.047381 -0.014952 -0.008247
1.0 0.921131 -0.627575 -0.222998 0.036337 -0.011553 0.020787
1.0 0.252041 -0.720108 -0.019609 -0.007402 0.040160 0.012626
1.0 0.281708 -0.179718 -0.491327 -0.027764 -0.004809 -0.016132
1.0 0.555209 -0.572906 0.287870 0.047410 -0.011598 0.028352
1.0 -0.305712 -0.927341 0.805249 0.030573 -0.014178 0.040805
1.0 0.984348 -0.421758 -0.680108 -0.043956 0.033986 0.011987
1.0 -0.098302 -0.351892 -0.758987 -0.006097 0.001222 -0.003403
1.0 -0.358795 -0.839157 -0.416353 0.003948 -0.029794 0.003558
1.0 0.785867 -0.637955 -0.355903 -0.032620 -0.006674 -0.022328
1.0 0.391211 -0.228747 0.645546 -0.001025 0.011895 0.047006
1.0 -0.184880 0.822105 0.660657 0.014870 0.007997 0.023854
1.0 0.133509 -0.044889 0.916556 0.042391 0.035284 -0.032576
1.0 -0.565009 -0.410326 -0.383806 0.028824 0.037597 -0.033286
1.0 0.704155 -0.805601 -0.933768 -0.031091 0.013840 0.019220
1.0 -0.524713 0.117506 0.946915 0.018528 -0.034124 0.042580
1.0 0.497162 0.722055 -0.389688 0.045050 -0.008593 -0.016795
1.0 -0.794005 0.927680 0.595092 -0.012010 0.016806 -0.014530
1.0 -0.746572 -0.773805 0.374106 0.028261 0.003865 0.012265
1.0 0.951769 -0.338295 -0.491541 -0.027819 0.019942 0.007066
1.0 0.808665 0.002055 -0.753062 -0.013695 -0.004480 -0.044249
1.0 -0.701983 -0.639671 -0.225057 0.009524 0.019916 -0.001419
1.0 -0.719353 -0.944237 0.569266 0.003481 -0.008737 0.007559
1.0 0.923580 0.586016 -0.325328 0.038752 -0.030791 -0.000904
1.0 -0.688977 0.485789 -0.401492 -0.014959 -0.018172 0.019942
1.0 0.011110 0.545335 -0.209496 0.015153 -0.023423 -0.043454
1.0 -0.902695 0.487313 -0.718388 0.032383 0.025926 0.040093
1.0 -0.325237 0.863101 0.138030 -0.046701 0.022311 0.030687
1.0 -0.042905 0.141701 -0.032915 0.033964 0.038398 0.029656
1.0 0.288417 -0.329950 -0.556283 -0.047810 0.030205 -0.011105
1.0 -0.463509 -0.942976 -0.336140 0.018789 -0.037923 0.034049
1.0 0.903126 -0.152856 0.600697 -0.036579 0.027643 0.023008
1.0 0.352748 0.848393 0.275890 -0.022529 -0.040845 0.024019
1.0 -0.880600 -0.728496 -0.697182 -0.005869 0.022730 -0.045464
1.0 0.925914 -0.593997 -0.257882 0.006974 -0.026371 0.022294
1.0 -0.915426 0.822027 0.603779 0.035375 -0.020551 -0.039987
1.0 -0.152166 0.380005 0.407703 -0.044372 -0.027317 -0.046263
1.0 -0.793218 -0.394631 0.014620 -0.046828 -0.009311 0.006883
1.0 -0.905497 0.898788 0.243391 -0.041384 -0.015920 0.034116
1.0 -0.928480 0.191113 -0.228373 0.017260 -0.039413 0.026452
1.0 0.987895 0.833520 0.602176 -0.018805 -0.025672 -0.013178
1.0 -0.970384 -0.427556 -0.260031 -0.005374 -0.035642 -0.026351
1.0 -0.743222 0.469097 -0.661367 0.043075 -0.032615 -0.022132
1.0 0.736140 -0.708122 0.969300 0.036423 -0.033470 -0.048747
1.0 0.054404 0.825092 -0.466547 -0.022773 -0.027953 -0.048145
1.0 0.352503 0.708158 0.580353 -0.034072 0.039804 0.046714
1.0 -0.159491 0.313822 -0.267802 0.016833 -0.031802 0.041939
1.0 0.610581 0.822751 0.028374 -0.014698 -0.034238 -0.000616
1.0 0.602984 0.834393 0.544186 0.032403 0.030617 0.012668
1.0 0.690445 0.921428 -0.399102 -0.038239 0.048227 -0.043941
1.0 0.420115 -0.488259 0.180824 0.014433 0.035861 -0.001992
1.0 0.832544 -0.857392 -0.513401 0.035927 -0.012381 -0.008339
1.0 0.553762 0.798433 0.247834 -0.022055 -0.031941 -0.002431
1.0 -0.926162 0.940588 0.091636 -0.030904 -0.011828 0.043659
1.0 0.693938 -0.552814 -0.858850 0.008417 0.039847 0.049395
1.0 -0.170838 -0.827305 -0.330411 0.009155 0.032805 0.012508
1.0 -0.362775 -0.146616 -0.488499 -0.040448 0.035282 0.029146
1.0 -0.817317 -0.402224 0.772156 -0.027424 0.048208 0.010211
1.0 0.958953 0.751881 0.297303 0.014400 0.023856 0.040803
1.0 -0.105875 0.168274 -0.609562 -0.021780 0.015384 0.029509
1.0 0.551654 0.886908 -0.773060 0.006180 -0.031140 0.028021
1.0 0.755507 0.668253 -0.305835 0.002261 -0.022506 0.010032
1.0 0.411091 0.335961 0.058285 -0.024255 -0.027907 0.010166
1.0 0.974318 0.706758 0.750005 0.008442 0.045880 -0.000984
1.0 -0.424002 -0.207860 0.190805 -0.044603 -0.037889 -0.017695
1.0 0.570195 -0.384485 0.553276 -0.031641 -0.031211 0.045353
1.0 0.643643 -0.668156 0.216663 0.002662 -0.004066 -0.045810
1.0 0.099088 -0.540187 -0.239204 0.031771 0.004181 -0.031811
1.0 0.428066 0.886155 0.701022 -0.042581 0.040085 0.025819
1.0 0.670468 0.512794 -0.024736 0.002597 -0.049165 -0.032524
1.0 -0.074158 -0.062162 -0.972562 0.029823 0.020400 -0.037565
1.0 -0.286556 -0.655605 0.720133 -0.022723 0.018038 0.030720
1.0 0.367223 -0.865528 0.486748 -0.013574 0.004391 -0.049991
1.0 0.408557 0.884009 -0.041120 -0.049177 0.008458 -0.047422
1.0 0.721570 0.740115 0.364860 -0.012826 -0.008758 -0.038676
1.0 -0.824971 -0.672848 0.321364 -0.048580 -0.014755 0.038543
1.0 -0.377755 0.700103 0.465347 -0.016123 -0.039465 -0.021924
1.0 0.588367 -0.091936 0.993420 -0.005374 -0.039192 0.027048
1.0 0.453492 -0.068724 -0.299075 -0.004123 0.028945 -0.047501
1.0 -0.292890 -0.935422 0.071006 -0.016610 0.048851 0.007446
1.0 -0.060938 -0.186903 -0.616280 -0.005738 0.020012 0.013462
1.0 0.961888 0.141320 -0.776228 -0.048541 -0.014682 -0.044084
1.0 0.143752 -0.095203 -0.994289 0.047308 0.012884 0.000439
1.0 -0.779648 -0.155438 0.896104 0.004193 0.035998 0.044766
1.0 -0.130660 0.751890 0.390661 0.028912 0.025778 -0.019244
1.0 0.463381 -0.698441 0.759228 -0.015867 -0.013106 0.020915
1.0 0.538529 0.457419 -0.372915 0.018785 -0.043401 -0.007821
1.0 -0.815257 0.064699 0.331897 0.017801 0.008866 0.048337
1.0 0.429142 -0.744354 -0.242424 0.046672 -0.009712 0.040634
1.0 -0.631695 -0.918169 0.067266 0.037258 -0.007046 -0.014859
1.0 -0.887774 0.007179 -0.459247 0.034345 -0.027441 0.010012
1.0 0.167875 -0.561524 0.765498 -0.024271 -0.027929 -0.015945
1.0 0.111344 -0.708251 0.052225 0.000579 -0.023504 0.028693
1.0 0.650087 -0.494220 0.032655 -0.015654 0.021851 -0.027525
1.0 -0.722660 0.679603 0.895681 -0.025387 -0.000983 -0.044144
1.0 -0.188192 0.570961 -0.854352 -0.023998 -0.024621 -0.018414
1.0 -0.107721 -0.080055 0.683552 0.037700 0.003871 0.044097
1.0 0.252522 0.250443 -0.384866 -0.011433 0.028145 -0.028788
1.0 0.339260 -0.792662 0.310779 -0.034049 -0.018957 -0.018259
1.0 0.458464 0.183933 0.056359 -0.015500 0.034200 -0.046367
1.0 0.192220 -0.880757 0.364564 -0.009420 -0.027650 0.031094
1.0 -0.906051 0.104371 0.833639 -0.034692 -0.030092 0.027286
1.0 0.588755 -0.284318 0.799682 -0.006927 0.004024 0.009790
1.0 -0.217087 0.079818 0.135666 -0.006693 0.030874 -0.004091
1.0 0.732565 -0.056909 -0.082784 0.029695 0.045105 -0.026321
1.0 0.594159 -0.221690 -0.659674 -0.021857 0.015554 0.016170
1.0 0.945479 0.602013 -0.745646 0.013535 0.022065 0.039845
1.0 -0.232891 -0.177805 -0.235547 0.022079 -0.040306 -0.015808
1.0 0.551260 -0.485721 -0.748387 -0.040653 0.045124 -0.000734
1.0 0.285321 -0.831964 -0.951491 -0.000529 0.006087 -0.000021
1.0 0.972675 -0.809656 0.442940 -0.001624 -0.039522 -0.001353
1.0 -0.148497 -0.807823 -0.948133 -0.014225 -0.016338 0.010832
1.0 0.987250 -0.400530 0.206321 -0.013764 -0.003808 0.016163
1.0 -0.784602 0.434398 0.129458 -0.045975 0.002639 0.049159
1.0 0.826351 -0.086789 -0.959942 -0.008613 0.039732 0.035538
1.0 -0.381277 -0.387380 0.539439 -0.019525 0.012655 0.017988
1.0 0.326774 -0.388555 -0.793072 -0.017421 -0.014144 0.008448
1.0 -0.191800 0.474240 0.526916 0.001319 -0.025467 0.000983
1.0 -0.025688 0.697337 -0.720801 0.006555 -0.047066 0.025279
1.0 -0.421609 -0.323093 -0.565359 0.020559 -0.021648 0.047080
1.0 0.307434 -0.070762 0.097771 -0.005251 0.006072 0.003077
1.0 -0.598012 0.578228 -0.542954 0.029828 -0.038749 -0.022882
1.0 0.143551 -0.631425 0.495157 0.022955 -0.008204 0.042774
1.0 0.503560 -0.125120 0.028309 0.046865 -0.022546 -0.005439
1.0 0.285862 -0.245105 -0.202326 -0.008521 -0.046193 -0.016174
1.0 0.081651 0.702272 0.639892 -0.041010 -0.031829 0.039931
1.0 0.398415 0.855668 0.655218 -0.037642 -0.034777 -0.041206
1.0 0.184804 -0.777581 0.517950 0.021378 -0.032314 0.041410
1.0 -0.793873 0.173360 -0.620083 0.049279 0.024363 0.040977
1.0 0.494855 0.839526 -0.017958 -0.036002 -0.025313 -0.024133
1.0 0.185734 0.617283 -0.393334 0.009303 0.010517 -0.012741
1.0 0.314424 -0.113110 -0.654460 0.035585 0.011934 0.037649
1.0 0.604795 0.507443 0.976786 0.010113 -0.048129 -0.043978
1.0 -0.825175 -0.444758 0.176671 0.033136 0.007231 -0.013019
1.0 -0.368803 -0.050314 -0.453478 0.037074 0.039213 -0.042607
1.0 -0.984712 -0.944264 0.335626 -0.023446 -0.045344 -0.002892
1.0 0.302915 0.192468 0.338555 0.048613 -0.026197 -0.036587
1.0 -0.724724 0.589398 -0.030805 -0.009619 -0.037405 -0.018556
1.0 0.077723 -0.295460 0.367713 0.038377 0.022127 -0.023999
1.0 0.634531 -0.149658 0.624369 -0.024219 0.029218 -0.026263
1.0 -0.378689 0.371621 -0.948616 0.026956 0.042078 -0.022467
1.0 -0.560626 -0.782976 -0.513903 -0.010378 -0.004969 -0.033581
1.0 0.589913 -0.881123 0.444443 0.015506 0.027756 -0.033880
1.0 -0.759689 -0.341653 -0.509926 0.025280 -0.013566 -0.011669
1.0 -0.354215 -0.338612 -0.688440 0.008493 0.017556 0.036643
1.0 0.416367 -0.690594 0.162430 -0.021176 0.005474 0.036589
1.0 0.077829 -0.428098 0.309380 -0.038955 0.005499 0.002405
1.0 -0.342912 -0.079596 0.671565 0.012111 0.005560 -0.033586
1.0 -0.765487 0.265043 0.402656 0.013215 -0.009309 -0.034668
1.0 -0.424291 -0.987103 0.453193 0.017642 0.003024 0.002676
1.0 0.473750 -0.912912 0.183061 -0.040986 -0.020872 -0.005208
1.0 -0.726226 -0.570752 -0.373291 -0.019529 -0.034157 0.006223
1.0 -0.020057 -0.474328 0.392666 0.049367 0.000288 0.020951
1.0 -0.670353 0.310037 0.783753 0.019128 0.049088 -0.021574
1.0 0.105569 -0.887805 -0.928245 -0.021858 -0.018974 -0.042371
1.0 -0.129983 0.160371 -0.476504 0.033557 -0.021362 -0.033303
1.0 0.936959 -0.532112 0.896618 -0.011637 0.020532 0.023935
1.0 -0.163898 -0.372597 -0.248391 -0.026252 -0.017813 0.034631
1.0 0.934910 0.829463 0.881036 0.003657 0.010517 -0.041057
1.0 0.328357 -0.811503 -0.161175 -0.019427 0.031480 -0.007117
1.0 0.078092 -0.468099 -0.174780 0.002443 -0.035943 0.036426
1.0 -0.560764 -0.074958 0.971332 -0.002046 -0.017742 0.024203
1.0 -0.835037 0.936702 0.177065 0.030337 -0.006792 -0.014636
1.0 -0.152311 -0.884423 0.249549 -0.038635 -0.003531 0.039928
1.0 -0.224145 -0.666670 0.111426 -0.013721 0.010585 -0.002276
1.0 -0.518792 0.540329 -0.376767 0.008195 0.030082 0.034519
1.0 0.677948 -0.621929 0.098852 0.030473 -0.004757 0.038324
1.0 -0.533403 -0.060087 -0.997091 -0.019661 0.031038 -0.011131
1.0 0.711603 -0.011370 -0.720989 0.041702 0.027864 -0.001809
1.0 -0.011091 0.765838 -0.595943 -0.011504 0.045452 0.032850
1.0 0.743160 -0.581160 0.169644 -0.000772 -0.027814 -0.032964
1.0 0.074913 -0.434818 -0.073492 0.038039 0.009857 0.043576
1.0 -0.949992 -0.247409 -0.454444 0.048438 0.021557 0.033343
1.0 0.856946 -0.453449 0.526111 0.024630 -0.000758 0.008922
1.0 -0.222291 -0.339769 -0.527446 -0.029868 -0.033719 0.012075
1.0 -0.392318 0.373112 -0.964184 -0.015713 -0.008521 -0.003229
1.0 0.784744 -0.890300 -0.383770 -0.036779 -0.007407 -0.041738
1.0 -0.486452 -0.357390 -0.783804 0.011102 0.034387 0.029986
1.0 0.330592 -0.203959 -0.731285 -0.003129 -0.034108 0.002208
1.0 -0.262169 -0.558147 0.643642 -0.020715 0.014272 0.045156
1.0 0.833705 0.758095 -0.618556 -0.031942 0.018130 -0.037981
1.0 0.899936 0.085214 0.692076 -0.023162 0.015346 -0.041913
1.0 -0.408135 0.675192 0.115733 -0.028208 -0.042979 0.040145
1.0 -0.911816 -0.321141 -0.441623 -0.022007 -0.006372 -0.028274
1.0 -0.053581 0.324781 -0.536584 0.034789 -0.044522 -0.027842
1.0 -0.240886 0.341252 0.915830 0.010788 0.028276 0.048363
1.0 -0.403120 -0.483159 0.645665 -0.042275 0.007714 0.005566
1.0 0.437555 -0.039484 -0.967046 0.005394 0.047986 0.006454
1.0 -0.508887 0.473108 -0.683440 -0.017180 0.014567 -0.028237
1.0 0.596677 -0.309641 0.362356 0.030631 0.015335 -0.034370
1.0 0.283109 0.097608 0.542171 -0.024627 0.007659 0.017668
1.0 0.201030 0.234023 -0.635767 0.022954 -0.018646 0.002462
1.0 0.779097 0.952072 0.986909 0.037191 0.014398 0.044579
1.0 0.015803 -0.951847 -0.270955 0.019355 0.015305 0.012087
1.0 0.667890 -0.505310 -0.741652 -0.001161 -0.031424 0.005919
1.0 -0.037078 -0.439063 -0.567843 0.019132 -0.045049 0.039747
1.0 -0.553730 0.146823 0.053125 -0.021627 0.042424 0.038706
1.0 0.327470 -0.535248 0.967031 -0.041391 -0.024000 0.043269
1.0 -0.379676 -0.131183 0.226740 -0.012380 -0.047998 0.049326
1.0 -0.116820 0.595372 -0.817786 0.018664 0.046149 0.044396
1.0 -0.688743 0.608281 0.128996 0.021166 -0.036021 0.013929
1.0 -0.287327 -0.041202 0.611410 -0.032225 -0.011520 -0.019274
1.0 -0.976721 -0.368889 0.478607 -0.043495 0.043165 0.013952
1.0 -0.930165 0.912798 -0.020370 -0.002775 0.041578 -0.024642
1.0 -0.234960 0.698827 -0.620853 -0.009944 0.023002 0.003368
1.0 -0.505856 -0.865199 0.193205 0.030924 -0.014023 -0.038578
1.0 -0.830429 -0.392763 0.442026 -0.003433 0.043801 -0.049223
1.0 0.388694 0.796543 -0.448312 -0.024727 -0.027444 0.001031
1.0 0.441322 0.928959 0.276184 0.029909 0.024318 -0.008838
1.0 0.588232 0.875466 0.955810 0.032320 0.003507 -0.008689
1.0 0.046714 -0.070101 -0.519604 0.044171 -0.020465 -0.000175
1.0 0.422238 -0.317184 0.706655 -0.028686 -0.010029 -0.025116
1.0 -0.456840 -0.913666 0.521783 0.009798 0.023183 0.034283
1.0 -0.614613 -0.446406 -0.403948 -0.035754 0.006468 -0.007425
1.0 -0.436213 0.140902 0.923998 -0.045992 0.035938 0.014901
1.0 0.896644 0.479494 0.900221 0.000673 0.027133 0.005393
1.0 0.544010 0.993687 0.938684 0.010434 0.016033 0.009840
1.0 0.561578 -0.467524 0.693102 0.014409 0.036800 -0.046873
1.0 0.134711 -0.118202 -0.245239 -0.008372 0.014874 0.003128
1.0 0.140178 -0.657582 -0.385719 0.029790 -0.015600 -0.004533
1.0 0.875223 0.798337 -0.431963 -0.024482 -0.046952 -0.016007
1.0 0.765330 -0.916828 -0.877360 0.046997 -0.027960 -0.044163
1.0 -0.532583 -0.139228 0.246448 0.010894 -0.023379 -0.045676
1.0 -0.832355 0.955885 -0.273418 -0.025760 0.035144 0.021633
1.0 0.357740 -0.612878 -0.107684 -0.039160 0.009761 -0.015997
1.0 0.475558 0.314963 0.846719 0.003756 0.023223 -0.031654
1.0 0.385170 -0.918087 -0.895171 0.016080 -0.035399 0.035201
1.0 0.562031 -0.889246 0.152428 -0.022541 0.034960 0.041635
1.0 0.030090 -0.128587 0.003952 0.013651 0.042369 -0.027550
1.0 -0.868764 -0.307760 -0.274016 -0.025667 -0.009017 -0.026575
1.0 -0.448383 -0.277561 0.061887 -0.049840 -0.032127 0.010818
1.0 0.511842 -0.885893 0.333183 -0.042878 0.035258 -0.007172
1.0 0.817218 -0.866919 -0.735240 0.005562 0.047899 -0.002996
1.0 0.003809 0.690152 0.119089 0.033511 0.026095 0.020864
1.0 0.041192 0.466746 -0.429626 -0.041873 -0.005034 -0.001485
1.0 -0.232734 -0.245669 0.848198 -0.042231 0.025493 0.035668
1.0 -0.704749 -0.349312 -0.399787 -0.042143 0.000136 -0.043451
1.0 0.266843 -0.149093 0.245583 0.011896 -0.015944 -0.030102
1.0 0.377448 0.511052 0.519532 0.007357 0.010051 0.027256
1.0 0.657245 0.375995 -0.312890 -0.035872 0.035441 0.002347
1.0 0.865225 0.100406 0.876528 0.042131 0.006611 -0.008829
1.0 -0.157725 0.848383 0.010193 -0.013210 -0.015868 0.037669
1.0 0.122001 -0.107613 -0.323467 0.007865 0.015657 0.004021
1.0 0.984749 0.284460 -0.472762 0.029470 -0.020729 -0.010848
1.0 -0.629563 0.432952 -0.649314 -0.010321 0.034395 -0.031066
1.0 0.150333 -0.202097 -0.264741 -0.035116 0.012879 0.024050
1.0 -0.965507 0.969383 -0.200218 0.028054 0.044860 0.001929
1.0 -0.436704 -0.957199 -0.976581 -0.039960 0.003412 -0.002534
1.0 -0.516001 0.503515 0.176647 -0.004171 0.013179 -0.022708
1.0 -0.961290 0.776422 0.954572 0.030380 0.004281 0.013108
1.0 0.517302 -0.583241 0.305882 0.029536 0.005982 0.012881
1.0 0.315924 -0.359670 -0.721702 0.016886 -0.036923 -0.042749
1.0 -0.569349 -0.901332 0.549246 0.003216 -0.011445 0.047343
1.0 0.946365 -0.056074 -0.217376 0.013902 0.034774 -0.025820
1.0 0.668086 -0.821523 0.259977 -0.040084 0.001657 -0.016126
1.0 0.729629 -0.287153 -0.303940 -0.015114 -0.005341 -0.012204
1.0 -0.916653 0.724601 -0.679585 -0.000040 -0.006760 -0.034549
1.0 -0.278135 0.064956 -0.832660 -0.028528 0.014135 0.034139
1.0 -0.720326 -0.309947 -0.355825 -0.040285 -0.034560 -0.034994
1.0 -0.653220 0.817227 0.109181 0.027275 0.043509 0.038809
1.0 0.137821 0.706024 0.764710 -0.026211 0.034683 -0.041447
1.0 -0.316172 -0.736091 -0.607095 0.027217 -0.000887 0.005070
1.0 0.094204 0.800139 0.712978 -0.028886 -0.031462 -0.027036
1.0 -0.748004 -0.060850 -0.495634 -0.020854 0.036094 0.040805
1.0 -0.518966 -0.647685 -0.823583 0.007596 -0.027759 0.025066
1.0 -0.984372 0.228535 0.940785 -0.007289 0.000228 -0.010359
1.0 -0.941208 0.068311 -0.774263 0.026122 0.003041 0.031872
1.0 -0.464736 -0.099675 0.538625 -0.030647 0.011201 0.035976
1.0 0.803313 0.258031 0.088508 0.001988 -0.043228 0.026651
1.0 0.378979 0.335279 0.436102 0.024528 -0.009020 -0.038787
1.0 -0.797472 0.975556 0.363891 0.049431 0.041946 -0.031511
1.0 0.411033 -0.789301 -0.813452 -0.015299 -0.036191 -0.024538
1.0 -0.097955 -0.065378 -0.059181 -0.015924 -0.001750 0.007054
1.0 -0.374068 -0.926448 0.616518 -0.048392 -0.040603 -0.009297
1.0 -0.845855 -0.849209 -0.128357 -0.044831 0.024762 0.029247
1.0 -0.497109 0.697105 0.627469 0.035103 0.045178 -0.002586
1.0 -0.487484 -0.140134 -0.883035 -0.041616 -0.006227 -0.038453
1.0 0.919093 -0.457257 -0.928228 0.025328 -0.033419 -0.010460
1.0 -0.127312 -0.100500 0.677578 -0.040989 -0.036351 0.006978
1.0 0.619164 0.704020 -0.291828 -0.006347 -0.035912 0.025681
1.0 -0.127889 0.567553 -0.850617 -0.049383 -0.027972 -0.023448
1.0 -0.815977 0.877699 0.100224 0.025417 0.002083 0.009895
1.0 -0.220089 -0.831854 0.178721 -0.021507 0.043472 0.012980
1.0 -0.807349 -0.469390 -0.491535 -0.028092 0.005923 0.030199
1.0 -0.705468 -0.054152 0.228142 -0.047453 -0.036005 -0.027089
1.0 0.154823 -0.056195 0.594488 -0.047023 0.013315 -0.006594
1.0 0.811182 0.614446 0.995747 0.019768 0.002103 0.009875
1.0 0.080658 0.243561 -0.279966 -0.013558 -0.015889 -0.005747
1.0 -0.830716 -0.265600 0.566406 0.005122 -0.008306 -0.048156
1.0 -0.720344 -0.143800 0.458739 -0.048461 -0.027690 0.031486
1.0 0.715178 0.402472 0.181106 0.039930 0.011952 0.032673
1.0 0.690702 -0.799294 -0.493240 -0.021207 0.004904 0.022217
1.0 -0.240168 0.728734 0.219161 -0.014454 0.013331 -0.043369
1.0 -0.266672 -0.951234 -0.203321 -0.037184 0.042356 0.046999
1.0 0.336623 0.643550 -0.812041 -0.037293 -0.024561 -0.034364
1.0 0.945966 -0.245158 0.311860 -0.008462 -0.034646 0.045937
1.0 0.531823 -0.032652 -0.233162 -0.047330 -0.012409 -0.021279
1.0 -0.135820 0.317250 -0.956569 0.018104 -0.040018 0.000069
1.0 0.650986 0.052627 -0.016675 -0.017905 0.036647 -0.040037
1.0 -0.279337 0.581235 0.808545 0.044164 0.027224 -0.048323
1.0 0.870938 -0.939719 -0.217407 0.015128 0.035395 -0.026795
1.0 0.818698 -0.584336 0.814023 -0.042596 -0.010403 0.002703
1.0 0.121180 -0.841280 0.951687 0.023381 0.030052 -0.011791
1.0 0.499252 -0.896240 -0.484658 -0.015155 -0.007032 -0.035756
1.0 -0.125137 0.667844 0.740951 -0.026206 -0.005401 -0.049591
1.0 0.401528 0.173500 0.003652 -0.029345 -0.002359 -0.013704
1.0 -0.961623 -0.410044 -0.763213 0.033073 -0.045020 0.007035
1.0 -0.186617 0.973214 -0.766945 -0.024899 0.049592 0.025945
1.0 0.223613 0.101998 -0.798262 -0.017861 0.000847 -0.008950
1.0 0.872590 -0.805140 0.681079 0.047758 -0.021306 -0.022316
1.0 0.328961 0.234065 0.731392 -0.010001 0.049344 -0.031371
1.0 0.186824 0.989659 -0.525958 0.027838 -0.048870 -0.001721
1.0 -0.214097 -0.744469 0.993963 -0.046505 0.036525 0.035567
1.0 -0.834272 -0.780695 -0.675029 -0.041043 0.015710 -0.028762
1.0 -0.071672 -0.113499 0.614186 0.014844 -0.002169 -0.038414
1.0 -0.175669 0.131661 0.615847 0.018369 0.049645 0.013440
1.0 -0.712417 0.903193 -0.967049 -0.049982 -0.036977 0.025847
1.0 0.277696 0.631699 0.653719 -0.039302 -0.049165 0.034590
1.0 -0.806504 0.222595 -0.248497 -0.049860 -0.025120 0.042105
1.0 0.670119 -0.784841 0.451570 0.037818 -0.011109 0.042984
1.0 -0.589321 0.714133 0.949732 -0.032201 -0.003149 -0.035608
1.0 0.879887 0.169537 -0.734832 -0.004073 -0.047421 0.011205
1.0 0.311229 -0.109469 0.125787 -0.016541 -0.010568 -0.001121
1.0 0.406372 -0.128412 0.876489 -0.030325 0.027486 0.024440
1.0 0.511148 -0.561020 0.520050 0.004618 -0.006721 0.024665
1.0 -0.648372 -0.344736 0.655409 -0.047262 0.023713 -0.029263
1.0 -0.404399 0.846544 -0.801903 0.038336 0.042845 -0.028049
1.0 0.065524 -0.233989 0.923970 0.000062 -0.038333 -0.025397
1.0 -0.885390 -0.441588 0.700313 -0.020774 -0.047537 -0.029871
1.0 0.738354 0.003150 -0.406411 0.025360 -0.000360 -0.023738
1.0 -0.669653 0.425339 -0.633530 0.036739 -0.013907 -0.036612
1.0 -0.546436 0.827158 -0.499557 0.025536 -0.005932 -0.017559
1.0 -0.132128 0.149932 0.533059 0.020040 0.024986 0.046547
1.0 -0.293488 -0.446176 -0.129615 -0.048351 -0.005708 -0.021877
1.0 -0.177135 -0.048241 0.043913 0.031943 0.033544 -0.032619
1.0 0.402502 -0.258611 0.116065 -0.019140 0.025487 -0.006512
1.0 0.512370 -0.910831 0.622649 0.008396 -0.029783 -0.012949
1.0 -0.530924 0.088127 -0.753920 -0.024724 0.020094 0.046830
1.0 0.548115 -0.248716 0.150314 -0.002767 0.019441 -0.033365
1.0 -0.751281 0.919481 0.924760 -0.011928 -0.022304 0.032588
1.0 0.620511 -0.850102 -0.083962 0.021617 0.008772 -0.028161
1.0 0.664184 -0.461955 -0.133834 -0.028659 -0.002509 0.028630
1.0 0.635694 0.269559 -0.913081 0.017515 -0.007003 0.005893
1.0 0.132217 -0.467030 0.315834 -0.003448 -0.034305 0.020879
1.0 0.153123 -0.902646 -0.102871 -0.027258 0.023882 -0.045302
1.0 -0.797683 0.470390 0.355451 -0.032815 0.035756 0.005645
1.0 -0.776466 0.442957 0.667028 -0.006434 -0.045238 0.009674
1.0 -0.279229 -0.581016 0.882583 -0.042812 0.027220 -0.011769
1.0 0.648038 0.383541 0.243179 -0.023714 0.026103 -0.023859
1.0 0.874811 -0.274115 0.320444 0.037161 0.008288 -0.044576
1.0 -0.260207 0.192581 -0.930939 0.022013 0.034380 0.030424
1.0 -0.013085 0.802867 -0.450998 -0.017861 -0.000103 0.000013
1.0 -0.762221 0.039083 -0.451260 0.017013 -0.027712 0.033233
1.0 0.156324 -0.700326 -0.691597 -0.013100 0.049810 -0.036506
1.0 0.393799 -0.721256 -0.295268 -0.031107 -0.045930 0.016416
1.0 -0.309487 0.886698 -0.999956 0.010499 0.030487 0.043686
1.0 0.343407 -0.781785 -0.737474 0.023157 0.031054 0.008814
1.0 0.737229 0.875080 0.268665 0.015289 0.016291 0.031077
1.0 0.679204 0.278225 -0.197174 -0.041553 -0.032957 -0.009993
1.0 0.875817 -0.183254 -0.389392 -0.016942 -0.002544 -0.000195
1.0 -0.719107 0.160416 -0.587058 -0.007590 -0.049646 -0.004619
1.0 -0.571046 -0.528237 0.127041 -0.047655 -0.019699 -0.035863
1.0 -0.060013 -0.315804 -0.435038 -0.047015 -0.034035 0.022788
1.0 0.509810 0.482387 -0.571007 -0.028128 0.029774 0.001963
1.0 0.501200 -0.559304 0.165763 0.006769 0.035240 -0.041658
1.0 0.387328 0.744311 -0.152453 0.047219 -0.031469 -0.014980
1.0 -0.802044 0.555493 -0.868467 0.002813 0.048786 0.044538
1.0 0.834249 -0.716364 -0.570078 -0.008803 0.045471 -0.046341
1.0 0.723282 0.637594 -0.452530 0.040656 0.010733 0.045556
1.0 -0.280951 -0.615625 0.634213 -0.024535 -0.025720 -0.043593
1.0 -0.587041 0.174338 0.929907 0.007916 -0.000156 -0.004015
1.0 0.921583 0.538784 0.516657 0.038731 -0.041526 -0.013666
1.0 -0.518305 -0.341911 0.385136 0.033149 0.001324 0.043272
1.0 0.754033 -0.372175 -0.918013 0.026712 -0.032885 -0.044427
1.0 0.990862 -0.623400 -0.518702 0.042503 0.022423 -0.024456
1.0 0.847053 0.949031 0.039934 0.017607 0.008309 0.013036
1.0 0.417848 -0.017596 -0.835949 -0.009721 -0.033123 -0.025315
1.0 -0.745372 0.445383 0.723693 0.033165 0.002565 0.034968
1.0 0.757935 -0.576436 -0.831390 0.029037 0.043955 0.006996
1.0 -0.462058 -0.644807 0.509826 -0.049625 -0.031356 -0.024817
1.0 0.843847 0.136701 -0.639747 -0.011824 -0.045619 -0.019655
1.0 0.520279 0.152938 0.722406 0.000195 0.020668 0.042616
1.0 0.028946 -0.878719 0.264069 0.045997 0.026740 0.029993
1.0 -0.421231 -0.128210 0.348023 -0.022297 -0.002299 0.011869
1.0 0.608945 0.690919 -0.415713 0.019821 0.041417 0.047723
1.0 -0.583455 -0.641378 0.021545 -0.026712 0.048209 -0.025197
1.0 -0.534919 0.467924 0.521655 0.017869 -0.014243 0.039281
1.0 0.270240 -0.836947 -0.459641 0.016038 0.043934 -0.001802
1.0 0.881287 -0.507202 0.466687 -0.049348 0.002495 -0.013644
1.0 0.154271 0.099473 0.172060 0.028004 0.015018 -0.022437
1.0 0.693304 -0.232295 0.200154 -0.039890 -0.043272 0.013976
1.0 -0.263369 -0.262663 -0.321098 -0.035745 -0.037922 0.010884
1.0 0.172072 0.330824 0.563578 -0.029132 0.025868 -0.031146
1.0 0.375190 0.430256 0.121196 0.003592 0.011548 0.038287
1.0 -0.626972 -0.144449 0.167062 -0.013494 -0.048751 -0.024262
1.0 0.225120 0.392896 -0.745793 0.030600 0.034790 0.016539
1.0 0.383315 -0.275597 -0.050339 0.011075 -0.001684 -0.043272
1.0 -0.549576 0.679043 -0.934405 -0.014430 -0.001514 -0.031261
1.0 -0.284642 -0.266308 -0.685388 -0.013739 -0.018368 -0.045448
1.0 -0.269859 -0.752769 -0.415942 0.034873 -0.044094 -0.048707
1.0 -0.157686 0.483608 0.897803 0.022765 0.048319 -0.035950
1.0 0.381504 0.896903 -0.381869 -0.041827 -0.034400 -0.037282
1.0 -0.544748 -0.599352 0.747092 -0.040140 0.012883 -0.001796
1.0 -0.614540 0.556185 0.295104 0.044303 0.049328 -0.005140
1.0 0.447728 0.464407 -0.373901 -0.029409 0.015463 -0.019012
1.0 0.352901 0.351782 0.325855 -0.028589 -0.017227 0.001182
1.0 0.460428 -0.848348 -0.815596 -0.025360 0.033155 0.011265
1.0 -0.144156 0.821948 0.823597 0.013381 0.018564 0.040200
1.0 -0.517511 -0.544347 -0.265214 0.041231 0.022332 0.003153
1.0 0.638628 0.267753 -0.941524 0.015502 0.045542 0.035357
1.0 -0.714936 -0.696960 0.378747 0.006248 -0.025270 0.035645
1.0 -0.018910 0.386760 -0.343479 -0.005476 0.000633 0.008996
1.0 0.024280 -0.834785 -0.562073 0.024572 0.020941 0.026243
1.0 -0.017779 -0.032042 -0.406057 -0.001486 -0.049762 0.005222
1.0 0.634185 0.006539 -0.620006 0.047430 -0.020148 -0.014201
1.0 -0.495639 -0.994687 -0.448930 -0.012923 -0.008565 -0.009076
1.0 -0.966781 -0.839795 -0.276513 -0.003942 -0.015446 0.019853
1.0 0.588451 -0.073357 -0.604654 0.034541 -0.037844 0.017517
1.0 0.389712 -0.650744 -0.143623 0.043556 0.038281 -0.034196
1.0 -0.101683 -0.010234 -0.878512 -0.017979 0.004414 -0.006740
1.0 0.109077 -0.810965 -0.413498 -0.002413 0.047969 -0.038271
1.0 -0.040323 0.354533 -0.184714 0.037331 0.047914 -0.032525
1.0 -0.346340 -0.088488 -0.071549 0.024541 0.012962 -0.025285
1.0 -0.459417 -0.608610 -0.193485 -0.029279 -0.020451 -0.048527
1.0 -0.842014 0.638462 0.959447 -0.008448 -0.009369 -0.022153
1.0 -0.481776 0.623142 -0.019667 0.029303 0.047042 0.044330
1.0 -0.804566 0.016831 -0.322134 -0.025438 -0.049614 0.032959
1.0 -0.370257 -0.438741 0.225213 -0.039342 0.002125 -0.046684
1.0 0.277023 -0.435788 0.327520 -0.035007 -0.044279 0.042562
1.0 0.340844 -0.153490 -0.395155 0.030008 -0.019609 0.002311
1.0 -0.389194 -0.896045 -0.115559 0.031937 0.001702 0.006360
1.0 -0.151667 -0.894889 0.623035 0.008548 -0.024611 -0.035344
1.0 -0.827227 0.908421 -0.291364 -0.005827 0.048005 -0.003087
1.0 -0.661498 0.618119 -0.031482 -0.031768 0.007200 -0.033373
1.0 0.173806 -0.811942 0.558925 -0.027598 -0.024245 -0.030788
1.0 -0.577635 0.732833 0.117318 0.031160 -0.019797 0.040027
1.0 0.567635 -0.448404 -0.926737 -0.018544 -0.044002 -0.025498
1.0 0.349978 0.168006 -0.948439 0.048784 -0.021951 0.016429
1.0 0.264105 0.007220 0.363473 -0.029181 0.034952 -0.026824
1.0 0.135064 -0.194916 0.124751 0.007933 -0.023942 -0.020018
1.0 -0.200827 0.247416 0.265943 0.018554 0.047867 0.037513
1.0 0.227567 -0.587764 -0.014725 0.000933 0.035039 0.007416
1.0 0.230763 -0.522796 0.782636 0.035056 0.046265 -0.035111
1.0 0.907296 -0.921669 -0.271898 0.049689 0.000790 0.020159
1.0 -0.650513 -0.263812 -0.558321 -0.035735 -0.019759 0.039887
1.0 0.370702 0.336571 0.386435 -0.035735 -0.037913 0.026345
1.0 0.611690 -0.873422 -0.649417 -0.046585 0.017283 0.012473
1.0 0.367942 -0.823206 0.370151 0.016390 -0.015239 -0.046558
1.0 0.211783 -0.876162 0.052590 -0.003654 0.044128 0.002442
1.0 0.803413 -0.311090 -0.567067 0.012732 -0.006447 -0.033874
1.0 -0.531933 0.428617 0.122040 0.045444 -0.017031 -0.013793
1.0 -0.770804 0.335929 0.535619 0.018993 0.049383 0.021909
1.0 0.897641 0.461618 -0.649932 0.030970 -0.043071 -0.049219
1.0 -0.544168 0.773028 0.351892 -0.007876 -0.021976 -0.012429
1.0 -0.817190 -0.208838 0.576528 0.014359 0.038030 -0.022973
1.0 -0.318307 0.385617 0.077299 0.046022 0.004578 0.004570
1.0 0.045944 -0.685821 0.980064 -0.036714 0.018349 -0.037165
1.0 -0.793469 -0.134809 0.122348 -0.035335 0.004264 -0.004258
1.0 0.689487 0.512875 0.496334 0.036351 0.013297 -0.022397
1.0 0.652476 -0.558889 0.661506 -0.036778 -0.041994 -0.041615
1.0 -0.390718 -0.483887 0.513671 -0.028746 0.030388 -0.033192
1.0 -0.470314 -0.831867 0.602634 0.035625 0.019063 0.027636
1.0 0.577724 -0.518969 0.435724 -0.048620 0.037062 -0.005355
1.0 -0.445275 -0.833885 0.201214 0.002510 0.019050 0.032483
1.0 -0.791297 -0.006614 -0.281294 0.046573 0.018716 0.037434
1.0 0.103479 -0.702011 0.742566 -0.028119 0.046510 -0.049878
1.0 -0.586558 -0.319726 -0.481165 -0.031950 -0.032219 -0.018973
1.0 0.104674 0.543350 0.185300 0.047816 0.026125 0.033189
1.0 0.554838 0.500743 -0.046373 0.041215 -0.002122 -0.011590
1.0 0.976352 -0.901295 0.407139 0.042220 -0.032289 -0.008099
1.0 0.001068 0.137176 -0.322668 0.012185 -0.013272 -0.040786
1.0 -0.984621 -0.471884 0.707580 0.014638 -0.004036 0.043791
1.0 -0.348315 0.726257 0.409021 -0.013728 -0.007028 -0.038179
1.0 -0.612136 0.578422 0.998481 0.025439 -0.031225 0.008355
1.0 -0.119331 0.330683 0.234099 -0.011976 -0.013708 0.048909
1.0 -0.658413 -0.740320 -0.720664 -0.016187 0.031968 -0.049193
1.0 0.668321 0.563387 0.058837 0.045669 0.008869 0.022578
1.0 0.527473 -0.557837 -0.191050 -0.001911 -0.031014 -0.049664
1.0 0.401529 -0.089882 0.290530 0.025156 0.020434 0.011606
1.0 -0.706204 -0.796223 0.417599 0.013246 -0.018003 0.007639
1.0 -0.862615 -0.236100 -0.971750 -0.023320 -0.004668 -0.029214
1.0 -0.182945 -0.789076 -0.408276 -0.023628 0.039693 0.002515
1.0 -0.046456 0.034792 -0.710927 -0.018050 0.029996 0.008353
1.0 -0.909971 -0.574686 0.080051 0.015076 -0.013476 0.008848
1.0 -0.629405 0.802450 -0.848078 -0.029822 -0.034786 0.011646
1.0 0.770846 0.564909 0.222322 0.020980 -0.041014 -0.026386
1.0 0.677226 -0.057949 0.277849 0.003717 -0.023764 -0.026345
1.0 -0.824772 0.477631 -0.187061 0.025093 -0.009225 0.020004
1.0 0.249113 0.112127 -0.953655 -0.032594 0.029254 -0.033200
1.0 0.267471 -0.246927 -0.199769 0.000213 -0.037537 -0.004898
1.0 0.526151 -0.062234 0.670987 -0.035172 -0.009654 0.014484
1.0 -0.721715 0.991214 -0.335379 -0.008073 -0.039889 -0.015471
1.0 0.675405 0.827095 0.074988 0.014092 0.017245 0.010531
1.0 0.878679 -0.138669 0.776049 -0.015611 -0.026617 0.011160
1.0 0.513433 0.820854 0.731238 -0.020429 0.013447 -0.036007
1.0 0.965682 0.896302 0.313732 0.038660 -0.014437 -0.044913
1.0 -0.137494 0.760622 0.378324 -0.039328 -0.001880 -0.049777
1.0 -0.643197 -0.931904 -0.926428 -0.017346 0.049341 0.028054
1.0 0.084394 0.742429 -0.603136 -0.049924 0.046926 0.000891
1.0 -0.214103 -0.179794 0.206590 0.010386 -0.011426 0.046124
1.0 -0.904475 -0.097875 0.431664 0.012331 0.024364 0.000091
1.0 0.936028 0.564838 -0.601444 0.047951 -0.017843 0.011842
1.0 -0.131586 -0.702521 0.632747 -0.033285 -0.035496 -0.044495
1.0 -0.291328 0.578338 -0.614261 -0.003227 -0.016392 0.025771
1.0 0.462569 -0.844775 0.363587 -0.017086 0.043397 -0.042859
1.0 -0.400363 0.554470 0.516449 -0.036688 0.033157 -0.014059
1.0 -0.406503 0.846594 0.109582 0.028730 -0.000797 0.020547
1.0 -0.968798 0.428947 0.973747 -0.023558 0.002606 -0.034586
1.0 0.605623 -0.017156 0.485549 0.011079 -0.004015 -0.005844
1.0 -0.197935 -0.016589 0.946905 0.008316 0.043181 0.047570
1.0 0.983028 0.255535 -0.333419 -0.041507 -0.005575 -0.025371
1.0 -0.900484 -0.407617 0.169157 -0.014658 -0.024191 0.005466
1.0 0.237486 0.166487 0.912247 -0.012552 -0.001537 0.033751
1.0 -0.953900 0.528744 0.864658 0.020415 -0.040975 0.044952
1.0 0.128899 -0.805467 -0.654513 0.038380 -0.038312 -0.041181
1.0 -0.374174 -0.987876 -0.091284 -0.033196 0.047038 -0.014762
1.0 0.900364 -0.026621 -0.247321 -0.035317 -0.002155 0.029770
1.0 -0.758649 0.819440 -0.037628 0.034703 0.025116 -0.046080
1.0 0.556802 0.681089 0.028300 -0.044403 0.001656 0.027200
1.0 -0.598465 0.994010 -0.441169 -0.000167 -0.040900 -0.023107
1.0 0.796766 -0.603453 0.067829 0.040930 -0.046817 0.019962
1.0 -0.151636 -0.774275 0.505821 0.048402 0.024670 -0.015858
1.0 -0.277510 0.124817 0.118248 0.011748 -0.005280 0.042188
1.0 0.798058 -0.777824 0.973799 0.026184 0.012258 0.018591
1.0 -0.386142 -0.101726 -0.941275 0.025233 -0.017494 -0.022570
1.0 -0.610219 0.958645 0.568624 0.002198 0.033597 -0.017584
1.0 0.672391 0.834193 0.566181 -0.006516 -0.028786 -0.049825
1.0 0.419916 0.932189 -0.611633 -0.043031 0.037781 0.020644
1.0 0.612507 0.863653 -0.401663 0.009318 0.025135 0.042940
1.0 0.982690 0.522571 0.902662 0.021407 0.047101 -0.030620
1.0 0.025498 -0.967345 0.080580 0.012067 0.013401 0.046317
1.0 0.263532 0.124380 0.325262 0.007334 0.013192 -0.038735
1.0 0.943264 -0.471785 0.474725 -0.031035 0.044116 -0.014208
1.0 -0.235071 -0.798561 0.046458 0.049079 -0.008585 -0.035169
1.0 0.947633 -0.760541 -0.994140 0.044867 0.023637 0.020123
1.0 -0.785527 -0.981692 0.318597 -0.027692 -0.047683 -0.003127
1.0 0.863256 0.052810 0.517968 -0.025364 0.030096 0.036473
1.0 0.499597 0.734460 -0.366680 -0.039609 0.016584 0.041649
1.0 -0.357695 -0.210866 0.749285 0.007190 -0.044144 -0.034627
1.0 0.709139 0.960513 -0.277137 -0.038666 -0.022761 -0.047231
1.0 0.270364 -0.957106 -0.539757 0.030160 -0.006286 0.006168
1.0 0.896406 -0.460988 0.631251 -0.038243 -0.024851 0.043079
1.0 -0.281972 0.363229 -0.161117 -0.006323 -0.049622 -0.044769
1.0 0.994665 0.824355 -0.356733 -0.013628 -0.012024 -0.032120
1.0 -0.895622 0.609217 0.341739 0.004711 -0.003447 -0.002468
1.0 0.639314 0.045089 0.308459 -0.037186 0.040456 0.038274
1.0 -0.145994 -0.112034 0.155411 -0.035234 0.045787 0.010420
1.0 -0.713987 -0.813980 -0.112536 0.048945 0.019001 -0.045896
1.0 -0.808309 0.430665 0.014682 0.000809 0.017706 0.013900
1.0 0.499052 -0.797847 -0.114519 0.020639 0.032179 0.037403
1.0 0.442994 -0.360639 0.238823 -0.018654 0.021399 -0.026561
1.0 -0.365806 -0.586667 -0.282092 -0.001002 0.016967 0.034770
1.0 -0.245359 -0.320008 0.661070 0.012399 0.023251 0.048577
1.0 -0.990852 0.913182 -0.822174 -0.021602 0.007705 0.022348
1.0 0.737616 -0.528221 0.670292 0.000268 0.015707 -0.005674
1.0 0.358071 -0.150077 -0.787858 -0.034157 -0.026427 -0.027879
1.0 0.105618 -0.426821 0.480302 -0.022383 0.035183 0.004058
1.0 -0.049652 -0.932460 0.837233 -0.020219 0.036951 -0.012416
1.0 0.602685 -0.910835 -0.132829 0.008693 -0.044023 0.017615
1.0 0.429025 0.919481 -0.124677 -0.018713 -0.016144 -0.046242
1.0 0.046788 0.248809 0.457217 -0.043685 0.035884 0.041685
1.0 -0.181572 -0.950467 0.121424 -0.034365 -0.012475 -0.002941
1.0 -0.416813 0.108461 -0.282854 -0.009987 0.002467 -0.025070
1.0 0.915566 -0.689671 -0.135687 0.001041 -0.033479 0.018311
1.0 -0.684567 -0.628034 0.138361 -0.023566 -0.040303 -0.013956
1.0 0.418653 0.806477 0.295519 0.031351 -0.027812 -0.013314
1.0 -0.739935 -0.116374 -0.177498 -0.005376 0.047984 0.043481
1.0 0.298960 -0.716796 0.032366 0.041019 -0.002923 -0.000693
1.0 -0.834259 0.267624 0.335734 -0.015601 -0.019121 -0.037210
1.0 -0.609086 0.354819 -0.911717 0.047865 0.047832 0.043512
1.0 0.768132 0.318751 -0.263264 0.020106 -0.022662 0.034100
1.0 0.245544 0.379514 0.328686 -0.020306 0.041757 -0.025970
1.0 0.103888 0.176497 -0.250095 -0.049496 -0.033376 -0.029209
1.0 0.332415 -0.515649 0.687129 0.002528 0.038784 -0.029722
1.0 0.896624 0.252308 0.482969 -0.018133 0.013535 0.009152
1.0 -0.980945 -0.833270 -0.966968 -0.008719 -0.031883 -0.022955
1.0 -0.867148 0.909568 -0.135934 0.020740 0.031372 -0.012135
1.0 -0.378234 -0.095524 -0.003834 0.013337 -0.003196 -0.027591
1.0 -0.064014 -0.723798 -0.686100 0.040268 0.015754 0.014084
1.0 0.935934 -0.228806 -0.692154 0.030252 0.004947 -0.031443
1.0 -0.776424 0.377771 0.049508 0.025469 -0.036557 0.012501
1.0 -0.209795 0.424905 -0.434271 -0.006656 0.022040 -0.031818
1.0 0.968869 0.325679 0.333284 0.004021 0.014340 -0.016840
1.0 0.841621 -0.444142 -0.089090 0.010225 0.011692 -0.042671
1.0 -0.968863 0.880311 -0.715511 0.040258 0.006043 -0.046111
1.0 0.094355 -0.549633 -0.171710 0.030477 -0.046466 -0.016587
1.0 -0.894967 -0.616665 0.901209 0.018092 0.004492 -0.007663
1.0 0.575759 -0.112735 0.098216 -0.032376 -0.019961 -0.031919
1.0 -0.070275 0.148704 0.035381 0.048976 0.009316 0.045588
1.0 0.702930 0.560205 0.343266 -0.021718 0.043748 -0.049480
1.0 -0.152332 0.033519 0.287576 0.012167 0.028276 -0.015339
1.0 0.695460 -0.556619 0.600382 0.001612 -0.045840 0.031911
1.0 -0.916989 -0.581624 -0.921609 0.001000 0.042570 -0.007364
1.0 0.631083 -0.087849 0.059239 0.024551 -0.033658 -0.030179
1.0 -0.128690 -0.624922 0.765059 0.037320 -0.021445 0.015917
1.0 -0.653368 -0.842777 0.080446 -0.033453 -0.004705 -0.048352
1.0 0.860921 0.949039 -0.689785 -0.006200 0.046395 -0.033007
1.0 0.626977 -0.108782 -0.160066 0.015410 0.049158 0.033191
1.0 0.268221 -0.157762 0.807802 -0.036691 0.030635 -0.019238
1.0 0.775749 0.676829 0.324924 -0.020938 0.006000 0.015452
1.0 0.593431 0.077656 -0.986093 0.030951 0.036326 0.035133
1.0 -0.962942 0.688517 0.988059 0.015292 0.014791 -0.023119
1.0 0.994968 0.529772 -0.965646 0.037684 0.048928 -0.004567
1.0 -0.470293 -0.151975 0.979242 0.025609 -0.015582 -0.040149
1.0 -0.303999 0.825711 -0.142536 0.024860 -0.047817 0.014105
1.0 -0.914506 -0.081503 -0.449145 -0.002182 0.035971 -0.044060
1.0 0.603910 -0.041166 -0.117893 -0.004630 -0.005178 0.005317
1.0 -0.674532 -0.301806 0.764864 -0.032726 -0.010311 -0.038499
1.0 0.275324 0.552138 0.487773 -0.026424 -0.018652 0.003289
1.0 -0.126550 -0.178921 0.095384 0.032557 -0.033837 0.039745
1.0 -0.506164 -0.289427 -0.002373 -0.011326 -0.011363 0.034926
1.0 0.211957 0.496039 -0.471121 0.038540 0.046319 -0.007735
1.0 0.929630 0.051465 -0.987358 0.017825 -0.047706 0.047144
1.0 0.925255 -0.038295 0.766495 -0.014522 -0.005219 0.029366
1.0 -0.470794 0.162345 0.706293 -0.015393 0.027180 -0.040955
1.0 -0.942343 0.781983 0.124715 -0.045687 0.011124 0.030311
1.0 0.497466 -0.143844 0.830232 0.005522 -0.037245 -0.019877
1.0 -0.076613 -0.122423 0.937850 0.012597 -0.012903 0.007591
1.0 0.007570 -0.446075 0.330829 -0.048569 -0.039016 -0.038185
1.0 -0.208665 -0.200868 -0.142149 -0.000202 0.015424 -0.013296
1.0 -0.895963 -0.924948 0.955024 -0.007481 0.011376 0.041005
1.0 0.556356 -0.469483 0.860447 -0.022192 -0.041241 0.007840
1.0 0.652572 -0.415134 0.009213 -0.012052 -0.027415 0.015524
1.0 0.790353 0.672813 -0.534639 -0.049041 0.016106 -0.006278
1.0 0.616181 0.741553 0.829403 0.041470 0.035234 0.024918
1.0 -0.788887 0.556936 -0.495306 0.033257 -0.035262 -0.015551
1.0 0.637072 -0.251455 -0.084098 0.032636 -0.005846 0.047086
1.0 0.094089 0.885289 0.883472 0.009239 0.013624 -0.015623
1.0 0.413871 0.898738 0.792664 -0.012416 0.018953 -0.018741
1.0 0.679089 -0.864821 0.734979 -0.002960 0.038455 0.038355
1.0 0.773364 0.485466 -0.655767 0.035078 0.019317 0.022615
1.0 0.064731 -0.925839 -0.952947 0.013614 0.021206 0.042045
1.0 -0.368294 0.910209 0.294823 0.017284 0.027682 -0.005385
1.0 0.000597 0.218339 -0.062407 0.003258 -0.025401 0.014608
1.0 0.580981 -0.284696 -0.003030 0.012032 0.017572 0.010902
1.0 0.070616 0.627343 -0.379608 -0.035215 -0.032661 0.007043
1.0 0.954306 0.019157 0.432919 0.007827 0.009911 0.020645
1.0 -0.938336 0.869043 0.032328 -0.013904 -0.028239 -0.036984
1.0 -0.688028 -0.284250 -0.739445 -0.037159 0.033920 -0.003071
1.0 -0.157844 -0.309276 -0.319610 -0.015326 -0.043207 -0.023740
1.0 0.061571 -0.027563 -0.598581 0.041032 0.000552 0.041276
1.0 -0.571323 0.640644 0.319277 -0.000767 -0.017049 0.003043
1.0 0.717108 0.527085 0.903882 0.042015 0.045434 0.004245
1.0 -0.924244 0.464765 -0.985440 -0.040754 -0.014551 0.041189
1.0 -0.430134 0.647025 0.928877 0.015384 0.017316 -0.002108
1.0 0.828079 0.655607 -0.130905 -0.027383 0.049667 0.015420
1.0 0.092986 -0.336776 -0.746427 -0.031320 -0.007418 0.045667
1.0 -0.035704 -0.597579 -0.552655 -0.002446 -0.011957 -0.030402
1.0 -0.451685 0.698298 -0.281641 0.021773 -0.039367 0.046857
1.0 0.733930 -0.215418 -0.884349 -0.023863 0.025477 0.022930
1.0 0.109920 -0.567545 -0.757267 -0.002052 0.017070 -0.009585
1.0 -0.162542 -0.935725 -0.697653 -0.023213 -0.014786 0.040312
1.0 -0.532842 -0.683305 0.928044 0.024846 0.012114 -0.009873
1.0 -0.441879 0.289662 -0.287285 0.016105 0.018403 0.020375
1.0 0.724358 -0.120602 0.827433 0.045946 -0.019072 0.011251
1.0 -0.125247 0.262459 -0.590535 0.049966 0.042527 -0.033010
1.0 -0.263939 0.610992 -0.543234 0.018219 0.028227 0.003042
1.0 0.935405 0.143482 -0.558888 0.026002 0.045000 0.028199
1.0 0.448409 0.067054 -0.223372 0.045743 0.024320 0.000262
1.0 -0.994472 0.314558 -0.904380 -0.006961 0.039033 0.037604
1.0 -0.899846 -0.719744 0.126250 -0.012386 -0.037742 0.033392
1.0 -0.361608 0.524073 0.440671 -0.024997 -0.023335 -0.047016
1.0 -0.423555 -0.620872 0.703456 -0.026230 -0.035535 0.025353
1.0 -0.415987 0.676913 -0.895590 0.007078 0.006497 0.010187
1.0 0.107018 -0.998732 0.236873 -0.027999 -0.025552 -0.040857
1.0 0.170469 0.603772 0.341993 0.034386 -0.015538 -0.043982
1.0 -0.925822 0.614370 -0.177072 -0.008031 0.026254 0.041559
1.0 0.609704 -0.607543 -0.168676 0.022828 -0.040345 0.004387
1.0 -0.616182 0.943575 0.775150 -0.042247 0.023754 -0.022490
1.0 0.591975 -0.388453 -0.876570 0.039190 0.018169 -0.035092
1.0 0.729837 0.031645 -0.757720 -0.023137 -0.008939 -0.045281
1.0 0.891305 -0.525035 -0.587243 0.033053 0.013227 -0.005546
1.0 -0.516863 -0.882386 -0.191552 -0.006954 0.036812 0.010572
1.0 -0.709250 -0.524965 -0.987003 -0.040669 -0.003293 0.005174
1.0 -0.671207 0.102181 -0.544750 -0.012799 0.006688 -0.009034
1.0 -0.735593 -0.672396 -0.389276 -0.036957 0.024886 -0.021649
1.0 0.697758 0.617228 -0.709120 0.041941 -0.017372 -0.007088
1.0 -0.370913 0.642557 0.183225 0.048019 0.036363 -0.038902
1.0 0.101969 -0.442715 0.425511 -0.016805 -0.001063 0.037013
1.0 -0.220265 0.458818 0.764664 0.029830 0.027507 -0.040871
1.0 0.909195 -0.260125 0.761874 -0.017763 0.020541 0.021535
1.0 0.857554 -0.885861 0.709061 0.010359 -0.048557 -0.018087
1.0 -0.744098 -0.206308 0.278236 -0.034740 0.013472 -0.047717
1.0 0.185454 0.078190 -0.131472 -0.004601 -0.020724 -0.017353
1.0 -0.146144 -0.662764 0.334720 0.010151 0.008053 0.043241
1.0 -0.151977 0.979800 -0.095013 -0.030471 -0.035223 -0.045359
1.0 0.222403 -0.890405 0.157080 -0.026051 0.011736 0.018117
1.0 0.544138 -0.343406 -0.327960 -0.048444 0.034244 -0.047558
1.0 -0.626252 0.706436 0.325213 0.036022 0.009632 -0.031904
1.0 -0.460044 0.100364 0.622170 0.032215 0.003621 -0.028237
1.0 0.932841 0.793893 0.814687 0.044575 -0.012139 0.008784
1.0 -0.040224 -0.256007 -0.165618 0.041441 0.003678 0.000337
1.0 -0.519381 0.265229 -0.372560 -0.047428 -0.011521 -0.017275
1.0 -0.093014 -0.400374 -0.014562 -0.039479 -0.023384 -0.042579
1.0 -0.096593 -0.740597 0.553626 0.003174 0.004530 -0.042635
1.0 -0.654602 0.914175 0.726746 0.002711 -0.020077 -0.011289
1.0 0.539754 -0.886179 0.456076 0.019586 0.029408 0.003369
1.0 -0.758038 -0.659529 -0.530351 -0.007752 0.022874 0.027523
1.0 -0.084769 0.824325 -0.791398 0.005980 -0.039030 0.038380
1.0 -0.351813 -0.770255 -0.866291 -0.012317 -0.018154 0.007640
1.0 0.637693 -0.066166 0.145125 -0.047609 -0.019223 0.027969
1.0 -0.113352 -0.791681 0.459861 -0.017726 0.024496 -0.002617
1.0 -0.553289 0.823261 0.255455 0.033315 0.039568 0.025263
1.0 0.206291 -0.313369 0.340893 0.026959 -0.012192 0.011552
1.0 0.452495 0.100255 0.162168 -0.018085 0.025906 -0.018420
1.0 0.598922 -0.802170 -0.107686 -0.006211 -0.022989 0.025029
1.0 -0.787878 0.985395 -0.155751 -0.025493 -0.013221 -0.006391
1.0 -0.759882 -0.307643 -0.015320 -0.005639 -0.034232 -0.041527
1.0 -0.230790 -0.975552 0.128482 0.002452 0.003430 0.025525
1.0 0.057650 0.484385 0.555877 0.046286 -0.009999 0.001095
1.0 -0.059702 0.570158 -0.455351 0.030392 -0.008745 -0.028461
1.0 -0.120486 -0.679398 -0.495371 -0.013827 0.037431 -0.034443
1.0 -0.241107 -0.655633 0.335210 0.024171 0.031038 -0.013737
1.0 -0.605396 -0.476066 0.328795 0.000583 -0.001065 -0.012375
1.0 -0.312287 -0.468563 -0.814928 0.049236 0.023335 -0.048921
1.0 -0.673099 -0.033873 0.819226 -0.026361 -0.047061 0.043097
1.0 0.032734 0.171650 0.691089 0.032759 -0.031943 0.019377
1.0 -0.743493 -0.714013 0.456957 0.040980 0.030297 -0.007880
1.0 -0.985013 -0.691192 -0.801882 -0.049727 -0.008076 -0.031541
1.0 -0.788002 0.140380 -0.105821 -0.033297 0.022913 -0.025968
1.0 -0.554691 0.298062 0.611482 0.000200 -0.018926 0.049298
1.0 -0.712508 -0.358302 0.572187 0.041304 0.013804 0.022711
1.0 0.742583 0.187414 0.148877 -0.040137 0.043448 -0.020377
1.0 0.978057 -0.690358 0.634196 0.022349 0.035404 -0.030690
1.0 -0.933396 0.273924 -0.960852 -0.009396 0.000538 -0.001436
1.0 0.632053 0.613306 0.607487 0.015445 -0.034912 0.030706
1.0 -0.229929 -0.142409 -0.145108 -0.025415 0.039451 0.049494
1.0 0.830028 -0.910268 0.386669 0.046693 -0.026636 0.009808
1.0 0.857492 0.752168 0.137065 -0.041877 -0.038092 -0.015306
1.0 0.994970 -0.072283 0.016062 -0.001583 0.007501 0.002535
1.0 0.675637 0.287958 -0.199269 -0.033691 -0.049090 -0.023292
1.0 -0.132893 -0.651780 -0.725880 0.048589 -0.017823 -0.026249
1.0 -0.499817 0.570153 -0.386008 0.028007 -0.024387 0.021256
1.0 -0.073090 0.171598 -0.137933 -0.008776 0.027999 0.039770
1.0 0.709067 0.252152 -0.116085 -0.029961 0.038627 0.023517
1.0 0.407704 0.268811 0.352248 -0.019141 0.022607 0.011018
1.0 -0.961803 -0.958248 0.858060 0.000303 0.002423 0.016753
1.0 0.242670 0.452953 0.995269 0.003875 -0.010456 0.015685
1.0 0.521762 0.645739 0.544559 0.016593 0.027685 0.048606
1.0 -0.344741 0.261770 -0.123855 0.045097 0.040632 -0.011647
1.0 -0.937353 -0.634962 0.818052 -0.022258 0.045338 0.026806
1.0 -0.559420 0.154864 0.313399 0.004506 0.011143 0.008254
1.0 -0.012863 -0.818767 -0.786521 0.016755 -0.001483 -0.048189
1.0 0.787464 -0.951261 -0.661670 -0.006245 -0.031960 0.001694
1.0 0.641023 -0.536775 0.115400 -0.033049 0.014031 -0.035898
1.0 -0.807121 0.069019 0.796123 0.023072 0.049284 0.012538
1.0 -0.550204 0.264018 -0.379469 -0.032924 0.038718 0.023025
1.0 -0.437006 0.538228 0.502586 -0.026289 -0.035619 -0.027023
1.0 -0.822930 -0.964711 -0.814004 0.002338 -0.001452 0.001088
1.0 -0.269515 0.982129 0.560324 -0.036779 0.002301 0.034036
1.0 -0.496624 0.021756 0.568154 0.034385 0.038964 -0.032496
1.0 -0.083721 0.498515 -0.597203 -0.000805 0.037748 0.010364
1.0 -0.498774 0.337000 0.044037 0.033709 0.014107 0.014329
1.0 -0.813430 0.386217 -0.033010 -0.045169 0.014931 -0.040175
1.0 -0.498681 0.593413 0.362224 -0.003330 0.047992 0.018350
1.0 0.518442 0.088356 0.431399 0.021522 -0.013563 -0.040461
1.0 0.255569 -0.833192 0.300829 0.014796 -0.024543 0.002906
1.0 -0.734193 0.724895 -0.236829 0.049208 -0.002991 -0.036159
1.0 -0.817852 0.353098 0.079547 0.036674 0.032101 -0.016704
1.0 0.647357 0.855574 -0.173340 0.019391 -0.005700 0.012575
1.0 -0.634752 0.800314 0.298053 -0.039328 0.028939 0.037230
1.0 0.489063 0.834137 0.823242 -0.009190 -0.012293 0.027606
1.0 0.108297 -0.630632 -0.378036 0.036769 0.002548 0.023715
1.0 -0.674050 -0.911779 0.906047 0.014830 -0.001394 -0.036592
1.0 -0.877996 0.061244 -0.248257 -0.039626 0.027209 0.028213
1.0 0.356243 -0.623832 0.662371 -0.027504 0.008844 -0.009972
1.0 0.394282 0.188078 -0.578210 0.049229 0.045903 0.048903
1.0 -0.908801 0.467561 0.060047 -0.017388 0.045096 0.047667
1.0 0.943809 -0.429429 -0.167075 0.024783 0.017686 -0.047848
1.0 0.193065 0.190009 -0.192850 0.018167 -0.001804 0.004685
1.0 0.340400 -0.444550 -0.889822 -0.017691 -0.022418 -0.008764
1.0 0.156516 0.018302 -0.299114 -0.014425 -0.000015 -0.027014
1.0 0.666665 -0.565658 0.387040 -0.023687 -0.048818 0.004489
1.0 -0.932965 0.919375 0.168818 -0.033685 -0.036255 -0.032150
1.0 -0.865633 -0.391858 0.167126 0.001574 -0.045632 -0.032007
1.0 -0.907956 -0.535421 0.364375 -0.021548 0.022448 0.024424
1.0 0.065368 0.581973 -0.156792 -0.027913 0.003684 -0.022498
1.0 0.972872 0.418284 -0.179678 0.017759 0.018818 -0.046493
1.0 -0.091330 -0.905046 0.290283 -0.001250 -0.032737 0.007479
1.0 -0.399617 0.025877 -0.434074 0.011130 -0.043306 0.003555
1.0 0.047472 0.262523 -0.960524 0.039844 0.040870 0.008270
1.0 -0.159100 -0.660942 -0.953605 0.014578 0.036820 -0.018742
1.0 -0.600907 0.783429 0.167909 -0.036440 0.013844 0.011007
1.0 -0.601950 0.617387 -0.749700 -0.046627 -0.041811 -0.042629
1.0 -0.166248 -0.387046 -0.009263 0.029179 0.013799 -0.000088
1.0 0.875433 -0.496112 -0.912381 0.001210 0.027412 0.027049
1.0 0.397989 -0.083208 -0.186547 -0.049741 -0.035203 0.035469
1.0 0.951765 -0.596199 -0.631977 -0.023137 -0.046917 0.046138
1.0 -0.051623 -0.430491 -0.890581 0.048900 0.045275 0.028532
1.0 0.987071 -0.168545 -0.453231 0.047680 0.004267 -0.022996
1.0 0.740495 0.555112 0.938744 0.029948 0.026410 -0.046004
1.0 0.982188 -0.339163 0.734293 0.044422 -0.037355 0.001506
1.0 0.228347 -0.106680 0.038643 0.032236 0.018561 -0.003712
1.0 0.162024 -0.251933 0.942734 -0.012214 -0.019701 0.041489
1.0 -0.452950 0.472738 -0.236403 -0.015976 -0.045886 0.006339
1.0 0.503832 -0.066893 0.989680 -0.045227 0.034899 0.046653
1.0 -0.901057 -0.778029 0.725897 -0.027774 -0.041073 -0.030409
1.0 0.647362 -0.677121 0.746082 0.031991 0.029945 0.013932
1.0 -0.788291 0.143579 0.396596 -0.041735 0.000281 0.036439
1.0 -0.634047 0.128082 -0.238126 0.031185 0.005914 -0.006648
1.0 0.360738 0.444397 -0.855274 0.007278 0.024397 -0.011465
1.0 -0.316234 0.375133 -0.747064 0.019111 0.004745 0.031729
1.0 -0.849557 -0.437863 -0.119286 0.010825 0.035605 0.032378
1.0 0.123908 -0.344630 0.560099 0.007572 0.046411 0.005725
1.0 -0.655838 0.961299 0.897176 -0.008666 -0.013149 -0.007481
1.0 0.894961 -0.279816 0.001762 -0.020369 0.026632 0.020818
1.0 -0.900533 -0.165828 -0.673228 -0.029734 -0.034332 0.029331
1.0 0.980332 0.903323 -0.680219 -0.002302 -0.043243 0.022181
1.0 -0.386264 0.431758 0.794541 0.037734 -0.039468 0.032495
1.0 -0.106932 -0.962191 -0.201326 -0.022252 -0.032969 0.037258
1.0 -0.334692 -0.767566 -0.149585 -0.011173 0.043326 -0.007778
1.0 -0.119113 -0.153629 0.182059 -0.032717 -0.009344 0.012394
1.0 -0.025405 -0.946959 0.237816 0.007306 0.040704 0.017841
1.0 0.850895 -0.721982 -0.336404 -0.043369 -0.041556 0.046937
1.0 -0.122695 0.493397 -0.474838 -0.003564 0.027977 -0.031713
1.0 0.779130 -0.372493 0.854450 0.033644 -0.020242 0.025878
1.0 0.336754 0.423672 -0.011048 0.044841 0.016338 0.016114
1.0 -0.976553 -0.902912 0.724346 0.039980 0.018577 0.036889
1.0 -0.754534 -0.534271 0.164929 0.007340 0.037147 0.048282
1.0 0.072957 0.701911 -0.853297 0.022628 0.045924 0.021627
1.0 0.030604 -0.345006 0.802699 0.030900 -0.013395 -0.025801
1.0 -0.982120 -0.812898 -0.251213 0.026461 0.007051 0.038634
1.0 0.867193 -0.298308 -0.844556 0.041588 0.031847 -0.013723
1.0 -0.281958 -0.961316 -0.399614 -0.036382 -0.017121 -0.044343
1.0 0.018758 0.233011 0.048041 -0.027203 -0.018002 0.045059
1.0 0.855958 -0.890851 0.559116 0.031625 0.003359 -0.025816
1.0 0.436281 -0.719233 -0.558373 0.000369 0.037685 -0.022269
1.0 0.131257 -0.965140 -0.840654 0.019955 0.019810 -0.048601
1.0 0.971805 -0.405201 0.853103 -0.031389 0.003294 0.025116
1.0 0.335191 0.969316 0.042026 0.032099 -0.038910 0.027241
1.0 0.003228 -0.137798 0.773001 0.041689 -0.046583 0.034695
1.0 -0.469224 0.329806 0.215575 0.017244 -0.020237 -0.034324
1.0 -0.751233 0.391295 0.220869 -0.028771 -0.028290 -0.049557
1.0 -0.655440 0.688478 -0.148096 -0.042032 -0.012236 -0.009325
1.0 0.921174 0.151830 0.699783 -0.049770 -0.023284 -0.043732
1.0 -0.368406 0.535966 0.606878 0.027386 -0.031915 -0.001869
1.0 -0.850462 -0.273863 -0.827758 -0.029700 0.001675 -0.027138
1.0 -0.365954 -0.729864 0.663888 0.039249 0.010268 0.002274
1.0 0.893728 -0.033100 -0.558563 0.031867 0.032598 -0.017340
1.0 -0.394404 0.610560 0.179167 0.009148 -0.019757 -0.005120
1.0 0.349670 0.169935 0.570072 0.006636 -0.039294 0.042329
1.0 -0.178507 -0.942916 0.929950 -0.043545 0.018752 0.003194
1.0 -0.229840 -0.737775 0.847070 0.037906 -0.001123 0.019046
1.0 0.268061 0.933099 -0.340063 -0.010960 0.033343 0.045654
1.0 0.818990 -0.540031 -0.175075 -0.022077 -0.018191 0.049709
1.0 0.066954 0.236325 0.289481 0.002844 0.005538 0.004380
1.0 -0.241988 -0.942653 0.290277 0.001207 0.018291 -0.016342
1.0 -0.281137 -0.171915 -0.538913 -0.016902 -0.011384 -0.049404
1.0 0.410420 -0.498712 0.740618 0.008947 0.041567 -0.023620
1.0 -0.107135 0.651076 -0.075223 -0.018165 -0.027524 -0.026793
1.0 -0.378865 -0.347400 0.608304 0.030276 0.011814 -0.041667
1.0 0.445512 0.603987 -0.580743 -0.044245 0.048957 0.030496
1.0 -0.070709 -0.261549 0.223300 -0.042281 -0.046604 -0.017052
1.0 0.622735 0.997642 -0.983461 -0.041124 0.023703 -0.001628
1.0 -0.564463 0.497736 0.198869 -0.043475 0.030495 -0.001259
1.0 0.445263 0.375627 0.994994 -0.014955 -0.034081 -0.048460
1.0 -0.703548 -0.094036 0.234984 0.019818 0.042210 0.015246
1.0 -0.896999 0.524156 0.339096 0.002546 -0.015635 -0.035435
1.0 -0.291719 0.648922 0.777845 -0.021363 0.005387 -0.000752
1.0 0.329438 -0.293818 0.045982 -0.043433 -0.010489 0.049061
1.0 -0.203881 -0.987732 0.452202 0.047830 -0.002414 0.030016
1.0 0.760481 0.882626 -0.366027 0.028538 -0.004898 -0.025350
1.0 0.296471 0.786136 -0.306669 0.018999 0.024045 -0.033165
1.0 -0.605947 -0.519669 0.456779 -0.021070 -0.013429 0.003313
1.0 0.349333 -0.698218 0.821742 -0.026898 -0.002466 -0.029711
1.0 -0.265968 0.238706 0.415256 0.034245 -0.012779 -0.000969
1.0 0.483976 -0.173836 -0.996504 -0.014343 -0.042049 -0.008896
1.0 -0.761227 0.497355 -0.056570 -0.041501 0.006511 -0.017278
1.0 0.971412 0.994107 0.335668 -0.038097 0.026621 -0.031900
1.0 -0.952165 -0.367867 -0.636848 -0.014175 0.026821 0.033104
1.0 -0.458170 0.523482 0.541154 0.043198 0.010126 0.042750
1.0 -0.630313 0.163864 0.483347 -0.032746 0.000848 -0.040882
1.0 0.836814 0.105900 0.711474 -0.028772 -0.001621 0.016869
1.0 -0.927483 -0.663303 -0.060549 0.013490 0.028890 -0.007322
1.0 -0.370766 -0.845625 0.648162 -0.025451 -0.014768 -0.022451
1.0 -0.098726 0.495428 -0.021468 -0.033803 0.008498 -0.042212
1.0 0.565271 0.737866 0.734634 0.041320 -0.034071 0.005631
1.0 -0.450722 -0.108109 -0.672792 0.037562 0.033633 -0.012728
1.0 0.513161 -0.850505 -0.542492 0.017016 0.013562 -0.000129
1.0 0.915748 0.282041 0.573845 0.043989 0.007488 0.017238
1.0 -0.827413 -0.481958 -0.319575 -0.013320 0.048764 0.006071
1.0 0.927722 -0.998715 -0.039404 -0.049746 0.021006 0.021727
1.0 0.325309 -0.703488 -0.927105 0.037273 0.047235 0.021643
1.0 -0.875064 -0.145896 -0.310634 0.048168 -0.009047 0.006846
1.0 -0.524546 0.831710 -0.749691 0.015219 -0.030353 0.031657
1.0 -0.058122 -0.967087 0.910590 0.003068 -0.049195 0.035696
1.0 0.571572 -0.135300 0.983551 0.028793 0.019165 -0.014843
1.0 -0.035915 0.873903 0.486800 -0.044858 0.046287 -0.026569
1.0 -0.634943 0.110371 0.488599 0.007025 0.038687 -0.000586
1.0 -0.732771 -0.430749 -0.731314 -0.040899 -0.045479 -0.011459
1.0 -0.125112 0.361390 0.715615 -0.014644 0.016329 -0.031008
1.0 0.193668 -0.020563 -0.838252 0.030134 -0.037872 0.033608
1.0 0.761115 0.394870 -0.429071 -0.034060 0.013270 -0.011499
1.0 -0.656673 0.878236 0.905206 0.003122 0.012264 -0.015740
1.0 0.335186 0.612330 -0.411861 0.002335 0.005953 -0.006398
1.0 0.757578 -0.477715 -0.101797 0.002657 -0.021635 -0.027625
1.0 -0.117572 0.731697 -0.650893 -0.005408 0.027959 0.040181
1.0 0.732725 0.149905 -0.309502 -0.041598 0.037130 0.032344
1.0 -0.610145 0.097591 -0.031620 0.033897 -0.030613 -0.036725
1.0 0.064192 0.517436 0.447299 0.020448 -0.022045 0.024857
1.0 -0.765007 0.635930 -0.328499 -0.026804 0.028879 0.001797
1.0 0.190478 -0.637071 -0.220192 0.039271 0.031422 -0.036814
1.0 0.276528 0.408552 0.040030 0.003517 -0.049130 -0.001901
1.0 0.660678 0.274119 0.431058 -0.026705 0.033110 0.027578
1.0 0.301715 -0.460417 -0.062831 0.049704 0.025664 0.005845
1.0 0.733040 -0.304114 0.047850 0.011654 -0.023660 0.027204
1.0 0.470259 0.148002 0.883041 -0.026098 -0.035474 0.003140
1.0 0.217577 0.215736 -0.285198 -0.037532 0.018658 -0.012809
1.0 0.417947 0.789632 -0.468221 0.043135 0.007359 -0.015470
1.0 0.305663 -0.356191 -0.594026 -0.007917 -0.035527 -0.027167
1.0 -0.405440 0.529281 0.296289 -0.031732 0.031866 -0.043106
1.0 -0.944360 0.699469 -0.625903 0.012988 0.044500 -0.006592
1.0 0.432404 -0.908289 0.517329 -0.010498 -0.045607 0.014319
1.0 0.896097 0.261774 0.613247 0.035515 -0.029678 -0.004631
1.0 -0.783454 -0.871914 -0.285381 0.030420 0.003608 0.015980
1.0 -0.220854 -0.959240 0.290914 -0.046741 0.016674 0.008781
1.0 -0.557756 0.779225 0.358865 -0.017528 -0.002072 -0.042372
1.0 0.340488 -0.223236 -0.984500 0.017382 0.020030 0.040499
1.0 -0.837346 0.299462 0.023545 -0.049494 -0.039125 -0.003660
1.0 0.266857 0.826227 0.758031 0.035836 -0.045356 0.021456
1.0 -0.412173 0.094120 0.851192 -0.046923 0.034974 -0.038041
1.0 -0.763000 -0.736833 0.316007 -0.042153 -0.041788 0.010539
1.0 -0.783721 -0.961897 -0.275912 0.040401 -0.016310 -0.036872
1.0 -0.388492 0.631918 -0.647894 0.048706 0.027413 -0.019166
1.0 0.020116 0.205006 0.939378 0.045910 -0.020432 0.045645
1.0 0.944150 -0.822500 0.154971 0.017746 0.017888 -0.048982
1.0 -0.433113 -0.948434 -0.886814 0.001191 0.003514 0.041907
1.0 0.152374 0.996826 -0.580323 -0.030313 -0.012485 -0.013530
1.0 0.562241 0.601114 0.232098 -0.049966 0.044395 0.030021
1.0 -0.092771 0.166949 0.015325 0.036003 0.030528 0.021169
1.0 0.303545 -0.045863 -0.562283 0.019632 0.037792 0.022011
1.0 -0.421947 -0.799358 -0.325139 -0.031595 -0.018373 0.037954
1.0 -0.062403 0.582742 -0.918069 -0.021161 -0.041926 0.045189
1.0 -0.576131 0.506504 -0.059006 0.007569 -0.030337 -0.015617
1.0 0.361285 -0.873018 -0.268472 -0.004298 -0.040692 -0.020887
1.0 0.051026 -0.076392 0.202551 -0.002389 -0.004563 -0.046301
1.0 -0.166593 -0.872663 -0.933494 -0.018941 0.049575 -0.034175
1.0 -0.119523 -0.295129 0.241523 -0.021842 -0.013981 0.017688
1.0 -0.689444 -0.255619 0.144364 -0.036540 0.011152 0.018067
1.0 -0.310857 0.777902 -0.041203 0.034949 0.000288 0.027705
1.0 -0.427985 -0.264372 -0.546268 0.024078 0.037699 -0.028822
1.0 -0.686032 -0.536443 -0.018924 0.002700 -0.021565 0.013108
1.0 -0.734351 0.010017 0.006921 0.022754 0.000052 0.046800
1.0 -0.769990 0.494547 -0.174316 0.015673 0.018573 0.017445
1.0 0.995276 -0.953741 0.108290 -0.019941 -0.007427 -0.042786
1.0 0.791399 0.488391 0.795803 0.002645 -0.012750 0.006661
1.0 0.279557 -0.186861 0.668209 -0.027689 -0.016092 -0.037100
1.0 0.787699 0.694418 -0.930182 0.036718 0.013814 -0.024827
1.0 -0.583837 0.940766 -0.171431 -0.042580 -0.036232 -0.044266
1.0 -0.285905 -0.416036 -0.213458 -0.035595 -0.021494 -0.033461
1.0 0.638887 -0.325850 0.094552 -0.000771 0.022982 -0.016284
1.0 -0.857548 -0.999453 -0.123200 -0.029737 -0.030164 -0.041700
1.0 0.993751 -0.891857 -0.726272 0.023058 0.019078 0.015283
1.0 0.953343 0.100577 0.996786 0.038291 0.046052 -0.027006
1.0 0.867354 0.562545 0.080667 0.031302 -0.042040 -0.016225
1.0 -0.265984 -0.605029 -0.507128 0.031834 -0.044940 -0.042858
1.0 -0.867658 -0.630060 0.026612 -0.011461 -0.005660 -0.046850
1.0 0.053921 0.097507 0.510166 0.035632 0.039155 -0.007359
1.0 -0.879915 0.432729 0.149811 0.037547 -0.023938 -0.032518
1.0 -0.787618 -0.533022 -0.400180 -0.008781 -0.005836 -0.022009
1.0 -0.097057 0.937492 -0.362409 -0.001769 0.036948 0.008431
1.0 -0.750261 0.493351 0.834406 0.040010 0.048289 -0.048795
1.0 -0.116128 0.661980 0.368882 -0.002953 -0.043920 0.049571
1.0 0.019140 0.275159 0.326642 -0.014462 0.047067 -0.035342
1.0 0.916737 0.872232 -0.436487 -0.049903 -0.010759 0.046659
1.0 0.875841 0.700657 0.709781 -0.015380 0.016425 0.016537
1.0 -0.920711 0.793030 -0.058064 -0.048838 0.013953 0.045211
1.0 -0.794290 0.245723 0.345134 0.000479 0.013122 -0.039954
1.0 0.423010 -0.066102 0.454144 -0.042917 0.025080 -0.027695
1.0 0.913632 -0.696378 0.694895 0.007513 0.028122 -0.049505
1.0 0.088911 0.411545 -0.468286 -0.013693 -0.015506 -0.043905
1.0 -0.543991 0.223056 0.235048 0.047725 0.043846 0.034872
1.0 0.812733 0.350528 0.859443 -0.011839 0.048868 0.028898
1.0 -0.197543 -0.793123 0.159091 0.047924 -0.015149 0.044626
1.0 0.233894 0.457072 0.103194 0.010118 0.035381 -0.045092
1.0 -0.286495 0.953831 0.665610 -0.037607 0.045736 -0.003113
1.0 -0.435105 -0.845739 -0.693076 0.005267 -0.007040 -0.007426
1.0 0.726339 -0.819375 0.917823 -0.014344 0.032367 0.047899
1.0 -0.821610 -0.354023 -0.225360 -0.049358 -0.016659 0.000579
1.0 0.707471 0.236594 -0.708266 0.001984 0.035723 0.013782
1.0 -0.615910 -0.289104 0.014126 -0.021072 0.032429 -0.038633
1.0 0.249543 0.578210 0.198491 0.038077 0.016468 0.033344
1.0 -0.536602 -0.667910 0.724834 -0.041622 -0.013000 0.044424
1.0 0.214408 -0.704485 0.869155 0.022148 0.010065 -0.007817
1.0 -0.440079 -0.358079 -0.849369 0.040038 -0.039416 0.036656
1.0 0.548665 0.639032 0.771788 0.049245 -0.036065 0.038134
1.0 -0.735917 -0.527321 0.849793 0.034890 -0.042477 -0.024813
1.0 0.802274 -0.006907 0.240705 0.035311 0.041725 0.043876
1.0 0.965216 0.368244 0.777464 0.048541 0.015476 0.046551
1.0 0.737710 0.668330 -0.411000 -0.039405 -0.036722 -0.025644
1.0 -0.576464 -0.376881 -0.816423 -0.012700 -0.009453 0.026523
1.0 -0.785146 -0.324501 -0.065943 -0.041225 0.024471 0.014522
1.0 -0.664676 -0.331300 -0.576024 -0.004117 0.024256 0.026008
1.0 0.156335 -0.976969 0.008535 -0.005951 0.021137 0.000833
1.0 0.407733 -0.441217 0.880301 0.001507 0.022334 0.029912
1.0 0.156078 -0.740746 0.290443 0.009026 -0.013035 0.032324
1.0 -0.447568 -0.384887 -0.500995 0.049116 -0.038835 -0.006762
1.0 0.191041 -0.686796 -0.889265 0.020999 -0.029135 -0.015337
1.0 -0.891155 0.212982 -0.840723 0.022976 -0.000071 -0.042641
1.0 0.115327 0.659198 0.015911 -0.031417 -0.000834 -0.013175
1.0 -0.363428 -0.572591 0.539560 -0.039074 0.023822 -0.007270
1.0 0.916855 -0.844106 -0.916316 -0.020962 0.015538 -0.036173
1.0 0.464256 -0.640012 -0.193496 0.013092 0.039604 -0.030875
1.0 -0.857438 -0.312182 0.929924 0.022955 -0.032707 -0.024968
1.0 -0.151802 -0.219287 0.796090 0.016085 -0.037935 0.049354
1.0 -0.111642 0.583913 0.043418 0.001458 -0.021278 -0.042150
1.0 -0.033878 -0.350817 -0.542453 -0.020944 -0.014596 -0.001060
1.0 -0.753928 -0.003891 -0.420058 -0.030236 -0.035008 -0.031307
1.0 -0.942046 -0.307389 -0.914929 0.005881 -0.024889 -0.034466
1.0 -0.317457 0.281324 0.505806 -0.009354 -0.008278 -0.021357
1.0 0.791136 0.664221 -0.895810 0.042339 0.018402 -0.026100
1.0 -0.007920 -0.567678 -0.673433 -0.000671 0.020685 0.040419
1.0 -0.517653 -0.288229 0.638932 -0.004785 -0.000061 -0.017930
1.0 0.635015 0.854990 -0.377746 0.042424 -0.014016 0.015843
1.0 -0.125823 0.429490 -0.717971 -0.016823 0.005894 0.003642
1.0 0.778001 0.352263 0.592647 -0.020756 -0.028912 -0.015339
1.0 -0.718281 -0.500427 -0.311154 0.022817 0.036412 0.007784
1.0 -0.800288 0.191407 -0.665995 0.036575 0.040919 -0.026684
1.0 0.464715 -0.823907 0.985551 0.005560 -0.005188 -0.034029
1.0 -0.102812 -0.946018 0.292617 -0.027856 0.030531 -0.023313
1.0 0.549148 0.326793 -0.323286 -0.002721 -0.026589 0.029013
1.0 -0.633816 0.209169 0.495479 -0.008657 0.044869 -0.005839
1.0 0.959364 -0.650565 0.215075 0.020612 -0.014160 -0.006366
1.0 0.357601 -0.593932 0.167414 0.037616 0.001528 0.023904
1.0 0.035981 -0.630009 -0.801974 -0.032200 -0.047868 -0.008725
1.0 -0.338228 -0.770671 -0.733533 0.019550 -0.045845 -0.049807
1.0 0.533903 0.759242 0.472505 -0.018627 -0.010212 -0.027139
1.0 0.444991 0.626337 0.965896 0.014871 0.010624 0.005681
1.0 0.502680 -0.778417 0.628812 -0.043441 0.009222 0.018440
1.0 -0.620290 0.846561 0.904313 0.044302 -0.029571 -0.013320
1.0 -0.882482 0.735322 0.341043 0.011175 -0.045036 0.041890
1.0 -0.072201 0.410516 0.488367 -0.037599 -0.029050 -0.037690
1.0 0.021960 -0.708724 0.915018 0.020129 -0.030153 0.043240
1.0 -0.844410 -0.392691 0.442571 0.037593 -0.011223 -0.023317
1.0 0.972691 0.671452 -0.641202 -0.022323 -0.040223 0.003443
1.0 0.452684 0.926621 0.145302 0.012435 -0.008880 0.029429
1.0 0.985394 -0.087880 -0.547282 0.018752 0.007132 0.008068
1.0 0.678858 0.454142 -0.097367 -0.032643 -0.023498 0.013830
1.0 -0.345843 0.293493 0.616389 0.011274 -0.003341 -0.013023
1.0 -0.481059 -0.520592 0.714143 0.009204 -0.006236 0.010877
1.0 -0.874582 -0.496544 0.003269 0.012258 -0.019302 0.014616
1.0 0.144417 -0.794195 -0.461394 0.021328 0.049892 -0.043607
1.0 0.400435 -0.789387 -0.034284 0.002428 0.047376 0.004359
1.0 0.820411 0.839130 -0.786991 -0.028295 0.046515 -0.030004
1.0 0.313785 -0.732740 0.657550 -0.048764 -0.046752 0.036591
1.0 -0.972650 0.572398 -0.337117 0.033368 0.036832 0.043229
1.0 0.593042 0.070764 -0.186027 0.022497 0.022559 -0.046283
1.0 -0.485722 -0.575049 -0.568125 -0.042278 -0.007470 -0.021287
1.0 -0.565234 -0.386924 -0.905006 0.035811 -0.005716 -0.016850
1.0 -0.271943 -0.783240 -0.234653 0.034169 -0.004502 -0.018116
1.0 0.336000 0.059828 0.159158 0.037518 0.045124 -0.041912
1.0 -0.620085 -0.550654 0.278590 -0.003711 -0.030677 0.023909
1.0 0.491183 -0.237962 0.396736 0.024478 -0.035924 0.047041
1.0 -0.171010 0.372079 -0.224826 -0.026788 -0.000828 -0.014458
1.0 -0.794267 -0.578198 0.180091 0.010318 0.011843 0.001515
1.0 0.287108 -0.071958 -0.226186 0.012477 0.021546 -0.023926
1.0 0.406684 -0.402578 0.308276 -0.037999 -0.013040 -0.017916
1.0 -0.493744 0.080004 -0.713253 0.017070 -0.010446 0.043611
1.0 0.357035 0.517386 0.461922 0.045939 -0.014055 0.005171
1.0 0.348306 0.638041 -0.345578 -0.013427 -0.008856 0.039626
1.0 -0.320357 -0.185144 -0.376567 0.030008 -0.046732 0.008919
1.0 0.783148 -0.741884 0.090537 -0.041218 0.024580 -0.008000
1.0 -0.512253 0.542212 -0.314594 -0.043517 0.043540 0.020500
1.0 0.941876 -0.559436 0.182239 0.049552 0.027377 -0.007868
1.0 -0.287716 -0.696271 -0.491893 0.031632 0.020991 -0.024246
1.0 -0.825265 0.893557 0.645738 0.036195 0.046824 -0.023628
1.0 -0.285317 0.511211 -0.083066 -0.049878 0.028239 -0.004700
1.0 0.605761 0.335414 0.012755 -0.008102 -0.016383 0.028604
1.0 0.498070 -0.308487 -0.870687 0.025322 0.034394 0.043479
1.0 0.760936 -0.572541 0.612128 0.008522 0.014085 0.024411
1.0 0.112661 0.021493 0.795181 0.004014 -0.013809 -0.034708
1.0 -0.701739 -0.594672 0.185188 -0.012784 0.045870 -0.007682
1.0 0.910230 -0.211677 -0.099825 -0.020931 -0.048648 -0.038766
1.0 -0.456705 0.437760 -0.964379 -0.001932 -0.002491 -0.010748
1.0 0.564770 -0.047945 0.598331 0.006659 -0.044201 -0.025083
1.0 -0.497506 -0.399646 0.682967 0.030498 0.047592 0.011756
1.0 -0.917182 -0.848414 0.549545 0.025541 0.009363 -0.043923
1.0 -0.927900 0.810524 0.961727 -0.046400 -0.021230 -0.005939
1.0 -0.114761 0.347562 -0.859646 -0.037497 0.048188 0.017301
1.0 0.577368 -0.565820 -0.582034 -0.024091 0.016144 -0.042764
1.0 -0.394623 -0.686500 0.335962 -0.012185 0.022508 0.019814
1.0 -0.311100 0.740841 0.701515 0.007016 0.044877 0.045745
1.0 0.101760 -0.489504 -0.717760 -0.032525 -0.015112 0.030062
1.0 0.235373 0.258173 0.463833 0.045553 0.029725 0.044093
1.0 -0.520262 0.250054 0.108036 0.049617 -0.012877 0.016562
1.0 0.055689 0.827943 -0.207206 -0.012614 0.033767 0.003110
1.0 -0.152194 -0.735420 -0.691693 -0.041173 0.044699 -0.021685
1.0 -0.044647 0.156261 0.029655 0.010520 0.011959 0.008185
1.0 0.268890 0.095077 0.635421 0.004093 -0.030929 -0.001471
1.0 0.355826 0.540014 -0.682964 0.008507 -0.005047 -0.028072
1.0 -0.245406 -0.285659 0.398371 -0.006092 0.001696 -0.016414
1.0 -0.276550 0.087192 -0.730660 0.004626 0.034962 -0.005385
1.0 -0.757931 -0.549555 0.243147 0.012063 -0.006154 0.049953
1.0 -0.730393 -0.194274 -0.270648 0.020491 -0.006597 -0.009371
1.0 0.610241 0.334435 -0.387731 0.031175 -0.018866 -0.040343
1.0 0.623860 0.584610 -0.609260 0.027427 -0.010443 0.033054
1.0 0.145258 -0.526563 0.042029 -0.007969 0.009204 -0.022345
1.0 -0.052060 -0.566256 -0.280591 0.036689 0.038514 0.005153
1.0 0.532205 0.446227 0.605205 0.004216 -0.040373 0.028920
1.0 0.635514 0.239476 0.330373 0.018083 -0.000273 0.016651
1.0 0.798941 0.943116 -0.193304 -0.010739 0.034952 0.039399
1.0 0.058689 -0.978554 -0.639542 -0.027542 0.012299 0.044957
1.0 0.108338 -0.522684 0.339679 -0.021499 0.042425 0.011339
1.0 -0.301060 -0.505183 0.992973 0.039117 0.028403 -0.024411
1.0 0.725998 -0.511496 0.398953 0.039800 0.001431 -0.022830
1.0 -0.392474 -0.234098 0.981598 -0.040640 -0.017549 0.044262
1.0 -0.336467 0.148104 -0.649847 0.037712 0.026913 0.041394
1.0 0.036790 -0.760644 -0.048879 0.034984 0.031002 0.038093
1.0 -0.391528 0.359394 -0.234114 0.018798 -0.030243 0.032165
1.0 -0.174226 -0.305519 0.496500 -0.010773 0.026132 -0.007518
1.0 -0.164153 -0.417027 0.137433 -0.013112 -0.020037 -0.015498
1.0 -0.384793 0.983940 0.018732 0.001796 0.041057 0.041472
1.0 -0.493708 -0.927922 -0.746939 0.022738 0.046401 -0.017833
1.0 0.190584 0.700041 -0.754406 0.025419 0.040493 -0.011285
1.0 0.014866 -0.887609 -0.704190 -0.009710 0.026925 -0.006071
1.0 -0.102397 0.197376 -0.204163 -0.041779 0.044382 -0.007852
1.0 0.145582 0.772225 0.581079 0.032599 0.020408 -0.029514
1.0 -0.860171 -0.387651 -0.380228 0.000345 -0.004203 0.031963
1.0 -0.527535 -0.903432 -0.128275 -0.001432 -0.021234 -0.045086
1.0 -0.060468 0.311137 -0.702419 0.032366 0.027386 0.041300
1.0 -0.873902 0.893944 -0.619368 0.019072 -0.021588 0.009572
1.0 -0.007173 -0.850648 -0.754396 0.018475 -0.027419 0.001572
1.0 0.003952 0.709053 -0.249320 0.022989 0.012755 -0.041087
1.0 0.538305 -0.769589 0.694672 0.007803 0.042695 0.027831
1.0 -0.307075 -0.229676 0.943302 -0.021671 0.039524 -0.010914
1.0 0.330864 -0.965961 0.309061 0.003868 -0.002011 0.033446
1.0 0.106154 -0.362458 -0.744308 0.008976 -0.049094 0.041729
1.0 -0.489819 -0.581013 0.666821 0.012129 0.000635 0.045800
1.0 0.662408 -0.866660 0.579421 0.018516 0.045570 -0.009203
1.0 0.682144 0.800122 -0.108738 -0.034033 0.030178 0.048677
1.0 0.376281 -0.834111 0.147440 0.042956 -0.017171 -0.003711
1.0 0.732111 0.832255 -0.825166 0.039174 -0.014289 0.004717
1.0 -0.006528 0.790285 -0.572305 -0.030360 -0.018557 -0.022022
1.0 -0.013591 0.714945 0.651665 0.017055 0.013306 0.039393
1.0 0.879967 0.384518 0.241973 -0.044497 -0.012129 0.028533
1.0 0.014180 0.325264 0.515527 0.024942 0.025411 -0.032850
1.0 -0.082309 -0.825624 0.111845 0.049488 -0.008410 -0.046045
1.0 -0.099058 -0.411489 -0.686665 -0.024357 0.030195 0.047171
1.0 0.785251 0.270453 0.627988 0.019701 -0.032595 -0.000320
1.0 -0.154543 0.512547 -0.386985 0.004661 -0.009121 -0.019177
1.0 0.831131 0.794662 -0.119311 -0.031941 -0.007700 -0.017431
1.0 0.592156 -0.573443 -0.650186 -0.039182 -0.041471 -0.034443
1.0 -0.858214 0.549341 -0.271574 -0.037579 -0.032388 0.017681
1.0 0.694394 0.832208 -0.679463 0.026372 -0.017655 0.010980
1.0 0.044674 -0.681974 -0.079650 0.006839 -0.006434 0.011332
1.0 0.262472 -0.287587 0.367180 0.008283 0.047687 0.019698
1.0 -0.634756 -0.472034 -0.435181 0.014078 0.034388 0.040746
1.0 -0.778597 0.901244 0.468046 -0.028676 -0.016260 -0.013714
1.0 0.550432 0.441804 0.313648 -0.008848 0.037352 -0.026229
1.0 0.887006 -0.018822 -0.124298 0.012796 -0.042918 -0.025793
1.0 0.283242 0.035666 -0.970920 0.007316 -0.004453 -0.037925
1.0 0.984783 -0.144882 0.688767 -0.018334 -0.003813 -0.002620
1.0 0.539670 0.783084 0.499965 -0.028712 0.004703 0.020229
1.0 0.721924 0.482032 -0.509153 -0.030207 -0.015646 -0.024465
1.0 0.481561 0.062723 0.774785 -0.031140 -0.014585 0.039302
1.0 -0.938190 -0.780812 -0.445798 -0.031042 -0.009279 -0.034443
1.0 0.911626 -0.864296 -0.731701 -0.023805 0.026884 -0.047158
1.0 0.388093 0.044024 0.565187 0.042428 0.039455 0.021957
1.0 -0.887213 -0.092953 -0.251816 -0.044539 0.042927 -0.022951
1.0 -0.546907 -0.424953 -0.127525 0.026972 0.008944 0.001542
1.0 0.354907 -0.536464 -0.472486 0.044491 -0.016030 -0.002840
1.0 -0.116007 -0.000445 -0.897662 -0.003737 -0.038238 0.006059
1.0 -0.054448 -0.521313 -0.979368 0.024549 -0.020479 0.036193
1.0 0.122514 -0.347391 -0.385509 -0.020936 0.040811 0.013497
1.0 0.064370 0.391326 0.123317 -0.003517 -0.000886 0.033832
1.0 0.456346 -0.404923 -0.950507 0.027081 -0.030691 -0.013128
1.0 0.398069 0.656218 0.977609 -0.006391 -0.000953 -0.023221
1.0 -0.698384 -0.574540 0.362204 0.030047 0.034542 0.016041
1.0 -0.977448 0.658767 0.738813 0.036828 -0.004891 0.024169
1.0 0.778660 -0.882855 -0.144012 -0.038339 0.022933 -0.028829
1.0 -0.286296 -0.547852 -0.238195 -0.007886 0.033839 0.014550
1.0 0.694997 0.105970 -0.195304 0.048601 0.049959 0.027576
1.0 0.159752 0.194991 -0.031312 0.006820 0.040356 0.027885
1.0 0.877973 0.417620 -0.838395 0.022680 -0.036210 -0.003923
1.0 -0.573360 0.583487 -0.499826 -0.026857 -0.047742 0.007767
1.0 0.103618 0.077964 0.322854 0.024298 -0.028931 -0.006539
1.0 -0.279673 0.982813 -0.319832 -0.040264 -0.040114 -0.006606
1.0 -0.968267 -0.729293 0.138008 0.022149 -0.013741 0.037675
1.0 -0.056863 0.057283 0.260769 -0.017290 0.013948 -0.045096
1.0 0.947420 -0.778132 -0.044219 0.035622 0.020978 -0.032292
1.0 0.530762 0.462598 0.144359 0.034712 -0.012987 -0.048505
1.0 -0.767695 -0.233018 0.232027 -0.030114 0.007805 -0.049304
1.0 -0.695512 -0.548026 0.561316 0.014407 0.046114 0.017195
1.0 -0.371451 -0.215300 -0.855624 0.005636 0.011656 -0.004012
1.0 -0.083782 -0.704878 0.934567 0.040708 -0.030652 -0.048660
1.0 0.266460 -0.349659 0.347894 -0.022434 0.013145 0.015185
1.0 0.313786 0.304698 -0.578362 0.003447 -0.022110 -0.037106
1.0 0.827161 -0.827713 0.332456 0.007782 0.006382 -0.019336
1.0 -0.629244 -0.458185 -0.256145 0.010306 0.021454 -0.007010
1.0 0.150936 0.049091 0.154024 -0.042099 -0.027567 -0.047194
1.0 -0.532551 -0.915013 0.963213 -0.023858 -0.029437 0.005788
1.0 0.239227 0.452645 0.467287 0.015976 0.015569 0.015285
1.0 0.020424 0.050910 -0.796385 0.015250 0.024755 -0.044899
1.0 0.730474 -0.895937 0.241935 0.040270 -0.001281 -0.013059
1.0 -0.739728 0.605057 -0.084028 -0.036447 0.049983 -0.004862
1.0 0.255992 -0.321591 -0.082687 -0.047293 -0.038703 0.014975
1.0 -0.989173 -0.001565 0.942333 -0.012397 -0.046017 -0.038752
1.0 -0.055596 0.447628 -0.952173 -0.002322 -0.037152 -0.047661
1.0 -0.770505 0.228222 0.250095 0.030814 -0.045190 0.034042
1.0 0.431889 -0.342247 0.329903 -0.016083 0.031577 -0.022669
1.0 0.704096 -0.242001 -0.260582 -0.035203 0.005830 -0.025366
1.0 -0.941787 -0.911954 -0.676312 0.018886 0.004878 -0.000060
1.0 -0.950929 0.906900 -0.031014 -0.014116 -0.027083 0.026645
1.0 -0.320535 0.063394 0.359091 0.041174 -0.011227 -0.000252
1.0 -0.563184 -0.838750 -0.132282 -0.034177 0.025778 0.048746
1.0 0.232862 -0.398969 -0.061995 0.045394 -0.009112 0.001096
1.0 0.861261 0.705478 -0.113706 -0.027931 -0.041983 -0.034903
1.0 -0.901364 0.807397 0.796751 0.048528 0.014887 -0.027249
1.0 -0.073322 -0.437389 -0.500297 0.009454 -0.001703 0.006836
1.0 0.275976 -0.635580 0.181438 -0.026350 -0.048327 0.002338
1.0 0.073813 0.090162 0.347280 -0.028076 0.042499 -0.022749
1.0 -0.265315 0.646394 -0.284133 -0.005515 0.049160 -0.046337
1.0 0.070107 0.339134 -0.770362 0.043927 0.003407 -0.026876
1.0 -0.217385 -0.252458 0.161750 0.021601 0.036999 -0.044806
1.0 -0.871380 -0.811672 0.386633 0.015772 -0.009901 -0.038979
1.0 -0.443385 0.625337 -0.472182 0.043970 0.027550 -0.022460
1.0 -0.000686 -0.232863 -0.550886 0.023037 0.014257 -0.030978
1.0 -0.216855 0.792222 -0.449179 0.027738 -0.004607 0.014580
1.0 -0.947016 -0.976359 -0.168826 -0.011384 0.030888 -0.028472
1.0 0.645970 -0.532165 -0.591518 -0.044112 0.044757 -0.033241
1.0 -0.998198 -0.778038 0.798029 0.034970 -0.046795 0.007550
1.0 -0.055557 0.688918 -0.610565 0.034177 -0.030095 -0.046140
1.0 -0.257024 -0.356141 -0.959187 0.010474 0.049306 0.007784
1.0 0.636898 -0.502321 -0.928223 -0.001711 0.047702 -0.022815
1.0 0.849807 0.449094 -0.940604 0.024739 0.008844 0.028543
1.0 -0.302126 0.415782 0.070646 0.049509 -0.048352 0.040210
1.0 0.039592 0.034699 -0.255119 -0.024912 0.010615 -0.037321
1.0 -0.467705 -0.840309 -0.484753 -0.045166 -0.011646 -0.048818
1.0 0.779330 0.393884 -0.736205 -0.035548 0.016476 -0.013997
1.0 0.182840 0.563584 -0.688827 0.038584 0.047895 0.015728
1.0 -0.722583 0.561194 0.433931 -0.031664 -0.018852 -0.046982
1.0 0.111688 0.130004 0.019123 0.009455 0.023588 0.006622
1.0 0.748910 -0.143279 0.720696 -0.036722 0.004847 -0.011456
1.0 -0.834867 0.777117 -0.226902 -0.031883 0.016921 -0.039432
1.0 0.488348 -0.856079 0.874432 0.038300 0.017033 -0.008193
1.0 0.117179 -0.100759 0.635239 0.022151 -0.010616 -0.020079
1.0 -0.400384 -0.876807 0.371046 -0.028515 -0.009843 -0.019131
1.0 -0.125754 0.199150 -0.210598 0.033701 -0.000063 -0.045148
1.0 0.466835 0.476921 -0.536250 -0.033664 -0.033740 -0.033822
1.0 0.348484 0.774377 0.525587 0.025113 -0.032467 0.048988
1.0 0.585266 -0.402137 0.644215 -0.030356 -0.045296 -0.041003
1.0 -0.592539 -0.238295 0.748439 -0.045761 0.001013 -0.012229
1.0 -0.868514 -0.234061 0.135932 0.007522 0.041304 -0.017369
1.0 0.650288 -0.295219 -0.787689 0.039169 -0.003454 -0.038079
1.0 -0.443314 -0.002394 0.518227 0.039294 -0.036325 0.011525
1.0 -0.367020 -0.500369 -0.421216 0.038512 0.027001 0.041282
1.0 0.153158 -0.983969 -0.523681 0.018633 0.048243 0.021418
1.0 -0.365205 -0.527519 0.034108 0.039608 -0.027614 0.022065
1.0 0.027479 -0.629674 0.185652 -0.003298 -0.033116 -0.012903
1.0 -0.090920 -0.546334 -0.150676 -0.013475 -0.042421 0.022971
1.0 -0.781746 -0.523195 0.419123 -0.006889 0.031176 0.035682
1.0 0.471267 -0.569314 -0.261596 0.006517 0.022812 -0.005286
1.0 0.203554 -0.048160 0.246934 0.021296 0.001901 0.031989
1.0 -0.649246 0.128877 0.555010 0.043453 0.040970 0.045041
1.0 -0.188762 0.784570 0.304125 -0.045367 0.008229 -0.031499
1.0 -0.500892 0.618677 0.976270 -0.043492 -0.019924 0.045825
1.0 0.390147 -0.449973 0.983969 -0.036270 0.022197 0.034331
1.0 0.703780 -0.291827 -0.680186 -0.017250 -0.014338 -0.047447
1.0 0.949404 0.858498 0.639153 0.044156 0.016491 0.019579
1.0 0.905789 -0.313621 0.819016 0.028088 0.046957 -0.002727
1.0 -0.409667 0.308847 -0.179179 -0.015819 -0.017219 -0.042063
1.0 0.620816 0.850015 0.986515 -0.000027 0.023956 0.006982
1.0 0.375852 0.087288 -0.446785 -0.015605 -0.027703 -0.033621
1.0 0.754808 -0.019918 -0.584803 -0.040634 0.047489 0.017228
1.0 -0.288454 -0.209869 -0.971395 -0.021576 -0.049942 0.005093
1.0 -0.420162 0.651998 -0.339845 0.021409 -0.025362 0.034681
1.0 -0.303662 -0.359184 -0.524505 -0.029126 -0.033983 0.018749
1.0 -0.777869 -0.547456 -0.545248 0.034643 -0.024248 0.006360
1.0 -0.597276 0.800139 0.735556 -0.035697 -0.027909 -0.012186
1.0 0.044021 -0.216010 -0.722243 0.037155 -0.023736 -0.041609
1.0 -0.995324 -0.815783 -0.300819 0.040157 0.001089 0.000923
1.0 -0.236299 -0.662467 0.834428 -0.049989 0.012601 -0.047856
1.0 -0.010135 -0.845891 0.692235 0.002328 -0.049104 0.041138
1.0 0.039780 0.620500 0.444835 -0.005656 0.037625 -0.049568
1.0 -0.536364 -0.974093 -0.296573 -0.036209 -0.048714 0.015874
1.0 -0.143012 -0.742550 -0.487764 -0.028671 0.014306 0.029948
1.0 0.034123 -0.076232 -0.430099 0.001069 -0.049579 0.017306
1.0 -0.587538 0.535497 -0.948285 0.025017 -0.001440 -0.008024
1.0 0.657839 0.286118 -0.010454 -0.030229 -0.047791 -0.026482
1.0 -0.278065 -0.514896 -0.415639 0.034287 0.024061 0.017636
1.0 -0.294809 0.052866 -0.448134 -0.019543 0.016027 -0.019189
1.0 -0.797695 -0.994405 -0.497232 0.013480 0.048226 -0.034916
1.0 -0.787176 -0.457692 -0.986800 -0.032803 0.002816 -0.032463
1.0 0.365938 -0.381721 -0.329471 0.026964 -0.004567 0.041130
1.0 -0.492626 0.261733 -0.618102 -0.045392 0.006718 -0.031985
1.0 -0.403865 0.105529 0.132533 0.014190 -0.034993 -0.013502
1.0 0.170958 -0.610030 -0.879720 -0.027482 -0.038616 0.001399
1.0 0.648036 0.949027 -0.151340 -0.047486 -0.022836 -0.023577
1.0 0.296071 -0.826200 0.689816 0.049350 -0.020675 -0.008152
1.0 -0.680757 -0.838525 -0.833591 -0.033274 -0.032736 -0.040719
1.0 -0.143311 0.474786 -0.695122 0.029757 -0.011775 -0.003551
1.0 -0.983542 -0.824569 0.635066 0.023595 0.001583 0.020716
1.0 0.389850 0.917320 0.731986 0.017279 -0.028120 0.008005
1.0 0.875442 -0.903769 0.193162 -0.026004 -0.021451 0.028043
1.0 -0.144671 0.881365 0.147606 0.004934 -0.023436 -0.022059
1.0 -0.902528 -0.227295 -0.705639 -0.036655 0.009164 -0.042679
1.0 -0.325321 0.156504 0.482481 0.036351 -0.031765 0.045344
1.0 -0.601662 0.210883 0.112718 -0.040039 0.039841 -0.048098
1.0 -0.518065 0.521156 -0.880742 -0.006718 -0.016502 0.039048
1.0 -0.356524 0.281548 -0.227029 0.038736 -0.029079 -0.031786
1.0 0.132112 -0.333402 -0.811968 -0.032929 0.036245 0.024697
1.0 -0.320437 0.809939 -0.758263 0.045000 0.037909 -0.040815
1.0 0.520920 0.994537 0.454353 0.040004 -0.024775 0.019660
1.0 0.653257 0.288354 0.972202 -0.040800 -0.020393 -0.025381
1.0 -0.257458 -0.054976 -0.266638 -0.038612 0.002388 0.014923
1.0 0.163050 0.586925 -0.150773 0.020568 0.047631 0.034146
1.0 -0.635664 0.079812 -0.339073 -0.038495 -0.000948 0.007574
1.0 0.312444 0.975747 -0.993388 -0.024392 -0.044111 0.018548
1.0 -0.322652 0.867310 0.150130 0.044542 0.002310 -0.003458
1.0 0.058076 -0.669201 0.791605 0.006384 0.047666 0.007175
1.0 0.258604 0.301360 0.752022 -0.030270 -0.023707 -0.047179
1.0 -0.475491 0.153294 0.029790 0.032772 -0.009401 0.040032
1.0 0.935415 0.191043 0.527544 0.016428 -0.035418 0.006574
1.0 -0.008298 0.898273 -0.114906 0.027391 0.013895 0.025040
1.0 -0.441840 0.681514 0.433990 -0.046499 0.036928 -0.017999
1.0 0.843535 -0.475618 0.042763 0.025725 -0.014267 0.038697
1.0 0.860082 0.009308 -0.808029 -0.039227 0.002578 -0.029179
1.0 0.408618 -0.835217 0.538812 0.009331 0.014536 0.029321
1.0 0.554735 0.731451 0.384456 0.021098 0.042643 0.001792
1.0 0.016416 0.406790 -0.462998 -0.038300 -0.002973 0.032161
1.0 0.217173 0.925829 -0.469552 -0.038056 0.030560 0.040067
1.0 0.650744 -0.514191 0.074108 -0.046580 0.008557 -0.024184
1.0 -0.503939 -0.583260 0.410192 0.001938 0.009227 -0.042877
1.0 -0.012183 -0.802216 -0.759656 0.013714 0.048225 0.043592
1.0 0.478050 -0.491137 0.261654 -0.005866 -0.047754 0.001824
1.0 0.327826 -0.419230 -0.373555 0.044382 -0.049056 -0.022789
1.0 0.349084 -0.589321 0.218665 0.033771 -0.031967 -0.028703
1.0 0.934552 0.071119 0.134646 0.033571 0.023573 -0.016350
1.0 -0.397740 0.970234 0.148476 0.041037 0.047497 -0.024171
1.0 -0.091397 -0.695074 -0.334603 0.025365 -0.035470 -0.040252
1.0 0.354993 0.033680 0.570302 -0.037320 -0.041483 -0.017430
1.0 -0.574815 0.150449 -0.890350 0.036537 0.029385 -0.006012
1.0 0.790137 0.403863 -0.718594 0.049320 0.024399 0.041060
1.0 0.052001 -0.168771 0.029163 -0.012892 -0.027602 0.044146
1.0 0.577143 -0.827786 -0.730443 -0.008592 -0.014478 -0.027484
1.0 -0.381289 0.318508 -0.838095 0.041502 -0.009223 0.005859
1.0 0.472358 0.555605 0.066117 0.034753 0.013630 0.044322
1.0 0.945760 -0.333603 -0.564705 -0.039501 0.043234 0.010751
1.0 0.633417 0.470101 -0.008634 0.004384 0.029895 0.001994
1.0 -0.513317 -0.332723 0.510113 0.018788 0.010087 -0.023864
1.0 0.822389 -0.544248 -0.303678 0.001905 -0.048209 0.008695
1.0 -0.070211 -0.687030 0.040122 0.008163 0.041016 -0.035336
1.0 0.951190 -0.837026 -0.643629 0.026763 -0.036181 -0.046204
1.0 0.862083 0.047282 0.564969 -0.027154 0.042543 -0.034076
1.0 -0.014020 0.309482 0.208205 -0.033304 0.018107 0.011131
1.0 0.753278 0.864494 0.144895 -0.015537 -0.006812 -0.016084
1.0 -0.364039 0.981488 -0.006056 0.000465 0.027639 -0.040202
1.0 0.823164 0.807238 0.564125 0.018726 0.037826 0.021221
1.0 -0.145716 -0.071191 -0.375579 -0.002483 -0.026888 0.039014
1.0 -0.551880 0.534747 -0.454348 -0.043763 -0.008302 0.032349
1.0 -0.823167 -0.257486 0.369693 0.010427 -0.033271 -0.046454
1.0 -0.139795 0.818972 0.116072 0.020327 0.043951 -0.042492
1.0 0.783378 -0.969311 -0.721723 -0.008274 0.022780 0.005032
1.0 -0.978270 -0.570243 0.864525 -0.026287 0.025391 -0.002161
1.0 0.418076 0.359840 0.565847 0.016269 0.030951 0.024030
1.0 0.905732 0.369586 0.117899 -0.031404 0.001290 -0.032443
1.0 0.018609 -0.793546 0.012613 0.047131 -0.034318 -0.024538
1.0 -0.919920 0.296575 0.198426 0.032482 0.003592 0.041286
1.0 -0.701552 0.466886 -0.682963 0.017896 0.016146 -0.039648
1.0 0.377814 0.457166 -0.606887 -0.038724 0.013644 -0.013766
1.0 0.365329 0.019067 -0.467716 0.002266 0.038416 0.045028
1.0 -0.238253 0.871003 -0.695583 -0.012302 0.032639 -0.035754
1.0 -0.810191 0.027928 -0.906620 0.043190 -0.031688 0.009026
1.0 0.694092 -0.352647 0.281806 0.027488 -0.008876 -0.047094
1.0 0.183598 0.435343 0.970709 0.031336 -0.045168 -0.015890
1.0 -0.940663 0.854099 0.595402 -0.001992 0.039162 -0.010373
1.0 -0.831888 0.208632 0.807198 0.047709 -0.037444 0.009572
1.0 -0.229635 -0.187700 0.250173 -0.034455 -0.022483 -0.028257
1.0 0.652336 -0.530469 -0.838330 -0.035155 0.006349 0.034099
1.0 -0.831728 0.987612 0.580930 0.023149 0.032847 -0.036502
1.0 -0.119401 -0.500968 0.408519 0.049582 0.017887 0.009417
1.0 -0.424972 -0.896600 -0.978447 -0.028265 0.021098 0.023498
1.0 0.749222 0.515961 -0.851470 -0.048285 0.006250 0.041302
1.0 0.928116 0.801789 0.966408 -0.030725 0.009132 0.002954
1.0 0.228012 0.476303 -0.428342 0.009243 -0.003865 0.017423
1.0 -0.371146 -0.150578 -0.312069 -0.038549 -0.034128 -0.040089
1.0 -0.196464 0.063949 0.984292 -0.041911 -0.012851 -0.022180
1.0 -0.123635 -0.485768 -0.502943 -0.026399 0.007331 -0.003222
1.0 0.999918 0.500911 -0.827296 -0.045897 0.049923 -0.021852
1.0 -0.560703 0.220423 -0.469757 0.000306 -0.015198 0.028441
1.0 0.085676 0.486087 -0.182020 0.024791 0.047234 -0.016377
1.0 -0.277667 -0.927896 0.919118 -0.043096 -0.035448 0.038048
1.0 -0.441055 -0.463806 0.159822 -0.009192 -0.037066 -0.002979
1.0 -0.515849 0.865027 -0.349574 0.040047 -0.027166 -0.049023
1.0 0.736546 0.130067 -0.626789 0.017687 0.004280 -0.014429
1.0 -0.008745 0.486963 -0.274232 -0.003546 -0.015040 -0.035484
1.0 0.144541 -0.147272 -0.833531 0.030333 0.027144 0.025570
1.0 0.028837 -0.467037 -0.277481 0.010466 0.012845 0.018852
1.0 -0.258945 -0.543625 -0.578904 0.039369 -0.025572 0.044539
1.0 0.247879 0.593286 0.324319 -0.035464 -0.041428 0.039795
1.0 -0.931612 0.348098 0.110776 0.007476 -0.040167 0.004629
1.0 0.711198 0.122594 0.389650 0.039084 -0.023431 -0.010699
1.0 -0.686360 0.751824 -0.630929 0.014377 -0.039569 -0.002906
1.0 0.769304 0.221458 -0.300338 0.024079 0.017608 -0.008738
1.0 -0.001041 -0.875314 0.959121 -0.011661 0.031008 -0.005232
1.0 0.193438 -0.982611 -0.635478 0.010788 -0.029221 0.048663
1.0 0.364161 0.790481 -0.031953 0.028337 -0.043263 -0.031707
1.0 0.656882 0.595948 0.629582 -0.037796 0.001166 -0.038721
1.0 0.489898 0.123563 -0.077889 -0.043719 0.030940 0.035496
1.0 -0.578407 -0.222586 -0.136589 0.037145 -0.009731 -0.045734
1.0 -0.169906 -0.303448 -0.968638 0.041142 -0.029532 -0.045698
1.0 -0.005822 -0.352540 -0.374266 -0.013528 0.047128 0.043653
1.0 0.504823 0.324275 0.267970 -0.003214 -0.045855 0.042309
1.0 0.446379 0.047364 -0.411459 0.014301 0.024986 0.000941
1.0 -0.394020 0.443497 -0.434026 -0.025595 -0.012095 0.027091
1.0 0.335467 0.861122 0.631476 0.018865 0.020612 -0.027441
1.0 0.344165 -0.477231 0.137306 0.046688 0.000327 0.004679
1.0 -0.452855 0.287666 0.047405 -0.024273 0.010450 -0.030276
1.0 0.364007 -0.950803 0.815886 -0.002569 0.029858 0.019049
1.0 0.114182 0.220762 0.498063 -0.034061 0.014892 -0.046354
1.0 -0.795977 0.572179 -0.810653 0.032997 0.043898 0.042146
1.0 0.697505 -0.862882 0.652120 0.039264 -0.018374 0.028242
1.0 -0.615371 0.638281 -0.684314 -0.014691 -0.022419 -0.024275
1.0 0.988314 -0.283450 -0.561777 0.033406 0.014218 -0.013577
1.0 -0.452045 0.560374 0.902521 0.030885 -0.047666 0.021249
1.0 0.078535 -0.762992 -0.738468 0.009542 0.015893 -0.002878
1.0 0.205371 -0.207189 -0.079963 -0.027211 0.022530 -0.045261
1.0 -0.374226 0.438351 -0.923974 -0.036524 -0.030671 0.000789
1.0 -0.343701 0.136498 -0.376430 -0.011380 0.044317 -0.014479
1.0 -0.563061 -0.349339 0.531420 -0.012192 -0.046869 -0.001508
1.0 0.663318 0.952547 -0.343380 0.013715 -0.016179 -0.006394
1.0 0.743905 -0.823241 0.008831 0.035566 0.001822 -0.021089
1.0 0.849161 -0.148532 0.881111 0.018328 -0.049016 0.008477
1.0 -0.074667 -0.039560 0.656724 0.004706 -0.002882 -0.001175
1.0 -0.626098 -0.750398 -0.290824 0.046520 -0.035104 -0.024145
1.0 -0.807068 -0.209885 -0.503612 -0.008712 -0.048720 0.024134
1.0 -0.966747 0.214158 0.593407 -0.009972 -0.009995 0.027829
1.0 -0.079054 0.884421 0.624913 -0.005126 -0.037259 -0.035148
1.0 0.995144 -0.593499 0.325477 -0.015788 -0.045967 0.005455
1.0 -0.924906 0.651849 -0.175374 0.026830 0.049416 0.019300
1.0 0.535348 0.500352 -0.803127 -0.003615 -0.029177 0.011326
1.0 -0.639982 0.017157 0.312958 -0.026652 -0.038474 0.046501
1.0 -0.342206 -0.099975 -0.224886 -0.016926 -0.005139 0.032129
1.0 0.537445 -0.497426 0.644879 -0.003043 -0.003516 -0.042881
1.0 -0.160234 -0.176327 0.930813 0.044759 -0.030653 0.013544
1.0 0.653869 0.524060 0.260094 -0.022368 0.012782 -0.022226
1.0 -0.449502 0.772251 0.764966 -0.034823 -0.049903 -0.037272
1.0 0.299500 -0.700324 0.152375 -0.006553 0.024399 -0.039438
1.0 0.186206 -0.103994 0.423523 0.034283 -0.010729 0.043312
1.0 -0.146848 0.357679 -0.526279 0.020281 -0.024955 0.036014
1.0 -0.737644 0.857320 0.823768 0.048391 0.001196 0.019597
1.0 0.077414 0.367610 0.406129 0.023945 -0.039813 -0.009346
1.0 0.748673 -0.041779 0.922271 -0.028267 0.005585 0.046657
1.0 -0.430830 0.109555 0.606460 -0.002365 -0.027126 -0.008710
1.0 -0.278236 0.752824 -0.189338 -0.044607 -0.020919 -0.021986
1.0 0.520683 -0.217161 0.962079 0.026770 -0.040668 0.027385
1.0 -0.380010 0.755235 -0.772188 -0.041782 0.043485 -0.049043
1.0 0.525290 0.783040 -0.571796 0.004478 0.042787 0.015970
1.0 0.501755 0.792319 -0.807963 0.024076 0.005045 0.019405
1.0 -0.217202 -0.882433 0.721433 0.035833 0.048506 -0.010026
1.0 -0.599385 0.505322 0.119313 0.026268 0.039105 0.020772
1.0 -0.365293 -0.987034 0.016129 -0.049131 -0.044520 -0.044175
1.0 0.551861 0.668011 0.094001 -0.023567 0.009223 0.023528
1.0 0.966532 -0.606774 -0.781044 -0.004671 0.032697 0.047283
1.0 0.584169 -0.167721 -0.076774 0.009888 0.026948 -0.011023
1.0 0.909951 0.376405 0.900509 0.022489 -0.043771 0.040328
1.0 0.009460 0.037618 0.123661 -0.028094 -0.025715 0.037620
1.0 -0.334439 0.434287 -0.257713 -0.009717 -0.009714 -0.032704
1.0 -0.035395 -0.092506 -0.293436 -0.010124 -0.038187 -0.006728
1.0 0.679253 -0.582934 -0.922077 -0.047001 0.045704 -0.002842
1.0 -0.092716 0.492034 -0.429093 -0.010463 -0.013855 0.015078
1.0 0.422099 -0.425232 -0.331341 -0.032036 -0.010706 -0.029124
1.0 0.251669 0.938181 -0.186845 0.025573 -0.009014 -0.040323
1.0 0.971683 -0.183644 0.944129 -0.027095 -0.042064 -0.007659
1.0 0.005813 0.804159 0.284874 -0.043069 0.043445 0.017210
1.0 -0.453720 -0.562848 -0.683259 0.005284 -0.019997 -0.015873
1.0 0.765094 -0.116486 0.770744 -0.006164 -0.048418 -0.021732
1.0 -0.813195 -0.450180 0.714436 -0.031552 -0.027946 -0.026710
1.0 -0.121303 -0.785660 -0.586189 0.049363 -0.021200 0.041154
1.0 -0.697051 -0.114714 0.638866 -0.047795 -0.043841 0.016374
1.0 0.831197 -0.163364 0.702332 0.009704 0.003737 -0.005043
1.0 0.615218 -0.591800 -0.642253 0.026231 0.021750 -0.034199
1.0 -0.057049 0.908299 0.146595 -0.046261 -0.017076 -0.027284
1.0 0.744999 0.899534 0.744830 -0.010562 -0.001232 0.029149
1.0 -0.549984 0.058439 -0.869039 -0.009751 -0.046865 -0.019227
1.0 0.404012 0.802125 0.983872 0.007470 -0.049997 -0.028439
1.0 0.963155 0.958207 -0.307814 0.045380 -0.049706 -0.045643
1.0 -0.363135 0.621789 0.910083 -0.002096 0.032920 0.025035
1.0 -0.188848 0.309615 -0.602571 0.022966 0.020346 0.027192
1.0 -0.050221 0.590984 0.009542 -0.049289 0.037710 -0.038815
1.0 -0.453381 -0.384679 0.360845 -0.027420 -0.001497 0.033249
1.0 0.446720 0.484133 0.551402 0.009963 -0.001637 -0.037488
1.0 -0.149380 0.434020 -0.921716 -0.039974 0.009915 0.013258
1.0 -0.616661 0.773398 0.470408 -0.035914 0.033576 -0.034001
1.0 0.451357 -0.379920 -0.679319 0.049476 0.020994 0.025042
1.0 0.902162 0.617652 -0.992859 0.021801 0.021451 0.045783
1.0 0.513096 0.963784 0.197065 0.049943 0.032953 0.030989
1.0 -0.532418 0.952039 0.132437 -0.010346 0.005520 -0.026432
1.0 0.051016 -0.019926 -0.502251 0.032403 -0.044486 -0.010640
1.0 -0.488310 -0.489431 -0.573996 -0.033388 -0.049902 0.042817
1.0 0.399310 -0.915020 0.788091 -0.007109 0.000928 0.039269
1.0 0.279841 0.983773 0.042079 -0.045068 -0.019684 -0.017847
1.0 0.184752 0.473037 -0.021176 -0.048189 -0.001541 0.040558
1.0 0.141668 -0.541892 0.304507 -0.032130 -0.049976 -0.024179
1.0 0.559607 0.786616 0.441297 0.049077 -0.005561 0.029508
1.0 0.116657 -0.881843 0.966697 0.022301 -0.027710 -0.031288
1.0 0.771023 0.004707 -0.360202 0.049462 -0.038726 0.000842
1.0 -0.403533 0.866208 0.000786 -0.022238 0.032204 0.004005
1.0 -0.645754 -0.954279 -0.052060 -0.013068 -0.025440 0.014074
1.0 -0.258291 0.271852 0.573002 0.042673 -0.023426 0.044779
1.0 0.702524 -0.854589 -0.824382 0.027766 -0.020414 0.042100
1.0 0.059010 0.795127 -0.473893 -0.014388 0.020245 -0.034235
1.0 0.472313 -0.903786 0.129482 -0.028305 -0.017975 0.004741
1.0 -0.125271 -0.004901 0.285898 0.029910 0.015740 0.019963
1.0 0.947334 0.189060 0.635132 -0.020289 -0.039310 0.011771
1.0 0.916032 -0.257864 0.557835 0.001652 0.049330 -0.039873
1.0 -0.753345 -0.914261 -0.971157 0.003460 -0.032311 0.029645
1.0 0.497305 -0.904534 -0.172434 -0.020025 -0.034161 0.020583
1.0 -0.955206 0.834195 0.757382 0.009065 0.042042 0.002627
1.0 -0.731362 0.064463 0.297628 -0.007409 -0.039145 0.045994
1.0 0.492810 -0.629318 0.854838 0.031992 -0.006029 -0.023332
1.0 -0.070599 0.577753 0.783070 -0.016649 0.043620 -0.003340
1.0 0.316794 -0.885593 -0.918877 0.023109 -0.019781 -0.007939
1.0 -0.435780 0.819145 -0.813977 -0.047724 -0.004888 0.045751
1.0 -0.492509 -0.641070 0.597264 -0.012640 -0.046921 0.025929
1.0 0.948129 0.014553 -0.716514 -0.023621 0.005567 0.011019
1.0 -0.974501 0.676265 -0.159827 -0.016808 -0.029613 0.032694
1.0 0.753509 0.211458 0.187120 -0.003957 -0.013996 -0.029563
1.0 0.607588 0.951250 0.737308 0.039040 0.013723 -0.002439
1.0 0.469264 -0.868092 -0.862603 -0.036109 -0.014593 -0.008530
1.0 -0.010287 0.522864 -0.457763 0.023626 -0.001600 0.034815
1.0 0.133958 0.121987 0.470890 0.009415 0.040808 -0.020356
1.0 0.145602 -0.136707 -0.194293 -0.000164 0.014833 0.047249
1.0 0.555223 -0.486152 0.513216 -0.019989 0.003888 0.029580
1.0 0.847070 -0.594472 -0.794721 0.024377 -0.028116 0.041784
1.0 0.136152 -0.345824 -0.425268 0.039918 0.012158 0.048168
1.0 0.901993 0.576602 -0.682644 0.006845 -0.038823 -0.047209
1.0 0.265865 0.380990 -0.277079 0.026499 -0.043076 0.036713
1.0 -0.912765 0.215545 -0.971667 -0.016716 -0.008905 -0.032213
1.0 0.320032 0.036963 -0.020153 -0.008216 -0.011945 0.045822
1.0 0.734399 0.102908 0.782207 -0.026326 -0.026998 0.016603
1.0 -0.059840 -0.585083 0.838233 0.000914 0.024691 -0.042547
1.0 0.849117 0.328261 -0.464178 -0.014420 0.031866 0.025919
1.0 0.573792 -0.965155 0.548233 0.044857 -0.021591 0.039496
1.0 0.663048 0.358376 0.825334 0.003121 -0.038877 -0.025729
1.0 0.583702 -0.912275 -0.528481 -0.030278 -0.011113 0.010683
1.0 0.461488 0.802613 0.666000 -0.045688 0.031044 -0.028404
1.0 0.999957 -0.034418 0.722154 -0.024080 -0.022302 -0.049978
1.0 0.979276 -0.824050 0.054154 -0.043923 -0.046213 -0.017946
1.0 0.947865 -0.497001 0.507705 0.041388 -0.036909 0.045821
1.0 -0.988308 -0.123712 -0.255725 -0.019752 0.014404 -0.044761
1.0 -0.333119 0.805337 -0.209263 0.014212 -0.013371 0.048540
1.0 0.431622 0.236667 -0.224831 0.001311 -0.047656 0.023108
1.0 0.515220 -0.153982 -0.797269 -0.031916 -0.025335 -0.019567
1.0 0.152900 -0.388173 -0.014249 -0.016083 0.024739 0.020838
1.0 -0.543539 -0.506838 -0.681351 0.044368 0.036415 -0.033138
1.0 -0.573125 -0.651750 -0.865013 -0.034681 -0.023316 0.020365
1.0 -0.889203 -0.995329 0.385226 -0.007489 0.019148 0.006708
1.0 0.744182 0.845688 0.329996 0.048781 0.005065 0.010993
1.0 0.358836 0.274548 -0.368967 -0.014737 0.029158 -0.028862
1.0 0.291433 0.697749 -0.862446 0.009027 -0.036783 0.006049
1.0 0.159677 0.215825 0.010472 0.020363 -0.001817 0.034260
1.0 -0.120419 0.389039 0.592443 -0.032620 -0.032742 -0.030334
1.0 -0.814587 -0.250214 -0.631029 0.016643 0.019666 -0.006024
1.0 -0.641754 -0.554409 0.496476 0.032291 -0.027062 0.003530
1.0 0.053968 0.492245 0.048529 0.002194 0.021323 -0.019669
1.0 -0.228603 0.736688 -0.780806 0.012602 0.017073 0.043022
1.0 0.181570 0.391339 -0.614395 -0.041330 -0.035437 0.016181
1.0 0.573591 0.882393 0.999538 0.036576 0.041939 -0.018937
1.0 0.634516 -0.748835 -0.188503 -0.009861 0.039717 0.010673
1.0 0.329300 0.338837 0.064913 -0.012156 0.005241 -0.038521
1.0 -0.986626 -0.981531 -0.084965 0.012158 -0.014599 -0.011223
1.0 -0.786883 0.234439 -0.554933 0.034383 0.016129 -0.026630
1.0 0.126379 0.571820 -0.267574 0.041949 0.018582 -0.034859
1.0 0.352162 -0.533255 0.115527 0.041833 -0.006481 0.040478
1.0 -0.800824 0.346958 0.262177 0.040540 -0.010938 -0.011206
1.0 -0.106720 0.645325 -0.086395 0.015419 -0.026555 -0.005829
1.0 -0.607228 -0.865905 0.821367 -0.039473 0.015509 0.016867
1.0 -0.764684 -0.679737 -0.092487 -0.012399 -0.018346 -0.020671
1.0 -0.034536 0.460831 -0.486485 0.036502 0.021121 -0.024260
1.0 0.777713 0.175004 0.086316 0.029064 0.032261 0.019056
1.0 -0.586121 -0.260803 -0.255936 -0.016612 0.045186 0.046641
1.0 -0.425902 0.952056 -0.259872 0.016090 0.024014 -0.042836
1.0 -0.909798 0.469570 0.532923 -0.032140 -0.034723 -0.006381
1.0 0.355427 0.184201 -0.767299 0.029390 -0.004982 -0.043870
1.0 -0.652061 0.464758 0.541634 0.015979 -0.004890 0.000960
1.0 0.066664 -0.034382 -0.502814 0.042515 0.040019 -0.020526
1.0 0.511376 0.646204 0.270490 -0.019129 -0.005941 -0.027639
1.0 0.336446 -0.836313 -0.648515 0.014764 0.023539 -0.010838
1.0 0.500140 -0.551817 -0.514147 -0.006324 -0.030306 -0.048183
1.0 0.798260 0.220938 0.654747 -0.004676 -0.013814 -0.032275
1.0 -0.150362 0.686258 0.757951 -0.028136 0.046898 0.032294
1.0 0.027990 0.775828 0.452052 -0.030002 0.043079 0.045467
1.0 0.770861 -0.022229 -0.147356 0.021582 0.031963 -0.038869
1.0 0.360029 0.670564 -0.091368 -0.005721 -0.013827 0.007390
1.0 -0.299115 -0.451694 0.947170 -0.029952 0.033086 -0.006270
1.0 -0.740273 0.220491 -0.542761 -0.040158 -0.020178 0.006607
1.0 -0.327157 -0.659920 0.557774 0.031718 0.006401 -0.027373
1.0 0.703313 -0.015791 0.051098 -0.025948 -0.020314 -0.013089
1.0 0.861541 0.743164 -0.315643 0.049142 -0.024195 -0.042550
1.0 -0.538850 -0.821027 -0.630609 0.029074 0.040729 0.044495
1.0 0.950296 -0.876372 -0.014194 0.022328 0.033607 -0.039358
1.0 0.116138 0.914356 -0.820206 0.024312 0.025509 0.030606
1.0 -0.184155 0.628219 -0.983154 0.034272 -0.030606 -0.043338
1.0 -0.652992 0.567253 0.326404 0.043848 0.028894 0.037252
1.0 -0.505887 0.272039 -0.408007 -0.025945 -0.044620 -0.014547
1.0 0.913571 -0.760667 -0.982587 0.023937 0.031137 -0.040892
1.0 0.704293 0.033511 -0.346912 0.012009 0.023572 0.014689
1.0 0.581402 -0.218536 0.541764 -0.044104 -0.000179 0.042796
1.0 0.507400 -0.879359 0.373703 -0.032776 0.013377 -0.041337
1.0 -0.761330 0.123991 0.734270 -0.005247 -0.019537 -0.040703
1.0 0.990334 -0.023404 -0.452323 0.010742 0.041587 -0.014383
1.0 -0.093428 -0.481097 -0.840820 0.026771 0.037621 0.015351
1.0 0.648483 -0.833522 -0.181606 0.035519 -0.013260 -0.036963
1.0 0.284941 -0.471028 0.075643 -0.036091 -0.006747 0.043863
1.0 0.298801 -0.918588 -0.592329 -0.008548 -0.011895 0.012672
1.0 -0.755938 -0.364986 0.088203 -0.021972 -0.022214 0.045113
1.0 0.325235 0.027372 0.577763 -0.007049 -0.001837 -0.034224
1.0 0.363275 0.646322 0.639338 -0.014434 0.005359 -0.029915
1.0 0.319279 0.877265 0.895357 -0.005959 -0.007521 0.010721
1.0 -0.296155 -0.535483 0.495843 0.022124 0.018028 -0.049590
1.0 -0.707658 -0.563367 -0.222495 -0.013291 0.045267 -0.042461
1.0 -0.167321 -0.787244 0.888153 0.049684 0.038631 0.033021
1.0 -0.828732 0.259939 0.148810 0.036345 -0.009814 -0.031269
1.0 -0.242198 -0.283546 0.139956 -0.037515 -0.049105 0.002007
1.0 0.131604 -0.936905 -0.300450 -0.027530 0.020846 0.033815
1.0 -0.086026 0.283618 0.866426 0.001070 -0.048342 -0.037145
1.0 -0.680193 -0.362846 -0.270464 0.035913 -0.015406 -0.003169
1.0 0.443256 -0.489959 -0.356940 -0.028879 -0.034869 -0.022447
1.0 0.722722 -0.099818 0.297797 0.046573 0.046918 0.013078
1.0 -0.077887 0.215329 0.872483 -0.005020 -0.023082 -0.009316
1.0 -0.798498 0.903951 0.099124 -0.021531 -0.046135 -0.044554
1.0 -0.485350 0.217633 0.879151 0.042594 0.045009 0.012870
1.0 0.576122 -0.858934 -0.107294 0.018418 -0.046277 0.027411
1.0 0.128221 0.371161 -0.869286 -0.041523 0.036812 -0.031776
1.0 -0.679597 -0.094955 -0.254798 0.005436 -0.044622 -0.041952
1.0 -0.717076 0.678621 0.576446 -0.029939 -0.032122 -0.009396
1.0 0.817519 -0.971831 -0.554375 0.004736 0.022912 0.048622
1.0 0.408874 0.048689 0.866946 0.011259 -0.034718 0.009058
1.0 0.684050 0.213104 0.587878 0.011843 0.002293 0.020099
1.0 0.105350 0.603760 -0.720286 -0.011366 -0.006419 -0.000415
1.0 0.413734 0.599284 0.891451 0.020717 0.035038 -0.043383
1.0 0.865733 0.243165 0.521627 0.028387 -0.032653 -0.029516
1.0 0.176649 0.889793 -0.022339 -0.025637 0.001766 0.016347
1.0 -0.042894 -0.723334 0.556664 0.039691 0.035046 0.005154
1.0 -0.602909 0.016788 0.207545 -0.024974 -0.021319 0.048566
1.0 0.592041 0.686462 0.396628 0.006817 0.003622 0.038019
1.0 -0.474186 -0.661363 0.746312 -0.009591 0.040267 -0.015369
1.0 -0.813901 0.331120 0.834002 0.005641 0.028922 0.024082
1.0 0.128480 -0.095592 -0.596167 0.043609 0.009077 -0.016038
1.0 -0.697413 -0.095220 0.240181 0.048132 -0.014939 0.049470
1.0 0.407990 -0.704139 -0.884419 0.024025 -0.000910 -0.025850
1.0 0.760445 0.938830 -0.689566 0.029539 0.008309 0.005891
1.0 -0.191508 -0.532467 -0.965305 0.004703 -0.022540 -0.021684
1.0 0.531208 -0.051490 0.939950 -0.047804 0.018612 0.033298
1.0 -0.452376 0.515391 0.151348 -0.012463 0.041109 -0.037822
1.0 0.088002 0.701926 -0.003444 0.010919 -0.045882 0.007668
1.0 -0.110731 -0.058373 -0.481327 0.011971 -0.027499 -0.030934
1.0 -0.785460 0.139552 -0.742643 -0.000755 0.009062 0.016901
1.0 0.306232 -0.381567 0.921837 -0.006934 0.030783 -0.048607
1.0 -0.240437 0.677152 0.508305 -0.023568 0.015784 0.049296
1.0 0.634114 -0.228619 0.075751 0.040066 -0.038187 -0.037371
1.0 -0.340070 0.730548 0.694534 -0.014858 -0.008940 -0.000212
1.0 0.982583 0.513505 -0.062824 0.010995 -0.030989 -0.031271
1.0 0.658233 0.269511 0.425415 0.001095 -0.031987 0.045683
1.0 -0.028480 -0.072528 0.157487 -0.041537 0.010396 -0.033670
1.0 -0.868292 -0.717518 0.561781 0.038243 0.003288 0.019967
1.0 0.380682 -0.049895 -0.213716 -0.016797 -0.023719 -0.031162
1.0 -0.656666 -0.119956 0.834713 0.016024 -0.030243 0.003425
1.0 -0.115739 0.455799 0.373151 -0.010873 0.013633 0.010987
1.0 -0.495798 -0.447996 0.031378 0.027008 0.035969 0.004632
1.0 0.991336 0.545773 -0.306197 -0.038791 -0.000780 -0.046838
1.0 0.125465 -0.483967 0.324581 0.045796 0.042696 0.004951
1.0 -0.193342 0.102354 -0.340699 -0.004820 -0.037312 0.022298
1.0 -0.097276 -0.404228 -0.628134 0.003020 0.019970 0.024033
1.0 0.460334 0.621973 -0.158592 -0.040365 -0.003567 -0.017928
1.0 0.624249 0.828421 -0.776806 0.023179 -0.040353 0.019063
1.0 -0.342977 0.347217 0.677596 -0.005401 -0.022695 -0.028876
1.0 -0.133135 -0.663245 -0.410778 0.035616 -0.038027 -0.031866
1.0 0.391209 -0.982324 -0.843152 0.013408 0.010670 -0.034836
1.0 -0.211404 -0.377475 -0.480030 0.007482 -0.002904 -0.031906
1.0 -0.176231 -0.939398 -0.623783 0.027478 0.000568 0.031817
1.0 -0.012303 -0.500796 -0.755190 -0.000400 0.006464 0.049346
1.0 0.613293 -0.997784 -0.643310 -0.039406 -0.000365 -0.040539
1.0 0.314667 -0.909321 -0.764586 -0.047413 -0.010329 0.022129
1.0 0.008180 -0.946557 0.723047 -0.039559 -0.036327 0.025488
1.0 -0.090570 -0.248177 0.886266 0.047747 0.008139 0.037372
1.0 0.374320 0.862543 -0.219437 -0.018756 0.048534 0.003589
1.0 0.005023 0.844656 0.290347 -0.038634 -0.017822 0.004617
1.0 0.852536 0.881805 0.331552 -0.017422 -0.031947 0.024583
1.0 -0.104137 0.339746 0.980543 -0.006687 -0.040193 -0.012742
1.0 0.099535 0.205020 0.092143 -0.007665 -0.026016 -0.039651
1.0 0.211038 0.264374 0.156253 0.045418 0.036509 -0.040076
1.0 0.555751 -0.234226 0.989893 -0.046384 -0.031975 -0.020811
1.0 0.895538 -0.744435 0.949580 0.002969 0.042405 -0.005847
1.0 0.454210 -0.230712 -0.427203 -0.037277 0.029394 0.007934
1.0 0.795328 0.690027 0.823554 -0.011851 0.019539 0.048870
1.0 -0.880335 0.224214 0.556170 0.015874 -0.025481 0.045176
1.0 0.820898 0.919073 -0.840100 0.019382 -0.014603 0.024706
1.0 -0.608408 -0.881525 -0.967571 0.000639 0.019844 -0.018998
1.0 -0.314835 -0.362260 0.978490 0.032035 -0.008178 -0.031639
1.0 -0.892857 -0.817424 0.819581 -0.045609 0.036987 0.033451
1.0 0.030630 -0.996182 -0.761239 -0.025295 -0.041711 0.049922
1.0 0.319408 -0.502307 -0.087011 0.012701 0.020928 0.001234
1.0 -0.155421 0.297667 0.814973 0.019842 0.005564 -0.017910
1.0 -0.761937 -0.434279 -0.015999 -0.000649 -0.004263 -0.005703
1.0 -0.381771 0.792082 0.058598 -0.021803 -0.012280 0.018424
1.0 0.412209 0.299726 -0.193944 0.018829 -0.004104 0.023830
1.0 -0.687990 -0.325395 0.909947 -0.047060 -0.046008 0.042371
1.0 0.818253 0.760580 0.914596 -0.003293 0.043579 0.011524
1.0 -0.555119 -0.151267 0.260191 -0.022853 -0.020549 -0.017018
1.0 -0.778648 0.717630 0.888714 -0.042137 0.048505 0.023230
1.0 0.505870 -0.137818 -0.552688 -0.036259 -0.024652 -0.047951
1.0 0.291108 0.552730 0.444987 -0.009653 -0.025624 -0.013957
1.0 -0.854569 0.412402 -0.494563 0.033164 -0.033665 -0.047344
1.0 0.483599 -0.762595 -0.488057 -0.034683 -0.034640 -0.000565
1.0 -0.556045 -0.988617 0.578563 0.028318 -0.038589 -0.021769
1.0 0.802164 -0.368666 -0.394270 -0.031566 -0.000396 0.049991
1.0 -0.531062 -0.110166 0.575276 0.028475 -0.018888 -0.044720
1.0 0.932894 -0.621449 0.537458 -0.046605 -0.030884 -0.007795
1.0 0.427303 0.055024 0.676048 -0.036014 0.033531 -0.004929
1.0 0.303026 -0.344181 0.984543 0.022872 -0.048689 0.033799
1.0 -0.097422 0.345917 0.393235 -0.042620 0.002443 0.023736
1.0 -0.450769 0.248820 0.973106 0.037310 -0.007953 -0.026674
1.0 -0.952712 -0.125148 0.349023 -0.018854 0.010173 -0.040138
1.0 -0.503311 -0.361574 0.609879 -0.029550 0.001826 -0.000278
1.0 0.042262 -0.283866 0.724913 0.018907 -0.003398 -0.009911
1.0 0.252382 -0.589480 -0.583905 -0.021335 0.031701 -0.012873
1.0 -0.904469 0.567526 0.483615 0.036078 -0.049327 -0.008451
1.0 -0.789347 -0.984846 -0.778561 -0.009551 -0.036990 -0.011315
1.0 0.668027 0.878490 -0.151424 0.047500 0.007292 0.001492
1.0 0.246705 0.553904 0.742420 0.034389 -0.049485 -0.030441
1.0 0.675445 -0.393163 -0.612889 0.041145 -0.027691 0.008829
1.0 -0.251464 -0.210261 0.612906 -0.046931 -0.005675 0.025341
1.0 -0.368148 0.185573 0.889395 -0.031318 -0.035357 0.012700
1.0 -0.045423 -0.752756 0.208345 0.028329 0.000395 0.026519
1.0 -0.586577 0.208676 0.091396 0.008285 -0.013797 -0.016325
1.0 0.289637 0.173646 -0.190511 -0.017479 -0.002059 -0.037061
1.0 -0.469143 -0.825118 0.167042 -0.003650 0.047351 0.001834
1.0 0.144567 -0.021980 -0.994865 0.015888 -0.001428 -0.048002
1.0 0.849967 -0.447729 0.450336 -0.031808 -0.023320 -0.021048
1.0 -0.648920 0.445004 0.763035 0.038478 -0.031582 -0.034080
1.0 -0.357718 -0.070770 -0.232222 0.027322 -0.012798 -0.013249
1.0 0.963869 0.929127 -0.506127 -0.033876 0.001395 -0.049926
1.0 -0.394943 -0.661087 -0.519878 -0.016884 0.031839 -0.013511
1.0 -0.483840 -0.044560 0.660358 -0.000486 0.046890 -0.022706
1.0 -0.059245 -0.523051 -0.416149 -0.007165 -0.045932 0.009418
1.0 0.179153 0.003343 0.909362 -0.028553 0.025050 0.024677
1.0 -0.574000 -0.112064 0.389672 -0.027866 -0.028659 0.015518
1.0 0.634005 -0.726161 -0.241159 0.037692 0.006771 0.006497
1.0 0.745023 -0.035569 0.682790 -0.036753 0.033610 -0.027793
1.0 0.215800 -0.627306 0.441823 -0.039850 -0.037791 -0.003483
1.0 -0.256829 0.499661 -0.189961 -0.009283 -0.020243 -0.014744
1.0 0.469652 0.169565 -0.847284 -0.040875 -0.000092 0.006735
1.0 0.971217 -0.504642 -0.436313 -0.020182 -0.028981 0.012732
1.0 0.135433 -0.808158 0.471858 0.049763 0.007304 -0.032142
1.0 -0.854716 0.793264 -0.460224 -0.003815 -0.012112 0.038713
1.0 0.837578 0.956666 -0.411444 0.035537 0.030000 -0.000823
1.0 0.318580 0.028897 -0.691936 0.029225 0.011552 -0.024109
1.0 0.502631 -0.926513 0.458594 -0.035922 0.010881 -0.007184
1.0 0.013380 0.262743 0.343332 0.029956 -0.033092 -0.024369
1.0 0.940654 0.828370 0.602802 -0.018307 -0.026647 0.043495
1.0 -0.722206 0.455874 -0.841967 -0.003419 -0.025422 -0.010180
1.0 -0.231512 -0.802656 0.402408 -0.010193 0.006715 0.015724
1.0 -0.426562 0.053509 0.239891 -0.044919 -0.023702 0.035003
1.0 -0.930487 0.511809 0.816195 -0.005153 0.024900 -0.028403
1.0 -0.946291 -0.042550 0.528615 0.024021 0.030144 0.036200
1.0 -0.511362 0.293731 0.448924 0.046988 0.034574 0.025636
1.0 0.644579 0.164581 -0.074779 0.040889 0.046456 0.038280
1.0 -0.004670 -0.811248 -0.131617 -0.002528 0.034404 0.002520
1.0 0.346417 0.580036 -0.790808 0.008793 -0.022606 0.009590
1.0 0.063037 0.735514 -0.814747 0.033869 -0.023388 -0.024320
1.0 0.763362 -0.410358 -0.344787 0.047347 0.025751 -0.036323
1.0 0.552899 0.653453 0.151475 0.046083 0.033120 -0.017570
1.0 0.011794 0.889146 -0.367580 -0.044322 0.040221 0.005711
1.0 -0.764304 -0.951272 0.435693 -0.042488 -0.006873 0.021716
1.0 -0.979247 0.581156 -0.982450 0.049763 0.047327 0.009025
1.0 -0.773088 0.438998 0.865113 0.049425 0.014565 0.021015
1.0 0.565842 0.616924 -0.417282 -0.013702 -0.044908 -0.004787
1.0 0.305155 0.173801 -0.728360 0.015961 -0.018180 -0.040677
1.0 0.293043 0.653694 -0.463796 0.031794 0.047526 0.029549
1.0 0.689700 0.462418 0.658402 -0.039252 -0.024943 -0.006573
1.0 -0.908535 0.372070 -0.570211 0.001370 0.018966 0.042371
1.0 0.999357 0.073994 0.144966 0.025416 0.008374 -0.000793
1.0 0.355709 0.977241 -0.472728 -0.016594 -0.020800 -0.017679
1.0 0.370107 -0.871522 0.526460 0.039168 -0.003917 -0.003866
1.0 0.572402 0.237050 -0.047348 0.024204 0.034753 -0.008514
1.0 0.775724 -0.342965 -0.985369 0.009757 -0.015292 0.005976
1.0 -0.518869 0.063269 -0.169287 0.013566 0.017245 0.047450
1.0 -0.319315 -0.865657 -0.954895 -0.023670 0.037777 -0.013839
1.0 0.091173 0.216284 0.113458 -0.042195 -0.023839 0.000618
1.0 0.535582 0.016496 0.007544 -0.040044 0.043068 -0.034138
1.0 0.606413 -0.760988 -0.279623 -0.032247 -0.001153 -0.038678
1.0 -0.819940 -0.316972 0.925520 0.031003 -0.013166 -0.016937
1.0 -0.411799 -0.259806 0.385785 0.026883 0.037787 -0.028948
1.0 -0.884233 -0.343694 0.909774 0.013694 -0.014013 -0.037722
1.0 -0.294395 -0.737946 -0.991268 0.019344 -0.046743 -0.015274
1.0 -0.257221 0.657099 -0.444852 0.014057 -0.024687 -0.018859
1.0 -0.194711 -0.804626 -0.251985 -0.017799 -0.041693 0.003353
1.0 -0.446124 0.150024 -0.471042 -0.008874 0.006848 0.036785
1.0 0.070028 -0.396631 0.962684 0.004811 0.006130 0.016606
1.0 -0.438652 -0.344426 0.098785 0.043251 0.000500 -0.045707
1.0 0.388176 0.944278 0.034637 -0.013262 -0.002222 -0.046339
1.0 0.301214 -0.967755 -0.776694 0.002661 -0.007863 0.044430
1.0 0.717913 0.678273 -0.481086 -0.046547 -0.019190 0.022875
1.0 -0.423570 0.412616 0.454239 -0.012629 -0.009472 0.028492
1.0 0.770131 0.003019 0.357166 -0.043064 0.018392 -0.010737
1.0 0.615804 -0.842427 0.126979 0.033967 -0.049924 0.016765
1.0 -0.091118 0.229444 -0.904956 -0.006190 -0.034216 0.007885
1.0 -0.477569 0.868159 -0.262879 -0.046082 -0.008806 -0.015410
1.0 -0.830397 -0.701527 0.265658 0.039345 -0.026120 0.017208
1.0 0.381434 -0.128829 -0.383194 0.033438 0.001149 -0.027085
1.0 0.015910 0.040253 -0.573680 0.047662 -0.048943 -0.025399
1.0 0.518956 0.187678 -0.502072 0.040711 0.026546 -0.021817
1.0 0.170999 0.972558 -0.080203 0.007851 -0.002040 0.048000
1.0 -0.071267 -0.964878 -0.519141 -0.037673 -0.032805 0.009922
1.0 -0.406027 0.978655 0.784575 -0.024824 -0.047525 0.037064
1.0 -0.950620 -0.000937 0.158124 0.034614 -0.041086 0.020039
1.0 -0.698721 -0.086506 0.343697 -0.023386 0.009537 -0.017567
1.0 0.109956 -0.018807 -0.814244 -0.018519 0.031263 -0.027176
1.0 0.514061 -0.608070 0.099189 0.048828 -0.002800 -0.032631
1.0 0.572833 0.935904 -0.017832 -0.034494 0.007219 0.044798
1.0 -0.611525 -0.236617 0.607023 -0.002143 0.028018 -0.021680
1.0 -0.796197 0.718293 0.127961 -0.012090 0.014814 -0.033949
1.0 0.133063 0.464397 0.389487 0.016835 0.049176 -0.008345
1.0 0.464848 -0.686641 -0.339138 -0.013987 0.025667 -0.037062
1.0 0.505696 0.384440 -0.584035 -0.018980 -0.036633 -0.010245
1.0 0.921756 0.280782 0.944313 -0.010104 0.017344 0.049272
1.0 -0.625000 -0.832976 -0.262544 -0.036188 0.012966 0.027579
1.0 0.866284 0.034771 -0.662915 -0.006017 0.010959 0.003351
1.0 -0.676951 0.327028 0.852846 0.015434 0.014577 -0.003288
1.0 0.451496 -0.049836 -0.877385 -0.020205 -0.002794 0.040126
1.0 -0.626080 0.279095 -0.879820 -0.020638 0.022366 0.030507
1.0 -0.923030 0.665923 -0.606480 0.011414 0.012241 -0.046204
1.0 0.182596 0.812989 -0.587399 -0.003156 0.022269 -0.015542
1.0 0.456467 -0.525514 0.840893 -0.010771 0.028911 0.037280
1.0 0.686043 -0.088086 -0.006487 -0.026805 0.045753 0.038340
1.0 -0.382063 0.807317 -0.180249 0.009672 -0.015523 -0.030055
1.0 -0.805043 0.260318 -0.648943 -0.024376 0.035483 0.029481
1.0 -0.234056 -0.066496 -0.738846 0.004541 -0.016990 -0.024713
1.0 0.301153 -0.018558 -0.462974 -0.009221 0.015249 -0.042157
1.0 0.094341 0.730779 -0.197498 -0.049282 0.000846 0.045941
1.0 -0.711930 0.173869 0.656233 0.017145 -0.011818 -0.032598
1.0 -0.572141 0.009408 0.368750 0.033001 0.012704 0.032296
1.0 0.791300 0.701607 -0.074702 0.025204 0.010291 0.005239
1.0 0.462396 -0.502894 0.638978 -0.041041 0.039167 0.035859
1.0 -0.936417 -0.133207 -0.090658 0.018181 -0.021645 0.015048
1.0 -0.977987 0.476029 0.809958 -0.006234 -0.011933 -0.043277
1.0 0.624837 0.949223 0.077564 0.017453 -0.008043 0.037277
1.0 -0.265827 0.833984 -0.411451 0.026431 -0.030041 -0.005081
1.0 0.134342 0.583067 -0.996919 -0.010801 -0.046437 0.007624
1.0 -0.713049 0.613618 0.299622 0.025683 -0.049885 0.021817
1.0 -0.791836 0.991949 -0.409203 -0.031463 0.047802 0.044061
1.0 0.421029 0.440142 0.477108 -0.021720 -0.009378 -0.027331
1.0 0.856340 0.596447 -0.000193 0.019024 -0.011994 0.015781
1.0 0.289396 0.166331 -0.944036 -0.008476 0.007456 0.025521
1.0 -0.698526 0.208015 -0.330115 -0.046979 -0.013487 -0.029894
1.0 -0.897807 -0.178160 0.801680 -0.008338 -0.003179 0.000292
1.0 -0.220795 -0.031437 -0.608167 -0.038324 -0.041714 -0.014231
1.0 -0.017995 -0.414848 0.976135 -0.043265 -0.048395 0.040073
1.0 0.948838 -0.957816 -0.726122 -0.046497 -0.000693 -0.030490
1.0 0.656015 0.746702 -0.586841 0.046353 0.006298 0.042790
1.0 -0.451733 -0.211816 -0.888679 0.033537 -0.049231 -0.001983
1.0 -0.023865 0.179977 -0.901002 -0.029074 -0.005791 0.043184
1.0 0.760779 -0.108978 -0.013584 0.026143 0.011896 -0.026622
1.0 -0.280753 0.010988 0.505880 0.039570 0.029393 -0.036185
1.0 0.200642 -0.544460 -0.289241 -0.003087 0.001387 0.003458
1.0 0.061370 0.343505 0.970702 -0.006586 0.012827 0.002354
1.0 0.407602 0.563636 -0.870784 0.041949 0.046335 -0.043411
1.0 -0.184606 -0.686422 0.173305 0.038119 0.018871 -0.007289
1.0 -0.813189 -0.940577 -0.873630 -0.009223 -0.000546 -0.009590
1.0 0.165245 0.472349 -0.246169 0.016105 -0.010872 -0.015122
1.0 -0.487294 -0.537155 0.733504 -0.035681 0.005811 0.026095
1.0 -0.286402 0.986867 -0.754472 -0.049275 -0.019327 -0.019982
1.0 -0.750674 0.932447 -0.448609 -0.011608 0.014216 0.038737
1.0 0.604924 -0.524084 -0.377598 0.010905 0.005936 0.017776
1.0 0.381495 -0.970788 0.417435 -0.033518 -0.033684 -0.003797
1.0 0.798468 0.610898 -0.134761 -0.010823 0.019563 0.008313
1.0 0.480901 -0.840080 -0.565848 0.012065 -0.024867 -0.036314
1.0 0.724833 0.220434 0.441473 -0.020737 0.027656 0.012594
1.0 -0.989793 -0.206131 0.338758 -0.030947 -0.019271 0.019640
1.0 -0.263794 -0.928626 0.951814 0.018715 0.045832 0.019840
1.0 0.198611 0.525290 0.104059 0.014475 0.041689 -0.045472
1.0 0.338358 -0.646378 -0.171403 -0.032488 -0.037590 -0.017556
1.0 -0.630040 -0.867973 0.114624 -0.030146 -0.042423 -0.027226
1.0 -0.049900 -0.198856 0.633186 0.009641 0.019491 0.010246
1.0 -0.076992 0.206932 -0.746205 0.048482 -0.047786 -0.048406
1.0 -0.812999 -0.935622 -0.381971 -0.032311 -0.038487 0.047884
1.0 -0.461484 0.265034 0.528917 -0.034103 -0.006402 0.026340
1.0 0.336109 0.605586 -0.629209 -0.012418 0.035775 -0.037691
1.0 0.769023 -0.922826 0.516219 0.045952 0.004743 0.028728
1.0 -0.266020 0.737083 0.219095 0.016076 0.049921 0.000367
1.0 -0.808893 0.147023 0.143639 0.000283 0.035100 0.041356
1.0 -0.989031 0.092730 0.527241 -0.030601 -0.017830 0.017101
1.0 0.034031 0.455446 0.113369 -0.043099 -0.012309 -0.013932
1.0 -0.410165 0.021145 0.097662 0.017430 -0.049342 0.017887
1.0 0.199881 0.372917 -0.077773 0.043814 -0.037233 -0.030699
1.0 -0.660652 -0.736609 0.830390 0.033571 -0.007692 -0.014707
1.0 -0.445156 -0.625942 0.722198 0.029114 -0.045181 -0.046319
1.0 -0.181720 0.095132 0.061125 0.008250 -0.019314 0.048825
1.0 -0.985784 -0.970600 0.222560 -0.018945 -0.046874 0.049263
1.0 -0.001348 0.564562 0.240986 0.020025 -0.014186 0.038014
1.0 -0.882292 -0.553394 0.750179 0.031308 0.019888 0.000930
1.0 -0.680939 0.714509 -0.883446 0.030497 -0.001606 0.010017
1.0 -0.357570 0.120324 -0.550273 0.009332 0.036097 0.049327
1.0 -0.997660 -0.653514 0.123935 0.047564 0.035486 -0.006288
1.0 -0.636184 -0.244003 0.147102 -0.006103 0.043125 0.034686
1.0 0.288690 -0.990992 0.554566 -0.011042 0.028240 -0.043591
1.0 -0.002578 0.790518 0.025225 0.043601 -0.042509 0.037446
1.0 0.746102 0.986146 -0.962521 0.002573 -0.030630 0.004455
1.0 -0.088851 -0.364229 -0.284542 -0.013787 0.036833 0.030950
1.0 -0.073202 -0.344997 -0.806317 -0.011582 0.044620 0.032337
1.0 0.181167 -0.618183 0.733705 -0.013699 -0.049748 -0.006475
1.0 -0.663562 -0.737474 -0.496446 -0.030541 0.014548 0.025807
1.0 0.885888 -0.270296 0.986465 0.014316 0.007796 0.025697
1.0 -0.810243 -0.527965 0.234903 0.035020 -0.019672 -0.031210
1.0 0.311225 0.689400 0.355123 0.019703 -0.035812 -0.036335
1.0 0.803949 0.053739 -0.777652 0.046068 0.023361 0.025736
1.0 -0.891902 -0.481583 0.272484 -0.045381 -0.034669 0.018262
1.0 -0.761333 -0.139519 0.520432 0.017178 -0.016882 0.042738
1.0 0.024429 0.130569 -0.384136 0.031458 -0.043757 0.047091
1.0 0.598560 -0.002443 0.985166 -0.039046 0.019857 -0.034172
1.0 0.313626 0.554743 0.330444 0.019603 0.019085 -0.022648
1.0 -0.818572 0.984345 -0.506373 -0.010767 -0.016323 0.002979
1.0 0.676434 0.788830 -0.420410 -0.010401 -0.013917 -0.006754
1.0 -0.861742 0.853882 -0.318887 -0.045468 -0.045156 -0.042260
1.0 0.771982 0.399205 -0.531875 0.028835 -0.028597 0.008380
1.0 -0.096895 0.720349 0.084479 -0.003482 -0.026779 -0.033314
1.0 0.009125 -0.642894 0.740630 -0.009660 0.027549 0.044381
1.0 -0.294538 -0.790955 -0.588087 -0.037407 -0.027072 0.046586
1.0 0.739059 -0.054514 0.074422 -0.048265 -0.033977 -0.027538
1.0 -0.554669 -0.734973 -0.057246 0.027701 0.027590 -0.038186
1.0 0.485514 0.367222 -0.780979 -0.026967 -0.027116 0.041364
1.0 -0.207211 0.558948 -0.952292 0.041000 -0.031105 0.039723
1.0 0.775372 -0.658912 0.626525 0.003581 -0.001543 -0.005849
1.0 0.734369 -0.738459 -0.609762 -0.027692 0.049388 0.006771
1.0 0.695872 -0.396841 -0.441542 0.034387 0.043523 -0.040301
1.0 -0.519429 -0.375291 -0.438866 -0.025570 -0.046502 -0.011146
1.0 0.187177 0.419795 0.366925 -0.044210 -0.017163 -0.009590
1.0 -0.206878 0.194772 0.119535 0.041800 0.025536 -0.033695
1.0 0.686641 0.926280 0.590912 -0.020689 -0.021320 0.032731
1.0 0.238367 0.090529 -0.900404 -0.029896 0.005744 -0.049915
1.0 0.665521 -0.580407 -0.029512 0.028685 -0.040477 -0.019130
1.0 0.067699 0.530848 0.391116 0.031249 -0.003192 -0.042243
1.0 -0.694779 -0.258345 0.483851 0.030201 0.006477 -0.010267
1.0 -0.253368 0.672946 0.680649 0.048405 0.049610 -0.033845
1.0 0.956809 0.923670 -0.849813 0.013176 -0.034825 -0.013940
1.0 0.719500 -0.872135 0.342225 0.031137 -0.035257 -0.004211
1.0 -0.635783 0.389429 -0.295926 0.003770 0.034299 -0.024728
1.0 -0.804733 -0.807287 -0.553410 0.001974 -0.046146 0.040135
1.0 -0.170151 -0.846309 -0.639651 0.009242 -0.006498 0.024391
1.0 -0.688206 -0.805823 -0.478373 -0.040094 -0.035764 -0.046683
1.0 -0.442041 0.168679 0.746190 -0.019783 -0.008020 -0.013605
1.0 -0.995848 -0.007277 0.972846 0.042371 0.024492 0.002677
1.0 0.099302 0.962449 0.588549 0.032011 0.045112 0.001511
1.0 -0.865066 -0.790872 0.382834 -0.000768 -0.007319 0.011414
1.0 -0.341463 0.272859 -0.290724 0.013087 0.027934 -0.032237
1.0 0.926005 -0.442877 0.940305 0.047723 -0.049684 -0.037424
1.0 -0.993229 -0.439558 -0.873302 0.005285 0.024264 -0.039531
1.0 -0.981843 0.006083 0.887066 0.013075 -0.031812 -0.030509
1.0 -0.694840 0.803492 -0.093544 0.026602 -0.018025 -0.027232
1.0 -0.117310 -0.116999 0.653210 0.044845 0.008903 0.035106
1.0 0.056924 -0.122055 0.063594 -0.016495 0.026469 0.040039
1.0 0.136318 0.407720 0.391679 0.008542 -0.006089 0.044990
1.0 -0.568434 0.534300 -0.569292 -0.019090 0.000446 0.048705
1.0 0.753115 0.193596 0.901604 0.007917 -0.047041 0.035542
1.0 0.090821 0.574359 -0.762808 0.033660 -0.039964 -0.017227
1.0 0.313880 0.955231 -0.363203 -0.008289 -0.018462 0.042890
1.0 -0.006883 0.027369 -0.967236 0.026982 0.007736 -0.004808
1.0 0.617167 0.234860 -0.122246 -0.007766 -0.019775 0.025283
1.0 -0.714628 -0.757469 0.980733 -0.021838 0.023837 -0.013425
1.0 -0.819641 -0.477335 -0.138646 -0.001176 -0.042987 -0.026528
1.0 0.985448 -0.588088 0.310769 -0.036273 0.043695 -0.006884
1.0 -0.417400 0.243540 -0.987444 0.000448 -0.026585 -0.046017
1.0 0.105191 -0.776986 0.792352 0.003854 0.003105 -0.019138
1.0 0.694542 0.733352 -0.890774 0.008683 0.004161 0.042290
1.0 0.182924 -0.943045 -0.002650 -0.023336 0.003860 -0.018735
1.0 0.119865 -0.867338 -0.761377 -0.016129 -0.046505 -0.003651
1.0 -0.755169 0.717993 -0.054026 -0.002997 -0.001587 0.022724
1.0 -0.842975 0.618715 0.023222 -0.036279 -0.003508 0.041137
1.0 0.447376 0.440695 -0.157277 -0.033850 0.018482 0.012297
1.0 0.324332 -0.017060 -0.039611 -0.023716 0.009886 0.002346
1.0 0.907201 0.969666 -0.423915 0.016607 -0.047592 0.045518
1.0 0.384804 -0.526833 0.583020 0.027572 0.004809 -0.002214
1.0 0.652700 -0.927138 -0.850480 0.029254 -0.021577 -0.021292
1.0 0.375898 -0.168003 -0.170411 0.022504 -0.015761 0.029918
1.0 -0.243201 0.115108 0.209844 -0.000173 -0.032902 0.028118
1.0 -0.099370 0.410323 0.329205 0.015303 0.008034 -0.020339
1.0 0.026811 0.417329 0.330465 -0.024393 0.043121 -0.007163
1.0 0.417957 -0.840457 -0.460459 -0.016942 -0.014081 0.022824
1.0 -0.373405 0.428877 0.609706 0.020073 -0.025823 0.037480
1.0 -0.128145 -0.150293 -0.862521 -0.047837 -0.019248 -0.048366
1.0 0.658202 0.893066 0.309628 0.018903 0.026211 -0.019460
1.0 -0.316450 -0.475896 -0.933894 0.047471 -0.041007 0.031621
1.0 0.801963 0.400144 0.265533 0.003260 -0.021017 0.008945
1.0 0.906602 -0.482129 0.992074 0.039149 -0.040614 0.016715
1.0 0.788667 -0.937118 0.723124 -0.025594 -0.004199 0.007207
1.0 -0.354252 -0.304155 -0.021642 -0.013554 -0.007011 -0.036809
1.0 -0.443230 -0.881019 0.706497 0.044194 -0.013864 -0.024666
1.0 -0.861113 -0.647457 -0.954185 -0.015944 0.016720 -0.042360
1.0 0.468920 0.076919 -0.465963 -0.038945 -0.001978 -0.019114
1.0 0.856082 -0.184351 0.451178 -0.037110 -0.011259 0.019468
1.0 -0.786710 -0.686873 -0.765547 -0.004880 -0.019319 -0.022706
1.0 0.901878 0.415313 0.413187 0.021276 0.036825 -0.039147
1.0 0.187143 -0.649568 0.792312 0.017867 0.021896 0.023577
1.0 0.039794 -0.367076 -0.815933 0.000683 0.009895 -0.023778
1.0 -0.485635 -0.832630 -0.788783 -0.042155 -0.017337 0.022580
1.0 0.288923 -0.881631 0.337881 -0.049735 -0.023212 -0.031792
1.0 -0.100816 -0.475220 0.667199 -0.038944 -0.018298 -0.001655
1.0 0.184180 -0.082344 -0.182514 0.037459 -0.001799 -0.037963
1.0 0.381015 0.179782 -0.526241 -0.019703 0.040969 0.029025
1.0 0.477540 0.234376 -0.867450 0.018439 0.044781 -0.049379
1.0 0.024593 0.748885 -0.411909 0.033054 -0.028829 -0.031575
1.0 -0.838363 -0.424049 -0.258633 0.025122 -0.012421 0.041277
1.0 0.841769 0.715930 0.410407 0.002285 0.033790 -0.045932
1.0 0.231472 0.515464 -0.839512 0.021483 -0.042023 0.002054
1.0 0.639692 -0.275521 -0.079849 -0.005725 -0.031099 0.042514
1.0 -0.957111 -0.276364 0.243296 0.038953 -0.004885 -0.009035
1.0 -0.056336 0.619193 -0.547368 0.008603 -0.016969 -0.031915
1.0 -0.240299 -0.590895 0.107380 0.008935 0.005386 0.035185
1.0 -0.737970 0.636327 0.732140 0.012032 0.020985 0.018979
1.0 0.954023 0.667849 0.307700 0.021017 -0.008022 0.032279
1.0 0.324797 0.185431 0.599851 0.040582 0.029264 -0.047662
1.0 -0.558587 0.510353 0.328234 0.033847 -0.026940 -0.026412
1.0 -0.765833 -0.729289 0.594802 -0.043614 -0.014756 0.027499
1.0 -0.065533 0.546237 0.952988 0.017366 -0.039374 -0.042151
1.0 0.374893 0.929146 0.137561 -0.003308 -0.025431 -0.028102
1.0 0.247445 0.513209 -0.079457 -0.037948 0.011631 -0.011987
1.0 -0.938877 0.857863 0.740688 -0.008524 -0.009626 -0.009283
1.0 -0.024682 0.131375 -0.608965 -0.047153 -0.039370 -0.016677
1.0 -0.310454 0.148174 -0.543334 -0.010048 0.044317 0.045524
1.0 -0.359417 0.281727 -0.482995 0.046039 0.023674 0.023367
1.0 -0.349528 0.376918 0.797692 0.046007 -0.027539 -0.007964
1.0 -0.194958 0.454361 -0.816135 0.000296 -0.011471 0.043562
1.0 0.942066 0.322720 -0.350262 -0.031484 -0.011169 -0.009963
1.0 -0.834145 0.594091 -0.262339 -0.037630 0.010243 -0.031123
1.0 0.075241 0.484531 0.151038 -0.035252 -0.046918 0.006479
1.0 -0.167691 0.503751 0.630750 -0.035631 0.047239 -0.040656
1.0 -0.666774 -0.949358 -0.548631 0.015285 -0.045583 0.007835
1.0 0.251450 0.280326 -0.797249 0.015643 -0.035259 0.040973
1.0 0.371938 0.914926 0.167089 0.047111 0.010062 -0.029002
1.0 -0.458503 0.087405 0.893662 0.042252 0.032884 0.049241
1.0 0.356850 -0.511405 0.347273 -0.014006 0.025961 0.039504
1.0 -0.499842 -0.330623 0.295113 0.023318 0.002669 0.023396
1.0 -0.121096 -0.501589 -0.662789 0.004309 0.008138 -0.007808
1.0 -0.615578 -0.460892 -0.700475 -0.046282 0.005791 0.003187
1.0 0.054240 -0.835073 -0.864526 0.016397 0.024533 0.007649
1.0 -0.001911 -0.797107 -0.026127 -0.035484 0.046730 0.043118
1.0 -0.267964 -0.737844 0.448329 -0.018558 0.015864 0.036975
1.0 -0.877551 0.989659 0.039708 -0.013649 -0.022880 0.036627
1.0 -0.125712 0.818555 -0.450101 -0.045374 -0.007512 -0.028012
1.0 0.031566 0.869790 0.466442 0.028369 -0.015723 -0.025868
1.0 -0.026389 -0.666477 -0.588972 -0.038937 0.023539 0.027830
1.0 -0.316660 -0.120338 0.320401 0.005804 -0.010905 0.004652
1.0 -0.116756 0.585233 -0.765391 0.011933 0.022562 0.008259
1.0 0.728960 -0.883346 -0.463067 0.030370 0.048924 0.000429
1.0 -0.778228 0.866492 0.345332 0.020292 -0.029263 -0.026509
1.0 -0.360980 -0.777902 0.119740 0.032487 -0.029479 -0.034103
1.0 -0.037576 -0.275564 -0.360668 -0.033025 -0.018510 0.047740
1.0 0.595854 -0.132518 -0.926757 0.028517 -0.039359 -0.040401
1.0 0.892636 0.969904 0.747182 0.034491 -0.003845 0.029050
1.0 -0.383717 -0.654440 -0.129554 -0.041960 -0.018245 0.016881
1.0 -0.804692 0.897052 -0.662689 -0.033879 -0.004773 -0.000874
1.0 0.657273 -0.172834 -0.845019 0.003174 -0.015293 0.023261
1.0 0.350722 -0.563208 -0.179150 0.010845 0.021250 0.020320
1.0 0.137765 0.170690 -0.835081 0.020745 0.015124 0.021071
1.0 0.207981 0.375625 -0.270323 0.002624 -0.002034 0.017366
1.0 -0.492917 -0.348099 0.563230 -0.003921 -0.004498 -0.003650
1.0 -0.350804 -0.920468 -0.932039 -0.048253 -0.040036 -0.049684
1.0 0.129040 -0.924347 -0.305355 0.020666 0.014844 -0.012391
1.0 0.159743 -0.838122 -0.110040 -0.034127 0.007622 0.032889
1.0 -0.586767 0.659466 0.969995 -0.023715 0.005512 -0.005276
1.0 -0.034847 -0.544076 -0.743309 -0.038438 -0.047065 0.045996
1.0 -0.420490 0.470497 -0.537243 -0.040655 -0.032406 -0.047355
1.0 -0.544472 -0.885966 0.097255 -0.009163 0.007220 -0.000813
1.0 0.257709 -0.366977 -0.433500 0.021042 -0.005226 0.037754
1.0 0.394011 -0.188196 0.575295 -0.048678 0.036447 0.034283
1.0 -0.497611 0.135913 -0.697751 -0.043347 0.025829 -0.038526
1.0 -0.722136 0.536690 0.728084 0.035793 -0.039995 0.035287
1.0 0.100397 -0.498951 -0.675590 -0.033076 -0.004427 -0.003667
1.0 -0.700339 -0.396414 0.297404 0.039772 0.039997 0.014370
1.0 0.206567 -0.372051 -0.396943 -0.001937 -0.015755 -0.043217
1.0 -0.558421 0.473469 0.109168 0.034035 0.034200 -0.000371
1.0 0.757213 0.595065 0.592597 0.021678 0.049023 0.035182
1.0 0.416146 0.170368 -0.219200 0.010099 0.041811 -0.041694
1.0 0.274170 0.319083 0.125073 -0.034892 0.001247 -0.011825
1.0 0.761656 -0.487651 0.456722 0.022790 -0.027069 0.002706
1.0 0.442378 -0.100095 -0.755432 0.035084 0.015141 -0.037888
1.0 0.755465 0.166089 -0.498613 -0.040412 -0.048296 -0.017589
1.0 0.540960 0.094026 0.043740 0.040657 -0.018793 0.008179
1.0 -0.424853 0.613561 0.365715 -0.003252 -0.006523 -0.027787
1.0 -0.917107 0.101553 -0.924475 0.018935 -0.010897 0.025608
1.0 -0.978329 0.696163 -0.872503 0.011172 -0.021870 -0.010675
1.0 0.930184 0.871443 0.100115 -0.008324 -0.010342 0.013211
1.0 0.934043 0.753288 0.948757 -0.001717 0.042452 0.035267
1.0 -0.860125 -0.391985 -0.983905 0.047641 0.009412 -0.045171
1.0 0.575501 -0.153611 0.312362 0.041719 0.026286 -0.016464
1.0 0.155255 -0.310544 0.514962 -0.029714 -0.039356 -0.030378
1.0 -0.840413 0.319049 -0.690911 0.042917 0.023272 -0.002659
1.0 -0.986301 -0.857008 0.194125 0.037603 0.007268 -0.015277
1.0 0.540777 -0.724950 -0.846209 -0.048389 0.038129 -0.048526
1.0 0.253486 -0.181677 -0.701365 0.034365 0.044311 0.026122
1.0 0.976497 -0.998776 -0.576120 -0.040898 0.033946 -0.006086
1.0 -0.372647 0.005690 -0.628891 -0.024844 -0.031882 0.000808
1.0 -0.028828 -0.779938 0.849650 0.034181 -0.030743 -0.012122
1.0 -0.390851 -0.580083 0.056770 0.036812 0.026490 0.011344
1.0 0.513802 0.388877 -0.395702 0.019806 0.024891 0.016856
1.0 -0.813172 -0.122035 0.824457 0.046098 0.025549 0.013797
1.0 -0.055738 0.539018 -0.869960 -0.026744 0.031946 -0.036956
1.0 -0.155419 0.421561 -0.256026 0.002355 0.031379 0.041217
1.0 -0.338703 -0.185381 -0.964660 0.003834 -0.045083 -0.046547
1.0 0.932113 -0.129561 0.637152 -0.001544 -0.032453 0.048028
1.0 -0.710761 -0.959663 -0.412066 -0.018327 0.022160 0.022760
1.0 -0.188612 -0.507978 -0.799325 -0.015103 -0.002466 -0.012031
1.0 -0.281618 0.750200 -0.797035 -0.043809 0.026670 0.028579
1.0 -0.461685 0.994238 0.072276 -0.001958 0.006840 -0.021031
1.0 0.970169 -0.911299 -0.053616 -0.029065 0.007554 -0.027932
1.0 0.212539 0.536885 -0.903538 0.016951 0.008215 -0.011617
1.0 -0.098093 -0.381098 -0.537061 0.020238 0.046736 0.017668
1.0 0.220504 0.213803 -0.985334 -0.014369 0.012623 -0.029300
1.0 0.330651 -0.989507 0.071347 -0.011525 0.047698 -0.045805
1.0 -0.639276 -0.318196 -0.413440 -0.034177 0.028146 -0.035749
1.0 0.240234 -0.324136 -0.093341 -0.027712 -0.018074 -0.046491
1.0 0.195549 0.842762 -0.085929 -0.045008 -0.038752 0.005418
1.0 0.310372 0.789497 -0.170087 -0.000954 -0.002715 0.044369
1.0 -0.106847 -0.627214 -0.868463 0.039345 -0.046864 0.020425
1.0 0.148754 -0.838417 -0.401811 -0.033336 -0.024612 0.025507
1.0 -0.073306 0.763716 0.155487 0.022394 -0.031643 -0.037905
1.0 0.352127 0.240606 -0.481110 -0.014238 -0.021102 -0.028470
1.0 0.129112 -0.803924 0.557707 -0.041461 0.010047 -0.012886
1.0 -0.806607 0.878810 0.657091 0.049791 0.043422 -0.040792
1.0 0.717219 -0.246188 -0.083832 -0.031228 -0.045133 -0.036022
1.0 -0.457166 0.677137 0.703594 -0.024537 -0.013682 0.016572
1.0 0.216482 -0.051569 -0.200187 0.023042 -0.037435 0.031120
1.0 -0.763676 0.875256 0.620049 -0.020360 -0.004377 0.011741
1.0 -0.249637 0.103168 0.826487 -0.033381 -0.044062 0.000547
1.0 -0.325535 -0.486096 -0.173814 -0.000565 -0.034978 0.035352
1.0 0.141202 0.640036 0.815006 0.016105 -0.009253 0.038233
1.0 0.671382 0.494636 0.705831 0.004198 -0.024290 -0.049527
1.0 0.271893 -0.183210 -0.516422 0.031401 -0.011793 0.039710
1.0 0.746200 -0.666103 0.305647 -0.038774 -0.015529 -0.027277
1.0 0.577610 0.977783 0.784827 0.010962 0.046855 -0.018433
1.0 -0.991408 0.174952 0.509737 0.013969 0.019473 0.041316
1.0 0.646677 -0.244721 0.715988 0.007093 -0.027993 -0.037635
1.0 -0.620266 -0.078760 0.583753 0.047447 -0.018861 0.031464
1.0 -0.293079 -0.366805 0.717216 0.025398 0.034798 0.018381
1.0 -0.265000 0.697710 0.736680 -0.024003 0.010751 0.004664
1.0 -0.618459 -0.751721 0.327221 -0.031524 0.010481 -0.022420
1.0 0.418202 -0.340914 -0.790177 0.049218 -0.028064 -0.038709
1.0 -0.475716 0.726015 0.692746 -0.001219 -0.020230 -0.024462
1.0 -0.255287 -0.345705 -0.097283 0.014676 -0.018978 -0.014069
1.0 -0.735272 0.367850 -0.736806 -0.020601 -0.019054 -0.044990
1.0 -0.796458 -0.991388 -0.466463 0.041280 -0.012635 -0.046502
1.0 0.336431 -0.846940 -0.113007 0.034239 0.007452 -0.042380
1.0 -0.312155 -0.719235 0.573247 0.012146 -0.000625 0.046015
1.0 0.853072 -0.663786 -0.507508 -0.045362 0.000676 0.046782
1.0 0.847981 0.424195 0.962698 0.021818 0.044162 0.044696
1.0 0.553659 0.726746 -0.139981 -0.001196 0.003810 -0.017250
1.0 -0.910744 0.872553 -0.280045 0.035454 -0.007818 0.031060
1.0 -0.394740 0.914399 0.924681 0.020959 0.008200 0.023772
1.0 0.826180 0.779204 -0.404393 0.037492 -0.009218 -0.033278
1.0 -0.692281 -0.207903 -0.989716 0.037904 0.032548 -0.042760
1.0 0.533469 0.180870 0.219278 0.037130 -0.044692 -0.020095
1.0 0.256386 -0.257595 0.516186 0.015414 0.017371 0.030589
1.0 0.937137 -0.583717 -0.887261 -0.000160 -0.007092 0.013064
1.0 0.922803 -0.113520 -0.239998 0.039083 -0.008387 -0.032690
1.0 -0.160196 -0.676590 -0.247730 -0.027619 0.040350 -0.015295
1.0 0.986705 -0.879896 -0.746299 0.012568 0.043635 0.045872
1.0 -0.925026 0.923994 0.120963 -0.014658 -0.001965 0.038315
1.0 0.345874 -0.450884 0.019332 0.048643 0.023497 -0.030678
1.0 -0.872114 -0.307350 -0.778458 0.004452 -0.016097 -0.018207
1.0 0.470800 0.161415 0.821641 0.044226 0.040049 -0.042423
1.0 -0.182661 -0.161535 0.897195 -0.022588 -0.019169 -0.000504
1.0 -0.448847 -0.484535 -0.875046 0.015455 0.034539 0.014831
1.0 -0.854116 0.759037 -0.138876 -0.012933 -0.029464 -0.005022
1.0 0.966389 -0.512693 -0.939361 -0.001518 -0.046027 -0.020799
1.0 -0.118540 -0.952611 -0.791451 0.010023 -0.033016 0.027209
1.0 -0.690390 -0.526434 0.400511 -0.020486 0.027546 -0.039766
1.0 0.544967 0.698495 -0.982594 -0.041989 0.006517 -0.001174
1.0 0.883579 0.193387 0.091275 0.040757 0.010993 0.002602
1.0 -0.679527 0.393473 0.103081 -0.009973 -0.019677 0.003804
1.0 0.141998 0.276564 -0.738006 -0.035140 0.015881 -0.009415
1.0 -0.663425 -0.264750 -0.533546 -0.017667 -0.036375 0.042076
1.0 -0.980254 0.065381 0.825571 0.004691 -0.024439 0.029201
1.0 -0.279002 -0.682734 -0.121136 -0.010643 0.041850 -0.042211
1.0 0.527054 0.850846 -0.545291 -0.043637 -0.043265 -0.042190
1.0 -0.236061 0.559053 0.912544 -0.011342 -0.002059 -0.014025
1.0 0.250834 -0.558277 -0.088679 0.036488 -0.035536 0.026311
1.0 0.174528 -0.708209 -0.183472 -0.016296 0.003554 -0.018558
1.0 0.052354 0.088111 0.909194 0.034694 -0.024573 -0.044062
1.0 0.153951 0.422688 -0.965372 0.049264 -0.036457 0.023932
1.0 0.709926 -0.532695 0.779415 -0.047069 0.034192 0.037380
1.0 0.385357 -0.781926 0.101422 0.021809 0.028199 -0.028882
1.0 -0.640608 0.691866 -0.687616 -0.045355 0.009508 -0.027332
1.0 -0.961474 0.059452 0.194080 0.008281 0.026205 -0.031288
1.0 -0.092001 0.921335 -0.498137 -0.025297 0.038698 -0.032207
1.0 -0.650112 0.235634 0.869357 0.037206 -0.000901 -0.002764
1.0 -0.752542 0.283936 -0.181265 0.027408 -0.049272 -0.009742
1.0 0.825990 -0.388238 -0.728821 0.028612 0.025322 -0.028885
1.0 0.582849 -0.352928 -0.546490 -0.008671 0.035543 0.020904
1.0 -0.076356 -0.607881 0.565991 -0.039808 -0.012016 0.023451
1.0 0.642351 -0.061212 0.349347 -0.013437 -0.007976 -0.039575
1.0 -0.204438 0.815417 -0.998072 0.004806 0.033315 0.023260
1.0 -0.739738 0.860981 0.041845 -0.013473 0.006552 -0.009611
1.0 0.178945 -0.336650 -0.861569 -0.013085 -0.004584 -0.036226
1.0 0.295876 0.759782 0.535627 -0.008193 0.014265 0.030094
1.0 0.228034 0.159707 -0.956591 0.004912 -0.021794 -0.009784
1.0 0.792154 -0.936731 -0.159107 -0.028447 -0.034011 0.000408
1.0 0.694357 0.059261 -0.578437 0.021874 0.011059 0.017157
1.0 0.804518 0.099717 0.016432 -0.041057 -0.003352 -0.030110
1.0 0.013287 -0.056547 0.265213 -0.047002 0.026550 0.028206
1.0 0.646854 0.446539 0.517053 -0.000857 -0.028659 -0.022875
1.0 0.921888 0.617773 0.051016 0.040130 -0.016626 0.033630
1.0 -0.220576 -0.693155 -0.714753 -0.014580 0.014328 0.023301
1.0 0.967763 -0.342677 -0.318764 0.004049 -0.039258 -0.023606
1.0 0.522364 -0.308064 -0.173973 0.040269 0.023796 0.031826
1.0 0.105816 0.017469 0.023690 0.006668 -0.028276 -0.006607
1.0 -0.623797 -0.237575 0.696895 0.040552 -0.049519 0.020933
1.0 0.413175 -0.606341 0.723802 0.009481 -0.021246 -0.007969
1.0 -0.827154 0.462463 0.639634 0.015466 0.031140 0.015884
1.0 -0.391936 0.681273 0.480788 -0.021018 0.011879 0.008160
1.0 -0.236835 -0.540916 -0.059736 0.046341 -0.023920 0.014375
1.0 -0.481233 -0.474413 -0.346750 0.023965 -0.009006 0.022811
1.0 -0.977034 0.396816 -0.394830 -0.016927 -0.018163 0.043973
1.0 -0.230160 -0.261104 0.003029 -0.017687 -0.020611 -0.030706
1.0 0.533163 0.346659 -0.818977 -0.036356 -0.003857 -0.020489
1.0 0.746252 -0.673112 -0.687302 0.021442 -0.010610 -0.029799
1.0 0.642001 0.778189 -0.630098 -0.009374 0.045921 0.047242
1.0 0.872937 0.170652 -0.560405 -0.033783 -0.047831 -0.039531
1.0 0.189836 0.735098 -0.236786 0.047588 -0.013765 0.013275
1.0 0.383470 0.142668 0.854997 0.003416 -0.032493 0.023466
1.0 0.690220 0.071624 0.918977 -0.026443 0.011495 -0.009209
1.0 0.547806 0.968549 -0.674784 -0.049088 -0.046205 0.028912
1.0 0.022644 -0.243518 0.659314 0.019134 -0.017286 -0.034070
1.0 -0.365861 -0.652288 -0.545781 -0.004516 -0.012421 -0.038698
1.0 0.873845 0.545158 -0.164986 0.003817 -0.047289 -0.037893
1.0 0.822681 -0.236336 0.731414 -0.015882 -0.020398 -0.044826
1.0 -0.671884 0.739256 -0.232065 -0.026539 -0.005997 0.037673
1.0 -0.484080 0.719422 0.475515 -0.048611 -0.010610 -0.034288
1.0 0.401938 -0.248257 -0.724869 0.042616 -0.038896 0.043378
1.0 -0.191907 0.123933 0.771565 0.044286 -0.031390 -0.015793
1.0 0.435628 -0.955978 -0.162113 0.020545 0.032118 0.042565
1.0 -0.033961 0.326311 -0.073354 0.006839 -0.004526 0.031795
1.0 0.906829 0.056179 -0.620198 -0.003467 0.033466 -0.037647
1.0 -0.602417 -0.239420 0.018973 0.004539 0.009099 0.043291
1.0 -0.583175 0.497941 -0.400432 0.010237 -0.001223 0.025679
1.0 0.101568 -0.127844 -0.768895 0.049146 -0.046352 -0.002478
1.0 -0.769035 -0.044805 -0.178200 0.008916 0.040349 -0.021847
1.0 -0.901783 -0.312596 0.501812 0.047572 -0.017181 -0.038139
1.0 -0.302722 -0.650420 -0.288068 -0.048076 0.027393 0.030369
1.0 -0.306682 0.936937 -0.998265 -0.004450 0.025570 0.015791
1.0 -0.253227 0.224825 0.806650 0.024447 0.024963 0.013554
1.0 0.222569 -0.909674 -0.192649 0.049962 0.004444 0.036478
1.0 -0.621879 0.804761 0.545091 0.048989 0.002195 -0.047971
1.0 -0.187418 -0.835163 -0.132929 0.010596 -0.002759 -0.047169
1.0 -0.360159 0.195489 0.398723 -0.036874 -0.011743 -0.004468
1.0 -0.985850 -0.232596 -0.236131 0.026391 -0.043356 0.035925
1.0 -0.241147 0.485112 0.959133 -0.024062 -0.007742 -0.027444
1.0 -0.432036 -0.521072 -0.003168 0.006934 0.014588 -0.020926
1.0 0.333770 -0.794550 -0.694118 -0.006643 -0.010027 -0.008237
1.0 0.621547 -0.797231 -0.114649 -0.049954 0.001973 0.026543
1.0 -0.541466 0.210192 -0.984812 0.005656 -0.009060 -0.047794
1.0 -0.102921 0.393957 -0.568436 -0.030928 -0.042079 0.016222
1.0 0.575290 -0.117418 0.251747 -0.020911 0.033013 0.037185
1.0 -0.052635 0.819752 0.872713 0.022455 -0.003078 0.011677
1.0 0.147764 0.226272 0.361949 -0.049196 -0.018292 -0.021340
1.0 0.143448 -0.589045 -0.640316 0.009842 -0.044615 0.036891
1.0 0.111134 -0.301524 -0.092222 0.012710 0.027583 0.019489
1.0 -0.841936 0.981218 0.329430 0.042735 0.013813 0.009076
1.0 0.169151 0.012417 -0.829756 -0.048330 0.045264 0.027558
1.0 -0.181189 -0.185646 0.325885 -0.012545 -0.036397 0.012679
1.0 0.489287 -0.167944 0.748699 -0.011567 0.034987 -0.030267
1.0 0.362914 0.695391 0.784096 -0.005991 -0.032131 0.018838
1.0 -0.605104 -0.888199 0.327900 -0.018144 -0.009266 0.025234
1.0 -0.970831 -0.339483 0.304429 0.020645 -0.017705 -0.012829
1.0 0.669417 0.340924 0.989793 0.005426 -0.036676 0.017971
1.0 -0.312729 0.898002 -0.051010 0.007159 -0.008037 -0.005727
1.0 0.767413 0.244394 0.513660 0.044459 -0.010830 0.006713
1.0 0.361719 0.856869 0.038746 0.043958 -0.026139 -0.020292
1.0 0.973098 -0.733934 0.933946 0.015573 -0.025252 0.024253
1.0 -0.061042 -0.113735 0.962796 0.043031 -0.016500 0.018849
1.0 0.494939 -0.031382 0.064664 -0.046299 -0.023563 0.034763
1.0 0.347879 0.002075 0.193061 0.028564 0.007128 -0.004192
1.0 -0.322934 -0.827141 0.812213 0.031419 0.043945 -0.042675
1.0 -0.549809 0.713686 -0.369374 0.043440 -0.018067 -0.026240
1.0 0.384918 -0.599736 0.772867 0.007359 0.003533 -0.023979
1.0 0.394250 -0.491739 -0.706105 0.018935 -0.002486 0.029905
1.0 0.571972 -0.380246 -0.356350 0.022065 -0.007283 0.044547
1.0 -0.040681 -0.897608 0.858991 -0.032103 0.019035 0.030299
1.0 -0.116018 0.715873 -0.413123 -0.040629 0.047135 -0.042585
1.0 -0.910084 0.498817 -0.923896 -0.029145 -0.021338 0.011874
1.0 -0.710196 -0.009730 -0.614324 -0.048384 0.016026 -0.021191
1.0 0.193995 -0.891539 0.201390 0.017312 -0.013960 0.024853
1.0 -0.594211 -0.391132 -0.800443 0.020587 -0.012553 -0.022690
1.0 0.457872 -0.998005 0.889556 -0.024964 0.013669 0.022051
1.0 0.593906 0.504283 -0.337719 0.032469 0.008903 0.048747
1.0 0.495393 0.466615 0.149019 0.043709 0.001524 0.049624
1.0 0.176668 -0.211327 -0.038216 0.027716 -0.033859 -0.006332
1.0 0.636902 -0.563816 0.913794 0.011111 -0.010475 -0.036189
1.0 -0.670025 -0.179599 -0.471774 0.047150 0.007030 0.046343
1.0 0.919151 -0.767952 -0.165975 0.015623 0.041195 -0.031222
1.0 -0.823914 -0.138999 -0.743911 0.035283 -0.031067 0.016493
1.0 -0.186077 0.767292 0.558676 0.004568 -0.017555 0.049456
1.0 -0.239201 -0.676748 0.512684 -0.038500 -0.007208 -0.017318
1.0 0.873684 0.841103 -0.146697 0.039818 0.006331 -0.048673
1.0 0.808780 0.857398 -0.601295 -0.005111 -0.019728 0.045184
1.0 -0.129583 0.265513 -0.804415 -0.049585 -0.034613 0.036000
1.0 -0.631304 0.640652 -0.014672 -0.022558 0.046528 0.023346
1.0 -0.878231 -0.032665 -0.190840 -0.041881 -0.019596 0.005168
1.0 -0.861194 0.829060 0.622405 -0.030132 -0.023718 -0.023228
1.0 0.534043 -0.262231 -0.483269 -0.046399 -0.032003 0.035668
1.0 0.297531 -0.665699 0.731802 0.043771 -0.009473 0.020780
1.0 0.650682 0.042151 -0.920384 -0.048236 -0.009242 -0.003630
1.0 0.549568 0.346200 -0.041970 -0.018601 0.043855 -0.004504
1.0 -0.019788 -0.871322 0.209026 0.045646 -0.026455 -0.019957
1.0 -0.231990 0.588133 -0.522913 0.013467 -0.014511 0.018384
1.0 0.795768 0.103687 -0.289642 0.015295 -0.030531 -0.023426
1.0 -0.177288 -0.515599 0.313724 0.021272 -0.049383 -0.014553
1.0 -0.394451 -0.283662 0.775260 -0.025216 -0.003646 0.038334
1.0 0.634090 0.121740 0.138410 -0.010469 -0.013138 0.008200
1.0 -0.714553 -0.217628 -0.154522 0.012242 0.020196 -0.028144
1.0 0.920820 0.847752 0.147095 -0.044069 0.008682 -0.047364
1.0 -0.962252 -0.082354 -0.473542 -0.014013 0.034839 -0.022779
1.0 0.720660 0.190327 -0.391015 0.045240 -0.045903 -0.039641
1.0 0.485997 -0.325987 0.469066 -0.013069 -0.004988 0.045162
1.0 -0.476760 -0.685369 0.121140 0.033169 -0.030331 0.028325
1.0 0.058960 -0.921097 0.262299 0.045083 -0.014495 -0.023609
1.0 0.205033 -0.657271 -0.256611 -0.040086 0.033301 0.044682
1.0 0.462614 -0.271489 0.941247 -0.005772 0.038674 -0.001060
1.0 -0.862809 -0.312632 -0.048504 0.014551 -0.014480 0.020913
1.0 0.709907 -0.583631 -0.597924 -0.013109 0.035171 -0.005430
1.0 -0.984365 -0.601189 0.678815 0.023510 -0.006392 -0.049038
1.0 -0.900429 0.684672 -0.255954 0.030139 0.039280 -0.001986
1.0 -0.671025 0.670890 -0.405513 -0.007297 -0.022015 0.047487
1.0 0.791145 0.439429 0.798409 -0.018978 -0.037046 0.047087
1.0 -0.876683 -0.825391 -0.638797 0.010242 0.019258 0.024341
1.0 0.664322 0.765877 0.590472 -0.017163 0.011683 -0.046161
1.0 0.661500 -0.816849 0.872380 -0.005723 -0.011542 0.032292
1.0 0.410903 -0.672228 -0.284199 0.035554 0.026444 0.003074
1.0 0.049080 0.067765 -0.008189 0.036103 0.012843 -0.007046
1.0 0.674897 -0.921198 -0.751094 -0.029423 -0.024360 0.030290
1.0 0.395998 -0.281447 -0.651309 -0.043055 0.021709 0.032188
1.0 -0.312846 0.397188 -0.379138 -0.047254 -0.004553 -0.020307
1.0 -0.892118 -0.971989 0.127602 -0.020327 -0.036876 0.003082
1.0 0.546680 0.027389 -0.658270 0.049081 -0.045546 0.004888
1.0 0.041385 0.251781 -0.607445 -0.030334 -0.045868 -0.032065
1.0 0.967885 -0.771550 0.272763 -0.025033 -0.034338 -0.038511
1.0 -0.804749 -0.082878 0.730289 0.035588 -0.002014 0.022017
1.0 -0.067931 -0.530310 0.664068 0.039802 -0.004144 -0.006460
1.0 -0.427001 -0.408930 0.462528 -0.049019 0.001995 -0.010396
1.0 -0.915955 -0.542100 -0.458161 0.032249 -0.035829 0.008096
1.0 -0.960441 -0.633133 -0.632162 -0.004075 0.014631 -0.023778
1.0 0.060136 0.480576 -0.834495 -0.008925 -0.021946 -0.003746
1.0 -0.546142 0.520933 -0.688948 -0.049784 -0.033367 0.007749
1.0 0.886930 0.024198 0.130465 -0.005084 0.005286 0.048897
1.0 0.649945 0.639720 -0.817364 0.031885 0.041378 -0.029706
1.0 0.378912 -0.527716 0.462017 0.004336 0.013442 0.045292
1.0 -0.234663 0.370506 -0.807079 -0.033756 0.001890 -0.017588
1.0 -0.461631 -0.723830 -0.696029 0.022155 0.020114 -0.035701
1.0 0.360560 0.108916 0.947181 0.043342 0.025072 0.038069
1.0 -0.506991 -0.077432 0.693399 0.009680 0.038987 -0.002914
1.0 0.324317 0.985770 0.104900 -0.035840 0.048178 -0.003350
1.0 -0.598863 -0.232119 0.255485 -0.004481 -0.002568 0.043651
1.0 0.318831 -0.229242 0.977950 0.014174 0.009703 -0.039321
1.0 0.333972 0.716426 -0.123830 -0.032649 -0.003853 -0.032164
1.0 0.696872 -0.903313 -0.779015 0.034080 -0.006796 -0.035706
1.0 0.040914 -0.693400 0.196214 0.027059 -0.013244 -0.019065
1.0 -0.746592 0.408303 0.532518 0.036593 0.018199 -0.005537
1.0 -0.489528 -0.067049 0.073293 -0.025598 -0.002969 0.022402
1.0 0.176792 -0.937672 -0.088136 0.004057 0.010320 -0.012893
1.0 -0.155268 0.173716 -0.236519 0.039406 -0.003013 -0.037429
1.0 0.515214 0.938747 0.319667 -0.020803 0.048683 -0.023822
1.0 0.397179 -0.815131 0.061885 0.039935 -0.030623 0.008186
1.0 -0.842812 -0.446242 -0.871039 -0.025324 -0.035376 0.000288
1.0 -0.874405 -0.535900 -0.047992 0.015286 -0.038114 -0.046757
1.0 0.910329 0.237533 0.879294 0.006124 -0.011545 0.025266
1.0 -0.013884 0.934132 0.915112 0.043503 0.032184 -0.036639
1.0 0.583063 0.520324 -0.126492 0.009359 0.018908 -0.040909
1.0 -0.072220 0.185195 -0.611637 -0.040480 -0.041377 0.013941
1.0 -0.632740 0.005864 -0.722327 -0.038041 -0.023879 0.018578
1.0 0.617772 -0.826324 0.406256 0.007442 0.022740 -0.008748
1.0 -0.506630 -0.635312 -0.146081 -0.030562 0.027163 -0.020321
1.0 -0.685166 0.416476 -0.102346 0.001479 -0.014159 0.011002
1.0 -0.690344 0.114799 -0.749603 -0.029949 0.018404 0.000493
1.0 -0.330268 -0.332254 0.928948 0.048191 -0.000842 0.012819
1.0 -0.865503 -0.171246 0.956687 -0.022594 0.005115 -0.003425
1.0 0.308664 -0.391851 0.719332 -0.023032 -0.024762 -0.043898
1.0 -0.212891 -0.529013 0.864989 0.032980 -0.021115 0.018906
1.0 0.658504 -0.803408 -0.087084 -0.044210 -0.011695 0.024070
1.0 0.263507 -0.051543 -0.665826 0.035499 -0.027890 -0.034518
1.0 -0.644216 0.735745 0.815333 0.016979 -0.048774 -0.009337
1.0 -0.917042 0.495441 0.595897 -0.013322 0.019001 -0.008963
1.0 -0.888249 -0.096643 0.296071 0.012248 0.033034 0.035190
1.0 0.919034 0.616921 0.319269 -0.013832 -0.015358 -0.048722
1.0 0.584347 0.899228 0.212171 -0.011763 -0.039337 0.004424
1.0 -0.205582 0.325376 -0.866754 -0.045864 0.000907 0.043948
1.0 0.354811 0.123800 0.869526 0.009544 0.000202 0.034034
1.0 0.743679 -0.295264 0.784126 -0.025504 -0.031429 -0.017057
1.0 0.154201 0.063072 -0.274284 0.034069 -0.014160 0.009061
1.0 0.937117 -0.692668 -0.632657 0.013236 0.038414 -0.030063
1.0 0.405917 -0.399380 0.516337 0.005144 -0.002678 0.020594
1.0 0.960085 0.472329 0.918374 -0.037115 -0.007317 -0.024881
1.0 0.368498 0.138601 -0.399013 -0.008393 0.008107 -0.020390
1.0 -0.546225 0.540893 -0.213497 -0.037719 0.002514 -0.007964
1.0 0.730742 0.054386 0.622542 0.024045 -0.002683 -0.003087
1.0 -0.144112 0.070340 -0.435522 -0.034028 -0.049986 -0.031464
1.0 -0.757400 0.502473 0.596509 -0.006727 -0.013573 -0.026261
1.0 0.613105 0.966971 -0.675688 -0.016684 -0.030885 -0.028649
1.0 0.118839 0.024743 0.559321 -0.014578 0.027947 0.034950
1.0 0.613971 0.485876 -0.068843 0.014501 -0.014198 0.004381
1.0 0.231726 -0.747036 -0.400101 -0.030513 -0.049486 0.024832
1.0 0.639902 -0.360617 -0.434522 0.048544 -0.019582 0.003224
1.0 -0.017930 -0.369489 0.186964 -0.021277 0.031815 -0.022491
1.0 -0.508080 0.311907 0.556064 0.042591 -0.007686 -0.019745
1.0 -0.553657 0.962585 -0.008912 0.014299 0.001851 -0.005690
1.0 -0.545040 0.667932 -0.017705 0.041088 0.040869 -0.046798
1.0 0.340085 0.660761 -0.700066 0.012057 -0.029620 0.018825
1.0 0.597684 0.947267 0.776465 0.007327 -0.019303 0.048157
1.0 -0.520082 -0.109009 -0.817474 -0.021470 -0.014269 -0.033512
1.0 -0.155831 -0.862199 0.745294 -0.023573 -0.015262 -0.017652
1.0 -0.737097 0.845424 -0.227974 0.020170 -0.025912 0.049034
1.0 -0.666558 0.023232 0.415226 0.022263 -0.009454 0.014246
1.0 -0.604942 0.141486 -0.063674 0.034972 0.030125 -0.016478
1.0 -0.026838 -0.440207 0.554512 0.028457 0.043892 -0.030736
1.0 0.280070 0.731765 0.458679 -0.025247 0.045505 -0.023667
1.0 0.628201 0.840617 0.690173 0.020624 -0.011567 0.013353
1.0 -0.845530 -0.124297 0.817271 -0.013354 0.007589 0.007955
1.0 -0.731784 -0.337266 0.363775 -0.047164 -0.008120 -0.034465
1.0 -0.063780 -0.962059 -0.006066 0.039742 -0.028424 0.034747
1.0 0.584817 -0.506552 0.182583 -0.037780 -0.023978 0.049470
1.0 -0.451961 0.886657 -0.380668 0.018023 -0.005805 -0.000309
1.0 0.474897 0.741822 -0.095295 -0.016713 0.006342 0.006642
1.0 -0.716859 0.525445 0.342210 -0.044013 0.041767 0.000102
1.0 0.473132 -0.087134 0.905139 -0.048054 0.019166 -0.033489
1.0 -0.932518 -0.761848 0.576558 -0.021052 -0.040678 -0.036061
1.0 -0.517356 0.872291 -0.560390 0.025054 -0.013659 -0.039481
1.0 -0.105269 0.478878 -0.372249 0.009981 -0.043757 -0.006510
1.0 -0.407935 -0.180236 -0.839907 0.025194 0.043179 -0.021097
1.0 0.336645 0.698840 -0.538751 0.022360 -0.013694 0.010999
1.0 0.285375 0.670745 0.012663 -0.043016 0.029407 -0.040787
1.0 0.695950 -0.559126 -0.022125 0.047504 0.046327 -0.007720
1.0 0.799558 0.371297 -0.335194 -0.012417 0.049071 -0.006250
1.0 -0.369103 -0.431623 -0.202345 0.015328 -0.028499 0.023147
1.0 0.953302 0.910350 0.573614 0.048360 0.031066 0.045207
1.0 0.098741 0.001203 -0.442131 -0.016132 0.010557 -0.040116
1.0 0.996416 0.430026 0.914359 0.000416 0.020965 0.010396
1.0 0.980614 -0.219849 0.520081 -0.018372 -0.022449 -0.044888
1.0 0.893754 -0.343095 0.085974 0.027403 -0.036277 -0.040927
1.0 -0.579625 0.636098 0.301696 -0.020654 -0.011276 -0.046264
1.0 0.042411 0.947980 0.981096 0.033518 -0.003000 0.040974
1.0 0.044747 0.901195 0.380880 0.036949 -0.037611 -0.029877
1.0 0.772097 -0.595300 0.243316 -0.038622 -0.002028 -0.044192
1.0 0.886257 0.517076 0.175218 -0.040063 -0.023740 0.014124
1.0 0.364558 -0.901325 -0.173812 -0.013355 0.039005 -0.011052
1.0 0.112261 0.359340 0.630095 -0.015622 0.028820 0.016358
1.0 0.577953 0.294515 -0.441555 -0.032466 -0.011876 -0.005865
1.0 -0.217234 0.380850 0.457696 0.026343 -0.030832 -0.042621
1.0 -0.795355 -0.360862 -0.479428 -0.008849 -0.014224 -0.002765
1.0 -0.886074 0.376843 0.966182 -0.040606 0.000597 0.021028
1.0 0.503818 -0.955996 0.560891 0.024919 -0.016109 0.036124
1.0 -0.466419 -0.628919 0.321405 -0.016465 0.045025 0.007545
1.0 -0.741397 -0.780973 -0.323655 0.039692 0.038111 0.016175
1.0 -0.554813 -0.516141 -0.508589 0.030848 -0.016961 0.043780
1.0 0.585554 -0.069756 -0.395125 -0.034465 0.032515 -0.019862
1.0 -0.346460 -0.892711 0.211509 -0.047483 0.033203 0.040097
1.0 0.490821 -0.260039 0.709382 -0.004759 -0.040422 0.030713
1.0 0.667097 0.993582 0.268700 0.001032 0.010758 0.032797
1.0 -0.670250 0.868878 0.229009 -0.048942 0.016416 -0.011832
1.0 -0.171625 -0.330810 -0.231372 -0.029221 -0.000175 0.028727
1.0 -0.784450 0.225226 0.212170 0.031034 -0.032893 0.048211
1.0 0.838370 0.494148 -0.258175 -0.028337 0.035789 -0.008851
1.0 -0.167119 0.040036 -0.313734 0.024699 -0.041980 0.045360
1.0 0.910051 -0.569530 0.035741 -0.005803 0.010908 -0.001642
1.0 -0.199691 -0.981993 0.380151 -0.034633 -0.031489 0.009436
1.0 -0.958146 -0.040234 -0.532548 0.016075 0.017692 0.011087
1.0 -0.443971 0.231991 -0.462186 0.011798 -0.007247 -0.028341
1.0 0.933601 -0.252844 0.293944 0.015134 -0.016409 -0.000783
1.0 0.488552 0.277301 0.903011 0.038631 -0.031282 -0.018399
1.0 -0.566171 -0.585615 -0.843216 -0.025876 0.026471 -0.042378
1.0 0.793670 -0.794239 0.067511 -0.024671 0.030503 -0.018132
1.0 0.428721 0.710500 0.126262 0.003212 0.025017 0.026846
1.0 -0.942299 -0.852055 0.319568 0.005544 0.023201 -0.011605
1.0 -0.748685 0.452360 -0.770064 -0.030229 0.030020 0.027451
1.0 0.810817 -0.017214 0.438557 -0.010040 -0.030144 0.017385
1.0 -0.078464 -0.128199 0.127631 0.010060 -0.001686 0.032223
1.0 -0.751201 0.412336 0.354736 0.028933 -0.011937 -0.005834
1.0 -0.474944 0.207669 -0.408197 -0.035489 0.029931 0.035029
1.0 0.956592 -0.149069 -0.185082 -0.039600 0.023107 0.044423
1.0 -0.709228 -0.790850 0.390209 -0.044234 -0.041567 0.047289
1.0 -0.057585 -0.400475 0.089203 0.023590 0.041768 -0.005314
1.0 0.333846 0.020602 0.245636 -0.046432 -0.027503 -0.000930
1.0 -0.272749 -0.903779 -0.724794 -0.013274 -0.041891 0.049457
1.0 0.084883 -0.279273 -0.854888 -0.002203 -0.003459 0.007714
1.0 -0.479207 -0.040388 -0.545679 -0.047734 0.040708 -0.048421
1.0 -0.208039 0.899372 0.459173 0.016563 -0.012064 -0.046192
1.0 -0.736705 -0.740806 0.131219 -0.004264 0.049699 0.002007
1.0 0.817078 0.033307 -0.519417 -0.029394 0.021715 -0.005116
1.0 -0.851433 -0.505819 -0.354681 -0.041006 0.009989 -0.020676
1.0 0.518306 0.959123 0.459943 -0.033458 0.003528 -0.038539
1.0 -0.563249 -0.275033 0.928484 -0.012023 0.031246 -0.005919
1.0 -0.677653 0.995935 -0.838832 -0.044898 0.002816 -0.030018
1.0 -0.531837 -0.759946 -0.300550 -0.008163 -0.005386 0.038433
1.0 0.561734 0.309706 0.189521 0.049898 -0.001968 0.045102
1.0 0.705347 -0.697940 0.489797 -0.017508 -0.016071 0.014625
1.0 -0.683242 0.387970 0.036293 -0.037343 -0.006247 -0.031211
1.0 -0.766417 -0.086370 0.761124 -0.045215 -0.028633 0.004340
1.0 -0.360933 -0.569178 0.100305 0.011437 0.020456 -0.047386
1.0 -0.130036 0.237240 0.487265 0.009932 -0.021491 0.027570
1.0 -0.499219 0.558795 -0.960754 0.017543 -0.000468 -0.024173
1.0 -0.052264 -0.438562 0.849836 -0.035772 -0.026823 -0.047379
1.0 0.810397 -0.075279 -0.334120 0.039294 -0.017360 0.012694
1.0 0.095011 -0.507616 -0.731543 0.048223 0.015235 -0.014094
1.0 -0.040177 0.523521 -0.754874 0.023896 -0.021426 -0.039122
1.0 -0.667958 -0.397865 -0.877759 -0.001581 0.031683 -0.014516
1.0 -0.356344 -0.339102 0.410282 -0.020937 0.003321 0.049610
1.0 -0.392329 0.310531 -0.138380 0.048499 0.037157 0.032893
1.0 -0.800012 0.874302 -0.388548 0.006699 0.024978 -0.008257
1.0 -0.164019 0.868231 -0.932107 0.023351 0.033587 0.037839
1.0 -0.916880 -0.056157 -0.739397 -0.020226 0.010789 0.041262
1.0 0.329041 -0.517615 0.472705 0.013302 0.011372 0.019872
1.0 0.582163 0.680166 -0.501722 0.004016 0.042634 0.015491
1.0 0.090378 0.136190 0.745919 -0.045555 -0.019311 0.003554
1.0 0.707223 0.378432 0.609764 0.041865 0.004136 0.038316
1.0 0.691999 -0.365412 -0.087648 -0.010811 -0.037916 0.032875
1.0 -0.437088 0.034583 -0.159101 -0.000129 -0.049607 -0.049873
1.0 0.672665 -0.338792 0.384030 -0.017723 -0.033713 0.003151
1.0 -0.305256 0.501066 0.793752 -0.027032 0.048731 -0.018044
1.0 -0.499643 -0.903194 -0.240549 0.003558 0.010410 0.000471
1.0 0.222420 -0.190492 -0.403487 0.036773 0.049293 -0.044055
1.0 0.506450 0.968214 0.198232 -0.025091 -0.006588 0.022148
1.0 0.896688 -0.702939 0.949929 0.032591 0.037532 -0.018943
1.0 0.974378 0.544094 0.070029 -0.034739 0.048158 0.038691
1.0 0.391584 0.390937 -0.762918 -0.009148 0.048523 -0.030095
1.0 -0.285819 -0.254142 0.292704 -0.011164 -0.036234 0.008320
1.0 -0.032840 0.437181 0.165968 -0.033009 0.043707 -0.042797
1.0 -0.535072 0.482054 -0.143724 0.043194 0.003809 0.004285
1.0 -0.808499 0.816620 -0.702772 -0.007390 0.024064 0.031443
1.0 0.728355 0.465797 -0.458296 0.012967 0.048378 0.038079
1.0 0.775574 0.801899 -0.518093 0.046470 -0.047037 -0.001176
1.0 -0.342116 0.349349 0.988123 0.033623 0.003694 -0.024276
1.0 0.705196 0.558487 0.194002 0.035523 -0.017466 -0.021034
1.0 0.448518 0.220600 -0.574177 0.012491 0.047998 -0.003350
1.0 -0.543064 -0.850683 0.950392 -0.048485 -0.013756 0.015161
1.0 0.173732 -0.416122 0.176819 0.026354 0.036366 -0.022979
1.0 -0.099119 0.369210 0.036262 -0.049784 -0.045084 -0.049483
1.0 -0.311411 0.590736 -0.426026 0.019369 0.037251 -0.015874
1.0 0.108106 -0.203356 0.710482 0.018306 0.004133 0.005271
1.0 -0.226535 0.004719 -0.527855 0.032881 -0.029292 -0.045346
1.0 0.068501 0.163053 0.901009 -0.026436 -0.021608 -0.009500
1.0 -0.957673 -0.129932 -0.788461 0.031640 -0.035708 0.042053
1.0 -0.757393 0.194342 -0.737516 -0.030275 -0.005651 -0.044017
1.0 -0.066328 0.922820 0.473343 0.018728 0.029571 0.025928
1.0 0.636423 0.703474 -0.712093 0.012701 0.002487 0.026345
1.0 0.777760 -0.065074 -0.309152 0.038906 -0.039817 0.022106
1.0 -0.523596 0.245972 -0.469448 0.046652 0.043573 -0.036848
1.0 0.537381 0.053220 -0.837916 -0.029333 0.004112 0.036313
1.0 -0.845018 -0.640531 0.364250 -0.027949 -0.000999 0.047473
1.0 0.084936 -0.103064 0.070956 0.001316 -0.005074 -0.006776
1.0 0.196619 -0.568626 0.892389 0.021236 -0.016137 -0.001373
1.0 -0.423564 0.690273 -0.996596 -0.008388 -0.037890 0.014372
1.0 -0.949940 -0.659432 -0.032047 0.006217 -0.013746 -0.025605
1.0 -0.196537 0.633861 0.232205 -0.011786 0.027960 -0.034873
1.0 0.367492 -0.879108 0.201496 0.014026 -0.016542 -0.042238
1.0 0.782310 -0.418241 -0.370140 0.047690 0.012796 0.007807
1.0 -0.065463 -0.419228 0.883485 0.029917 0.019886 0.012885
1.0 0.824618 0.026895 -0.565916 -0.006708 -0.009235 0.013124
1.0 0.287471 -0.937083 0.275132 -0.027494 0.017249 0.007498
1.0 0.704803 -0.202823 0.756314 -0.027526 0.038490 0.049791
1.0 -0.824047 -0.148892 -0.533249 0.040182 -0.004863 -0.049619
1.0 0.663300 -0.853497 0.396925 -0.032070 -0.041004 -0.037541
1.0 -0.862407 0.030844 -0.688447 -0.025150 0.037130 -0.026047
1.0 -0.397102 -0.201632 -0.956986 0.033123 -0.021872 -0.042661
1.0 -0.059420 0.584821 -0.631544 -0.015803 0.030140 -0.048656
1.0 0.125175 0.922198 -0.989943 -0.000486 0.030188 -0.019198
1.0 0.332010 0.168411 0.167755 0.026424 -0.013294 0.007660
1.0 0.059031 0.227755 -0.462825 0.022494 0.013939 0.024720
1.0 -0.648273 -0.187236 -0.466366 -0.010614 -0.029453 0.028265
1.0 -0.702857 -0.233634 -0.791127 0.048354 -0.000808 -0.033962
1.0 -0.597199 0.005503 0.236555 0.020890 0.028725 -0.010619
1.0 0.894947 -0.079043 0.275609 0.001138 -0.015308 0.018033
1.0 -0.557276 -0.859286 0.371369 0.044268 -0.041332 0.048964
1.0 -0.877665 -0.590181 -0.755969 -0.033541 -0.026878 0.026183
1.0 -0.300811 0.403383 -0.343079 -0.038145 0.048698 0.022308
1.0 0.038098 0.499690 0.167588 0.035432 -0.012123 -0.035404
1.0 0.250539 -0.567187 -0.974512 -0.037753 -0.011597 0.021640
1.0 0.744403 0.080642 0.360842 0.003231 -0.015666 0.029870
1.0 -0.520969 0.992247 -0.496581 0.026797 0.042372 -0.003004
1.0 0.926352 -0.775892 0.247768 0.011260 -0.028593 -0.009189
1.0 0.586659 0.825522 -0.848658 -0.029560 0.021548 0.039173
1.0 0.770016 -0.759296 -0.221532 -0.004068 0.046537 0.020252
1.0 -0.072322 0.244225 0.873301 0.036825 -0.038670 -0.002288
1.0 0.420573 0.609102 0.882747 0.040177 0.012781 0.011729
1.0 0.592677 -0.904905 0.102342 -0.028327 -0.045342 0.024382
1.0 0.870877 -0.568422 -0.490467 0.021644 -0.033882 -0.007969
1.0 0.008504 -0.445218 0.682082 0.015263 -0.012513 0.017219
1.0 -0.465602 0.577475 0.942731 0.024346 -0.000446 0.001891
1.0 -0.528875 0.429277 0.831756 -0.043855 0.016051 0.043029
1.0 0.253529 0.468833 0.994231 0.006409 -0.024216 0.019237
1.0 0.963058 -0.288522 -0.102538 -0.031362 -0.034237 -0.022705
1.0 -0.223978 0.541475 -0.025601 -0.006691 0.032256 -0.013739
1.0 -0.228380 0.609977 0.215844 -0.018880 0.043194 0.044352
1.0 -0.297591 -0.896261 0.106208 -0.024212 -0.005332 0.001639
1.0 -0.036673 -0.260898 0.401208 -0.033400 0.025913 -0.005557
1.0 0.616444 -0.897905 0.915830 -0.032004 -0.015296 0.031770
1.0 -0.934004 0.399410 -0.930101 0.029263 0.037235 -0.003117
1.0 -0.226511 -0.686702 -0.084593 0.012675 -0.049619 0.016437
1.0 0.361425 -0.229148 0.212673 -0.025325 0.025591 -0.003754
1.0 -0.180254 0.556299 -0.200677 0.044536 -0.012521 -0.024898
1.0 -0.305008 -0.099426 -0.141338 0.025504 0.002780 0.028015
1.0 -0.676909 0.620392 -0.703837 -0.047099 -0.027459 0.026408
1.0 0.899122 -0.920479 -0.155624 0.008989 0.044716 0.026590
1.0 -0.627392 -0.355707 0.388383 0.039089 0.012052 0.010105
1.0 -0.525760 0.385462 -0.272060 0.004547 0.007169 -0.041227
1.0 -0.568453 0.102908 -0.138429 -0.032789 0.010791 0.007337
1.0 -0.448891 -0.257885 0.308729 -0.003481 -0.024042 0.039893
1.0 -0.044350 -0.408076 -0.953674 -0.004712 0.048299 0.012780
1.0 0.600049 -0.687193 0.389814 0.007010 0.021561 0.028724
1.0 -0.451720 -0.381998 0.542956 0.017455 0.034063 0.028194
1.0 -0.955843 0.467494 0.748294 -0.010615 -0.008050 0.017982
1.0 0.902461 -0.299804 0.134250 -0.019113 0.045809 -0.025499
1.0 0.508662 0.103836 -0.491979 -0.032781 -0.000515 -0.021974
1.0 -0.730470 0.386566 -0.803502 -0.000763 -0.017183 -0.040918
1.0 0.367323 -0.609567 -0.357141 -0.041891 -0.040078 0.001192
1.0 0.257577 -0.457496 -0.878243 -0.038837 -0.029597 0.034852
1.0 0.952403 -0.209536 0.350673 0.002970 -0.011071 -0.018563
1.0 0.825235 -0.439966 0.986056 0.001977 0.046050 -0.024558
1.0 0.602485 -0.396423 -0.443087 0.047447 0.008483 0.025936
1.0 -0.794732 0.273012 -0.731290 0.008172 0.045833 -0.017499
1.0 -0.873171 0.885061 0.759907 0.015929 0.035131 0.011339
1.0 -0.366120 -0.886940 0.517441 -0.015014 0.028174 -0.042021
1.0 0.168518 0.063771 0.306875 0.027051 0.047862 0.012950
1.0 -0.301563 0.890946 0.845621 -0.029591 -0.040202 -0.036645
1.0 0.503488 -0.933658 0.021214 -0.012535 0.036855 0.006514
1.0 0.278655 -0.112619 -0.797550 0.044279 -0.018212 -0.010634
1.0 0.472512 -0.476048 -0.880239 -0.009178 -0.024675 -0.020948
1.0 0.754739 0.282886 0.165756 -0.002579 -0.045126 -0.038185
1.0 -0.946680 0.238221 -0.304645 0.034575 0.011579 0.000671
1.0 -0.304131 -0.748105 -0.881591 -0.013440 0.039567 -0.020835
1.0 -0.053490 0.539918 0.768731 0.041861 -0.014380 -0.043752
1.0 -0.401658 0.209034 -0.747167 -0.012061 0.038115 0.004025
1.0 -0.244357 0.467641 -0.948383 0.044583 0.009717 -0.022523
1.0 0.367219 -0.522370 -0.783822 -0.025084 0.000600 -0.023829
1.0 -0.314946 0.146431 -0.235253 -0.008989 0.030740 -0.028606
1.0 -0.022141 0.391162 0.613373 0.049269 0.026471 0.029696
1.0 0.705862 0.650704 -0.321747 -0.047439 -0.038970 0.039751
1.0 -0.076330 0.895006 -0.903382 0.005827 0.012527 -0.043569
1.0 0.057060 -0.244800 0.109008 0.010167 -0.028592 0.048127
1.0 0.937242 0.886853 -0.542152 -0.034134 -0.049514 0.032087
1.0 -0.730019 0.181791 0.899821 -0.035157 0.041861 -0.002463
1.0 0.851024 -0.653967 -0.668209 0.041060 0.031712 0.013879
1.0 0.477093 0.458126 -0.782267 0.043705 -0.022914 -0.032184
1.0 0.210013 -0.574161 0.957101 -0.014422 0.025685 -0.031046
1.0 -0.157609 0.568830 -0.647942 0.038411 -0.038667 -0.007196
1.0 -0.220287 -0.831629 0.680780 -0.004245 0.032100 0.005182
1.0 0.990353 0.248310 0.424214 -0.012432 0.048553 -0.008829
1.0 0.755644 -0.890931 -0.305687 0.027371 0.024730 -0.048144
1.0 0.781259 -0.766985 -0.431641 0.000578 0.040324 0.027773
1.0 0.622865 -0.451781 0.602907 0.017378 0.012641 -0.044946
1.0 -0.822407 0.555076 -0.959390 -0.006545 -0.016786 -0.024924
1.0 -0.908068 -0.517163 -0.581822 -0.048617 -0.009524 0.011281
1.0 -0.639950 -0.253766 -0.975780 -0.016628 -0.002030 -0.034265
1.0 0.901742 0.247804 0.512101 0.014619 0.004057 0.001497
1.0 -0.475786 -0.630043 0.500091 -0.046447 0.027017 -0.032799
1.0 -0.681675 0.915100 0.051755 0.024393 0.016575 -0.048907
1.0 -0.760202 -0.667775 -0.744836 -0.019953 -0.023396 0.045906
1.0 0.429316 -0.588717 -0.360661 -0.041409 0.006694 0.015952
1.0 0.555060 -0.347637 0.282699 -0.048497 0.026887 0.033778
1.0 -0.792015 -0.082359 -0.361646 -0.010822 0.025205 -0.030011
1.0 -0.295641 0.064894 -0.145838 -0.041444 -0.028735 0.008513
1.0 0.055933 -0.280817 0.438468 -0.010177 -0.006712 -0.041148
1.0 -0.741703 -0.879307 -0.762844 -0.004994 -0.018687 -0.029666
1.0 0.794089 0.209507 0.714595 -0.032226 -0.006909 0.044693
1.0 0.563186 -0.377865 -0.833546 0.031039 0.011522 -0.016805
1.0 0.192526 -0.256121 0.534480 0.002846 -0.016832 0.031170
1.0 -0.531735 0.217681 0.140959 0.043792 -0.009040 0.015338
1.0 0.072849 -0.905028 0.183792 -0.034468 -0.043424 -0.041009
1.0 0.977854 0.854527 -0.187060 -0.023276 0.033760 -0.017899
1.0 0.924128 0.339969 0.021804 -0.005971 0.027822 0.034560
1.0 -0.764814 -0.114435 -0.501451 0.024509 0.001890 0.048544
1.0 -0.488421 -0.738442 0.058887 0.011486 0.040400 0.036529
1.0 -0.639990 -0.003968 0.463122 0.019426 -0.018102 0.005223
1.0 -0.297196 0.633355 -0.263945 -0.038127 0.003612 -0.026787
1.0 -0.370728 0.743324 0.119463 0.015152 -0.024578 0.017666
1.0 -0.928387 -0.021046 -0.171861 0.024421 0.022393 -0.001363
1.0 -0.250210 -0.578558 0.328786 -0.005451 0.010713 0.025087
1.0 0.758533 -0.710882 -0.563481 0.035204 -0.023270 -0.026914
1.0 -0.847981 0.641715 0.874306 0.035679 0.007154 -0.010369
1.0 0.721225 0.889760 0.387061 0.035114 -0.042580 0.029316
1.0 0.168452 0.339486 0.051614 0.021785 0.019267 -0.011788
1.0 -0.175073 -0.109910 0.043415 -0.009093 0.033403 -0.011634
1.0 -0.538509 0.888019 0.311115 0.011949 0.034366 -0.005828
1.0 -0.247772 -0.453938 -0.935038 0.045240 -0.023030 -0.002175
1.0 -0.171252 0.799917 -0.820444 -0.038200 -0.003944 0.047552
1.0 0.853348 -0.531769 0.894536 -0.030796 0.037070 -0.004413
1.0 -0.063338 -0.379609 -0.812086 -0.006345 -0.027639 0.042698
1.0 -0.406646 -0.025427 0.317827 -0.032627 -0.010396 -0.032023
1.0 0.064391 -0.848836 0.275182 0.021787 0.025356 0.006233
1.0 -0.238086 0.446067 -0.448640 0.044497 -0.040153 -0.014132
1.0 -0.631713 -0.140275 0.364499 0.004597 -0.028751 0.028395
1.0 0.130361 -0.272966 -0.411762 0.027220 -0.047919 0.007052
1.0 0.702539 -0.777133 -0.869690 -0.009914 0.009419 -0.042013
1.0 0.562327 -0.723475 -0.743102 0.030332 -0.004365 -0.005835
1.0 0.006731 -0.174554 0.450139 0.037105 0.030837 -0.032434
1.0 -0.581658 0.219557 -0.079852 0.001371 -0.019154 -0.049035
1.0 0.659414 -0.015025 0.975826 -0.034557 0.040392 0.020119
1.0 -0.832141 -0.327560 0.942938 -0.001598 0.003034 -0.028848
1.0 -0.399402 0.466170 0.215289 -0.008788 0.023356 -0.013934
1.0 0.511659 0.530230 -0.653505 0.044740 -0.041933 0.035740
1.0 -0.531225 0.281441 -0.131746 -0.041691 -0.043218 0.031106
1.0 0.907021 -0.497111 0.529635 0.005392 0.000035 -0.018317
1.0 -0.022897 0.084505 -0.420744 0.023042 0.027593 -0.038397
1.0 0.719480 0.186245 0.718939 0.043290 -0.041115 0.049456
1.0 -0.538767 0.046474 0.927561 0.005885 -0.033212 -0.008884
1.0 0.399378 0.629580 -0.976195 0.045559 -0.014476 -0.027054
1.0 0.347071 0.468420 0.825025 0.011825 -0.048272 -0.000953
1.0 0.684471 0.251537 -0.657555 0.036782 0.009847 0.022569
1.0 0.799826 -0.628367 0.496658 -0.036348 -0.012969 -0.033795
1.0 0.879518 0.510603 -0.669996 0.042371 0.033280 -0.018052
1.0 0.439423 -0.169368 -0.966601 -0.011605 0.005377 0.015133
1.0 -0.483629 0.404515 0.053754 -0.032906 0.047834 0.007536
1.0 -0.990873 0.839394 0.257859 -0.025900 -0.015949 0.043018
1.0 -0.897298 0.645401 0.329661 -0.013206 0.043469 -0.039075
1.0 0.519593 -0.856015 -0.657201 0.033217 0.044115 0.010392
1.0 -0.547200 -0.013516 0.750317 -0.035901 -0.004301 -0.001751
1.0 0.181026 -0.065671 -0.893230 -0.032778 0.001931 0.005436
1.0 0.717987 -0.689227 -0.577080 -0.041511 0.040124 -0.031471
1.0 0.798606 -0.479905 0.783436 -0.039979 -0.036249 -0.012823
1.0 0.996082 -0.100448 0.900662 -0.035943 0.035854 -0.028272
1.0 0.242453 -0.251035 -0.374872 -0.042865 -0.004298 0.012724
1.0 0.343297 -0.890139 -0.493499 0.002715 -0.005572 0.015202
1.0 0.071226 0.569509 -0.906917 -0.011904 0.003450 -0.038883
1.0 0.100102 0.367194 -0.663249 0.038827 0.015515 -0.034509
1.0 -0.321126 -0.535541 0.808041 -0.008809 -0.038602 -0.021595
1.0 -0.055741 -0.425681 -0.546304 -0.015258 -0.014252 0.006359
1.0 -0.033928 0.421984 0.344540 0.045405 0.002663 0.014174
1.0 -0.679293 -0.718369 -0.599914 -0.049932 0.035992 0.006020
1.0 0.347746 -0.657790 -0.204292 0.023626 0.004714 0.008873
1.0 0.658323 -0.148373 -0.489575 -0.002809 0.011790 -0.024843
1.0 0.922521 -0.760864 0.962593 -0.047738 0.027778 -0.020578
1.0 -0.496571 0.484226 0.440278 0.046131 0.045990 0.018797
1.0 -0.021005 0.367856 0.344561 0.002500 -0.040577 -0.003902
1.0 0.599859 -0.527736 0.936908 -0.041162 0.014495 0.004795
1.0 0.200878 0.797361 -0.241570 0.043736 -0.004245 0.028914
1.0 0.334429 0.741601 -0.925089 -0.026609 0.012198 -0.040200
1.0 -0.073831 -0.375919 0.210496 -0.013509 0.039465 0.030756
1.0 0.632962 -0.897519 -0.723665 0.027944 0.013203 -0.020848
1.0 0.748890 -0.139031 -0.921414 0.043032 0.038727 -0.012498
1.0 0.435788 -0.901469 -0.779677 0.000764 -0.043507 -0.035290
1.0 0.054163 0.041592 0.786205 0.048134 0.048256 0.007561
1.0 -0.467420 0.711322 -0.578027 0.026386 -0.007387 -0.018470
1.0 -0.375019 0.807319 0.790424 -0.023595 -0.000845 0.010981
1.0 -0.526615 0.455287 0.781000 -0.034667 0.040343 -0.031351
1.0 0.010773 0.395361 0.970330 -0.043621 0.016210 0.046249
1.0 0.482948 0.229510 -0.513766 0.001469 0.008015 -0.015084
1.0 -0.333097 0.956027 0.368656 -0.009686 -0.041264 -0.027669
1.0 -0.653650 -0.269414 -0.691108 0.019814 -0.046524 0.026655
1.0 0.269997 -0.068635 0.776029 -0.014244 0.034452 -0.014374
1.0 0.684982 0.587474 -0.054975 -0.046340 -0.004859 -0.005052
1.0 -0.473439 -0.531988 0.532780 0.044076 0.042603 0.038281
1.0 0.562165 -0.235917 0.183701 -0.001178 0.019945 0.039695
1.0 -0.855095 0.830249 0.493693 -0.030382 -0.020188 0.038497
1.0 0.964955 0.089819 -0.703977 0.044978 0.047516 0.025404
1.0 0.711078 0.476744 -0.520248 -0.021773 0.025328 0.004548
1.0 -0.854558 -0.706478 -0.368424 -0.016048 0.013261 -0.046111
1.0 -0.086239 -0.921939 -0.639212 0.019397 0.025406 -0.038179
1.0 0.376128 0.919162 0.802841 -0.029899 0.032612 0.007157
1.0 0.174798 0.219588 -0.861949 0.045453 0.026273 -0.016998
1.0 -0.061590 -0.950244 0.587787 0.019344 0.037855 0.021010
1.0 0.170086 -0.246928 -0.994759 -0.025101 -0.008639 -0.045157
1.0 -0.455073 -0.891616 -0.679922 0.043085 -0.013750 -0.005952
1.0 -0.663574 0.297489 0.863168 0.011828 -0.020962 0.034283
1.0 0.739766 -0.601143 0.626883 -0.045789 0.027285 0.004212
1.0 -0.831911 -0.665005 0.641167 -0.044732 0.020918 0.045926
1.0 0.541141 0.623561 0.874356 -0.038973 -0.034728 -0.048778
1.0 -0.842858 -0.786769 -0.718941 -0.041200 0.041836 -0.017199
1.0 0.911840 -0.104884 -0.907419 -0.021345 -0.007695 -0.043984
1.0 0.659614 -0.852201 -0.392704 -0.026589 -0.046447 -0.006326
1.0 -0.163522 0.955596 0.371413 -0.007260 -0.038084 -0.001419
1.0 -0.992753 -0.990790 0.656981 -0.044364 -0.038085 -0.000032
1.0 0.318156 0.886822 0.328614 -0.036434 0.013912 0.049907
1.0 0.105695 -0.953783 -0.859921 0.001616 0.030286 -0.019780
1.0 -0.973460 0.910419 0.871010 0.042612 0.015720 0.032097
1.0 0.291049 0.746393 -0.397482 0.034095 -0.046237 -0.000589
1.0 0.036838 -0.499135 -0.798037 -0.046513 0.004015 -0.011688
1.0 0.476750 -0.167377 -0.481021 0.014763 0.018753 0.046253
1.0 0.355139 -0.590630 0.828375 0.042502 0.017933 -0.031306
1.0 0.233724 -0.467673 -0.236657 0.034217 0.028994 -0.018543
1.0 0.915231 -0.708140 0.065850 0.006328 -0.023028 0.036906
1.0 -0.292390 -0.093764 -0.761771 0.035533 -0.039316 -0.044725
1.0 -0.429883 -0.396887 -0.327047 -0.027215 -0.048598 0.002947
1.0 0.550532 -0.055474 0.303328 -0.007544 -0.040971 0.047258
1.0 0.815405 0.874133 0.063410 -0.003346 0.001296 -0.022620
1.0 0.798562 0.245614 0.987924 -0.037809 0.007621 -0.017777
1.0 -0.907254 -0.661226 -0.462606 -0.025046 0.021641 0.015779
1.0 -0.347616 0.845391 0.502861 -0.031657 0.043325 -0.015732
1.0 -0.372959 -0.270791 0.278114 -0.036505 -0.036366 -0.022863
1.0 0.866844 0.717798 -0.753711 -0.036189 -0.041224 0.029387
1.0 0.465273 -0.327159 -0.045511 0.037519 -0.031709 -0.032306
1.0 0.709312 0.985068 0.374610 0.005434 0.005475 -0.003293
1.0 0.681299 0.505495 0.144349 -0.047403 -0.000288 0.035811
1.0 0.774001 -0.230139 -0.118737 -0.016661 -0.039892 0.031953
1.0 -0.842295 0.942398 0.410058 -0.013817 0.027464 0.022363
1.0 -0.994272 0.202083 0.729070 -0.007011 -0.044712 0.029874
1.0 -0.640047 -0.646607 0.988328 -0.045555 -0.012317 0.017829
1.0 -0.755969 -0.996789 0.493087 0.019011 -0.024579 -0.042806
1.0 -0.044351 -0.070368 -0.705626 -0.044915 0.019901 0.031511
1.0 0.433475 -0.473648 0.748043 0.040325 0.044641 -0.045505
1.0 0.625289 0.071698 -0.319364 0.022723 0.041589 -0.036171
1.0 -0.064315 -0.361425 0.885996 -0.029648 0.044872 0.019645
1.0 -0.889939 -0.322807 0.882880 0.037594 0.028990 0.018346
1.0 -0.226140 -0.218839 -0.035720 -0.001164 -0.029061 -0.020460
1.0 -0.450149 0.479317 -0.796787 -0.016850 0.032631 -0.038731
1.0 -0.670290 0.185036 -0.894556 0.039862 0.028490 -0.035771
1.0 -0.118361 -0.490738 -0.255228 -0.037877 0.006159 -0.014000
1.0 -0.345610 -0.289170 0.246858 -0.006449 -0.010021 0.035683
1.0 -0.291195 -0.750609 -0.287331 -0.048689 -0.016033 0.016075
1.0 -0.302178 -0.496807 0.102548 -0.036750 -0.039034 0.048265
1.0 -0.819048 0.863068 0.162301 0.038162 -0.045717 0.031551
1.0 0.969126 -0.306248 0.234044 0.039741 0.041220 -0.021311
1.0 0.423692 -0.134562 -0.961752 -0.021006 0.040786 -0.026060
1.0 -0.455732 0.976644 -0.534855 0.014925 -0.043843 -0.028504
1.0 0.233787 -0.609685 0.531419 0.043511 -0.044420 -0.019249
1.0 -0.762453 -0.776775 0.130603 -0.007492 0.008691 0.049798
1.0 -0.253850 0.282867 0.881317 0.033013 0.034659 -0.005762
1.0 -0.700208 0.846296 -0.293386 -0.038388 0.026901 0.044728
1.0 -0.609759 0.705721 -0.390236 -0.019814 -0.010968 -0.015247
1.0 -0.568692 -0.573426 0.926018 -0.040265 -0.020290 0.049239
1.0 0.850699 -0.579305 0.951427 -0.007473 -0.031873 0.034682
1.0 -0.740976 0.432383 0.365700 0.025125 -0.028248 0.028092
1.0 0.223366 -0.401011 -0.326665 0.022151 0.032720 0.002839
1.0 0.644905 -0.354499 -0.467376 -0.029112 0.039968 0.025869
1.0 0.101973 0.347820 0.156694 0.018863 -0.027694 0.041829
1.0 0.432651 0.288744 0.982997 0.025303 0.008123 -0.025372
1.0 0.640029 -0.222981 -0.032277 -0.047188 0.012434 -0.037768
1.0 0.284910 -0.362495 -0.974594 0.009488 0.005945 0.021461
1.0 -0.313256 -0.900649 -0.884652 -0.044086 -0.032672 0.026024
1.0 0.846779 -0.766131 0.914500 -0.012886 -0.017290 0.045920
1.0 -0.393329 -0.087528 -0.947936 -0.049324 -0.005675 0.003090
1.0 -0.769244 0.976797 0.491008 0.004512 -0.010606 -0.032360
1.0 0.245008 -0.697010 -0.115362 0.021390 0.011767 -0.034614
1.0 -0.459013 -0.772379 0.976186 0.023251 -0.048714 -0.024840
1.0 0.551515 -0.313566 0.940294 -0.047903 0.039936 0.012786
1.0 0.261796 0.144142 -0.053779 0.039203 -0.014769 0.005445
1.0 0.507019 0.064596 0.491122 -0.014322 -0.021940 -0.033606
1.0 -0.482999 0.209232 -0.965087 0.040441 0.037011 -0.023761
1.0 0.838691 0.290376 0.746460 0.017693 -0.026086 -0.008227
1.0 -0.901621 0.967915 -0.865749 0.048123 0.011899 0.010609
1.0 0.892709 -0.068087 0.716775 -0.025500 0.008312 0.005091
1.0 0.279009 -0.624056 -0.297727 -0.027657 -0.001080 -0.048387
1.0 0.757943 -0.397826 0.405813 0.003717 -0.005219 -0.015343
1.0 -0.039927 -0.601352 -0.974903 -0.014367 -0.029407 0.040952
1.0 -0.991177 -0.328024 0.148305 -0.026952 0.032088 -0.025304
1.0 0.194297 -0.846942 -0.441452 -0.014819 0.007718 0.003710
1.0 -0.710009 0.367328 -0.583218 0.032832 0.014136 -0.005355
1.0 0.372192 -0.233358 0.854245 -0.032398 -0.039395 -0.039159
1.0 0.796796 0.004539 -0.951100 0.032073 0.049127 -0.003826
1.0 -0.229429 0.739382 -0.520360 -0.035678 0.029893 0.005695
1.0 -0.974821 -0.355654 0.801989 -0.036143 0.027179 0.007978
1.0 -0.031561 0.776852 0.335628 -0.043970 0.020290 0.049802
1.0 0.226992 -0.743324 -0.019710 -0.010668 -0.042035 0.013200
1.0 0.071745 -0.391081 0.445203 0.002278 0.005953 0.047827
1.0 0.322659 0.626799 0.917048 -0.008445 -0.024501 -0.045094
1.0 -0.655925 0.229077 0.538793 0.013007 0.045067 -0.047616
1.0 -0.359638 0.649028 -0.518693 -0.011233 0.035660 0.032408
1.0 -0.971518 0.936400 -0.666149 -0.022575 0.021211 -0.040487
1.0 -0.365408 -0.753337 0.495448 -0.027198 -0.018940 -0.038446
1.0 0.237126 0.237885 0.209463 -0.016383 0.038294 0.047449
1.0 -0.974521 0.923017 0.946984 -0.005089 -0.029685 -0.049187
1.0 0.451234 0.893424 -0.199169 -0.024142 -0.037980 0.036228
1.0 -0.697183 0.665740 -0.873050 0.015854 -0.037284 0.000837
1.0 0.334443 -0.975188 -0.343254 0.002548 0.003872 -0.035306
1.0 -0.717176 0.831805 -0.641815 -0.047379 0.043516 0.016616
1.0 0.500000 -0.169190 -0.563418 0.042193 -0.046977 0.012615
1.0 0.720376 0.453715 -0.994916 -0.023190 -0.011375 -0.039232
1.0 -0.996919 -0.765452 -0.956238 -0.049682 -0.040763 0.023205
1.0 -0.569414 -0.094316 0.516245 -0.034384 0.033107 -0.043993
1.0 0.318219 -0.077964 -0.285771 0.036992 -0.003366 0.030116
1.0 -0.297179 0.989201 -0.043360 0.026651 -0.021554 -0.007416
1.0 -0.895044 0.713869 0.357500 -0.009969 0.010286 -0.035915
1.0 0.352500 0.302910 -0.071647 -0.011358 0.003831 -0.026622
1.0 0.396116 0.976154 0.120716 -0.009189 0.024965 0.029891
1.0 0.105026 0.583422 -0.427703 0.017776 0.028109 -0.016773
1.0 -0.674410 0.574410 0.955867 -0.009516 -0.030150 0.015271
1.0 -0.557589 -0.492036 -0.679048 0.017877 0.015076 0.022699
1.0 -0.517559 -0.425982 0.384212 -0.036376 0.008047 0.003366
1.0 0.616689 -0.141276 0.129745 0.025133 -0.006075 0.044048
1.0 0.928367 -0.328293 -0.673106 -0.038208 0.029697 0.013330
1.0 0.365867 -0.615382 0.077547 0.000651 -0.016997 0.046352
1.0 -0.889437 -0.540907 0.443637 -0.039169 -0.036388 0.026880
1.0 -0.333090 -0.124753 -0.021495 0.004546 0.016226 -0.024744
1.0 -0.987766 0.501035 -0.698748 -0.037558 -0.039037 0.011062
1.0 0.895863 0.836107 -0.848450 -0.036876 0.045226 -0.018986
1.0 0.796823 -0.316115 0.419675 -0.043420 0.023557 -0.004368
1.0 0.945718 -0.308104 0.498899 0.023308 -0.044961 -0.048961
1.0 -0.870959 0.660521 -0.378667 -0.045972 -0.027127 -0.014865
1.0 -0.055899 -0.852438 -0.694327 -0.041897 -0.017563 0.019272
1.0 -0.188076 -0.442666 -0.406052 -0.007946 0.006097 0.009631
1.0 -0.461574 -0.805071 0.423282 0.021941 0.040968 -0.036290
1.0 -0.095034 0.691371 0.696127 -0.021417 -0.038517 -0.046171
1.0 -0.799487 0.465257 -0.018810 0.014154 -0.039388 0.026584
1.0 -0.067996 0.388305 -0.322620 0.034368 -0.004692 -0.046734
1.0 -0.103527 -0.726781 -0.322098 -0.013380 -0.043492 0.032966
1.0 -0.122949 0.456192 -0.540603 0.037140 -0.044076 0.005237
1.0 -0.055683 -0.630456 0.136145 0.025102 0.037553 -0.013900
1.0 -0.625755 -0.225125 0.394701 0.020314 -0.046211 0.025204
1.0 -0.830372 -0.479620 -0.273017 -0.005304 0.016631 0.039728
1.0 0.368372 0.714559 -0.997841 0.032116 -0.031098 0.040840
1.0 -0.741907 0.144834 0.882159 -0.048390 0.013273 0.016085
1.0 -0.461448 0.785538 -0.087306 0.002293 -0.017440 0.008458
1.0 0.097064 -0.809096 -0.242233 -0.015206 0.036193 -0.049810
1.0 -0.578881 0.895530 -0.479456 0.007523 -0.048476 0.023681
1.0 0.682030 -0.936774 -0.646980 -0.006015 0.004103 -0.045745
1.0 0.368560 0.494942 0.969671 0.022425 0.005022 0.011644
1.0 0.942973 -0.834490 -0.014822 0.008959 0.044799 0.036240
1.0 0.052465 -0.744640 0.452508 0.022614 -0.037234 -0.017673
1.0 0.974664 0.993725 0.996426 0.016255 -0.035457 0.047296
1.0 -0.001773 -0.759400 0.136863 0.009198 0.037416 0.012964
1.0 0.336880 0.472139 0.828757 0.000915 -0.033615 -0.029114
1.0 -0.376305 0.282477 -0.745324 0.027057 -0.008279 0.019199
1.0 -0.204571 0.528957 -0.521101 -0.031912 -0.007252 0.012324
1.0 -0.761299 0.266674 -0.477747 -0.012413 0.008412 0.008432
1.0 -0.528917 0.565012 0.048900 -0.024907 0.043854 0.004535
1.0 -0.760787 -0.649883 0.086006 0.020421 -0.017951 -0.042669
1.0 -0.382284 -0.740536 -0.748210 -0.048675 0.024960 0.021233
1.0 -0.078838 -0.536766 0.814808 0.010113 -0.028230 0.024998
1.0 0.743741 0.639256 -0.998508 0.020456 -0.006182 -0.031630
1.0 0.869410 0.117512 -0.313477 0.037328 -0.009792 -0.046180
1.0 -0.502610 0.868205 -0.007381 0.003872 -0.013372 0.036548
1.0 0.059150 -0.434778 0.442166 0.030158 -0.012359 -0.031933
1.0 -0.379442 -0.152350 0.842947 0.030812 0.003442 0.020518
1.0 -0.563816 -0.880228 0.819544 0.045692 0.026473 -0.021586
1.0 0.405196 0.081327 -0.382151 -0.030413 -0.032531 -0.001301
1.0 0.492445 -0.652770 0.523237 0.040400 -0.046999 -0.022843
1.0 -0.253220 0.067925 -0.422171 0.024451 0.040462 -0.009452
1.0 0.115453 0.182232 -0.716407 0.045044 0.046070 -0.006553
1.0 0.125705 0.302100 0.264891 -0.034765 -0.028032 -0.047257
1.0 0.982892 0.071628 0.824565 -0.046039 -0.031240 0.035847
1.0 0.938976 0.902233 -0.987644 0.012736 0.048032 -0.022473
1.0 0.812922 0.575229 -0.151296 0.013163 0.001790 0.033234
1.0 0.040760 -0.875390 -0.944248 0.032156 0.006987 -0.049771
1.0 -0.670824 0.793347 0.165193 -0.004020 -0.032538 0.035094
1.0 0.802801 -0.595412 0.492083 -0.025971 -0.012629 -0.007660
1.0 0.663920 0.948664 -0.058952 0.025228 0.026167 -0.049632
1.0 -0.623771 -0.242694 -0.430623 -0.040255 0.026874 0.001895
1.0 -0.177958 0.852856 -0.568943 -0.002552 -0.035849 -0.040098
1.0 0.336760 0.369391 0.806402 0.026779 -0.005454 0.043285
1.0 0.268709 0.541342 -0.915131 0.005231 0.009755 0.020360
1.0 -0.593842 -0.492802 0.893973 -0.023930 0.042667 0.010439
1.0 -0.014769 -0.225344 -0.983692 0.015756 -0.023039 -0.049709
1.0 -0.999287 -0.946334 -0.391930 0.009102 0.014718 -0.000534
1.0 0.775053 0.297225 -0.243008 0.023476 -0.027093 0.029855
1.0 -0.280797 0.556869 -0.768359 -0.040210 0.048250 0.019115
1.0 0.071454 0.147400 -0.269626 -0.033091 0.015054 -0.010632
1.0 -0.416144 0.438997 0.631220 -0.012746 -0.010107 -0.039913
1.0 -0.181883 -0.298092 -0.118116 0.039028 0.003660 -0.006455
1.0 -0.636369 0.318012 -0.044065 -0.035825 -0.006892 0.030906
1.0 0.905441 0.323506 -0.834938 -0.010863 0.014503 -0.045233
1.0 0.898466 0.502042 -0.516594 -0.009743 -0.021635 -0.018898
1.0 -0.109705 -0.890127 -0.522737 -0.027741 0.009687 -0.038625
1.0 0.057934 0.159500 -0.451223 0.022317 -0.035744 -0.006682
1.0 0.134081 0.970666 0.834459 0.045522 0.044890 -0.049314
1.0 -0.217013 0.260236 -0.282143 -0.040421 0.002381 0.004898
1.0 -0.567912 0.721434 -0.796451 0.040847 -0.008248 -0.030939
1.0 0.251383 0.392733 0.067110 0.041244 0.012667 0.049031
1.0 0.166793 0.558909 0.828568 0.034101 0.021451 -0.033546
1.0 -0.357800 0.917357 -0.799121 -0.038906 -0.002208 0.035297
1.0 -0.282396 0.116156 0.234847 -0.014219 -0.033887 -0.007562
1.0 -0.841713 -0.893058 0.346504 -0.001017 0.010786 0.015133
1.0 -0.953239 -0.254239 0.469993 -0.029366 -0.007440 0.048544
1.0 0.433237 -0.839050 -0.955089 -0.018738 -0.019515 -0.030774
1.0 0.171330 0.961405 0.590567 -0.021581 0.033428 0.007042
1.0 -0.402942 -0.910966 0.600663 0.038043 0.026623 -0.018760
1.0 0.342712 0.020282 -0.041678 0.017109 -0.036262 0.027844
1.0 0.059693 -0.300263 0.492324 -0.042580 0.035231 0.026581
1.0 -0.400103 0.368195 -0.764634 0.038349 0.043642 -0.039089
1.0 0.448758 -0.565316 -0.655965 -0.031430 -0.023764 0.048326
1.0 0.806090 -0.765131 0.642088 -0.040173 0.002210 0.027522
1.0 -0.879663 0.030433 0.117526 -0.048403 0.003583 0.031874
1.0 -0.117824 0.745977 0.219872 0.034857 0.011622 0.016653
1.0 0.166625 0.077995 0.154775 -0.004841 -0.011923 -0.005219
1.0 0.561680 0.955584 0.039040 0.020625 0.042250 0.019734
1.0 -0.151132 0.845335 -0.670230 -0.045872 0.020954 0.031498
1.0 0.660083 -0.793909 -0.769499 0.019124 0.016221 -0.015422
1.0 -0.318881 0.567267 0.761554 -0.048577 0.025883 0.047968
1.0 0.917567 0.810050 -0.129090 -0.049568 0.012830 -0.045343
1.0 -0.144648 0.433913 -0.294411 -0.019971 -0.032096 0.024957
1.0 0.854090 -0.874639 -0.386353 -0.033674 -0.012573 0.043247
1.0 -0.624477 -0.008572 -0.985662 -0.000273 0.031944 0.011520
1.0 -0.735846 0.298763 0.449414 0.032943 0.029120 -0.020095
1.0 -0.384331 0.710201 -0.435798 -0.010484 -0.023114 0.028742
1.0 0.876866 0.322554 0.839947 0.030599 0.002144 0.003430
1.0 0.227794 -0.645724 0.749007 -0.039899 -0.024907 -0.044403
1.0 0.301624 0.142219 0.560987 0.040784 -0.049054 -0.025181
1.0 -0.158982 -0.514177 0.356273 0.028473 0.014069 -0.023672
1.0 -0.212078 0.655148 0.175503 0.008206 0.010865 -0.026903
1.0 -0.538736 -0.096686 0.203183 0.034427 -0.035624 -0.026193
1.0 -0.559793 0.076240 0.314976 -0.005606 0.044042 0.022218
1.0 -0.307794 0.200684 -0.470490 -0.024710 0.039106 0.012247
1.0 -0.647871 0.109724 -0.772574 -0.049317 0.004489 0.034104
1.0 -0.393043 -0.661180 0.956400 -0.037023 -0.032575 -0.049238
1.0 -0.543442 0.812091 0.898408 0.043474 -0.041792 -0.017084
1.0 -0.200974 0.989550 0.170654 -0.042405 0.000304 0.017221
1.0 0.543293 0.088036 0.878996 -0.024501 -0.034143 -0.017160
1.0 -0.372295 -0.851789 -0.150812 0.044739 0.010789 -0.021482
1.0 -0.460161 0.058296 0.554696 0.030889 -0.002537 0.049373
1.0 -0.300485 0.335688 -0.000645 -0.012389 0.049137 -0.042028
1.0 -0.192782 0.868891 0.008509 0.012183 -0.032742 0.037338
1.0 -0.848319 -0.713923 -0.357396 -0.009457 -0.017011 -0.032160
1.0 -0.252968 -0.204498 -0.658299 0.005475 0.027152 -0.027760
1.0 0.452336 0.754706 -0.384526 -0.008291 0.038605 0.016755
1.0 0.724111 0.994227 0.625623 -0.034352 -0.036987 0.021995
1.0 -0.489957 0.991020 0.534839 0.004219 -0.027294 -0.045554
1.0 0.801213 -0.845600 -0.499009 0.038580 0.022331 -0.002211
1.0 0.539082 0.094714 0.655968 -0.016187 0.006803 -0.046577
1.0 -0.469769 -0.568328 -0.423701 0.000787 -0.006052 -0.038224
1.0 0.338382 -0.054868 -0.597535 -0.025719 0.027479 -0.049856
1.0 -0.035985 -0.430101 -0.889471 -0.017253 0.044960 -0.010155
1.0 0.126117 -0.344976 0.164725 -0.000596 -0.039260 -0.021646
1.0 -0.585304 0.810730 0.622342 -0.030651 0.031752 0.007484
1.0 0.387456 0.008650 0.491369 0.032895 -0.034019 0.006508
1.0 -0.050695 0.678400 -0.933368 -0.048357 0.023521 0.020389
1.0 0.500814 0.627372 -0.959761 0.022330 0.018299 0.043460
1.0 -0.873433 0.794465 -0.313542 -0.031147 -0.044152 0.043653
1.0 0.750206 0.511548 -0.253743 0.036968 -0.032805 0.037862
1.0 -0.433242 -0.300295 0.652354 0.036618 -0.013141 -0.047895
1.0 0.690704 0.228727 -0.719982 -0.041857 0.032531 0.029094
1.0 0.097616 -0.980742 -0.809671 -0.039975 0.008194 0.019605
1.0 -0.329944 0.123447 -0.184955 0.025756 0.032454 0.035537
1.0 0.722386 0.020749 -0.027624 0.040708 -0.022840 0.044030
1.0 -0.058908 -0.306047 0.988563 0.041582 0.001988 -0.029726
1.0 -0.312776 -0.583659 0.235353 0.037784 -0.048020 -0.023868
1.0 0.451730 0.074616 0.371115 0.048615 -0.026719 0.035895
1.0 -0.207511 0.563280 0.111891 0.042351 0.040949 0.013949
1.0 0.007282 -0.970668 0.645444 0.002845 0.030484 0.032558
1.0 -0.972985 0.719736 0.038653 -0.042145 -0.021859 0.042878
1.0 0.277661 -0.427040 -0.401808 -0.000109 -0.011833 0.006775
1.0 -0.673238 0.348477 0.366000 -0.001910 0.048711 -0.030313
1.0 -0.243970 -0.648235 0.354994 0.001395 0.048190 -0.014556
1.0 0.510598 0.656538 0.324107 0.026835 0.019129 0.011359
1.0 -0.624017 -0.488041 0.719393 0.042396 0.039179 0.026559
1.0 -0.429578 0.650368 0.890729 -0.025855 -0.017928 0.024347
1.0 0.288526 -0.006942 0.855939 -0.021623 -0.045390 -0.005449
1.0 0.103604 -0.946732 0.224804 -0.038266 -0.045348 -0.016653
1.0 0.990969 -0.668940 -0.571240 0.049825 0.047539 0.044826
1.0 0.247264 -0.145386 0.478987 0.031749 -0.029283 0.042936
1.0 -0.027646 -0.704280 0.385728 0.030873 -0.047833 0.006511
1.0 0.960464 0.095198 -0.618166 -0.010429 -0.025719 -0.022647
1.0 -0.976506 -0.710012 0.909671 0.019812 -0.043783 0.039124
1.0 0.260081 0.293382 -0.529508 -0.041050 -0.000131 0.036041
1.0 -0.707269 -0.275834 0.388620 0.007920 0.049458 0.002234
1.0 -0.875988 0.188459 0.362940 0.003485 0.022321 0.023832
1.0 -0.952810 0.925261 -0.723330 0.036037 0.010646 0.023468
1.0 -0.964923 -0.930642 -0.458040 0.017458 -0.020947 0.032053
1.0 0.442079 0.815066 -0.393468 0.032832 -0.035742 -0.002837
1.0 -0.368615 -0.872777 0.735303 -0.039421 0.048128 0.027887
1.0 0.227704 -0.733815 -0.278336 0.046531 -0.047818 0.015837
1.0 0.947211 0.541819 -0.419821 -0.000814 -0.035718 0.047175
1.0 0.843695 -0.389627 0.122352 -0.023190 -0.004965 -0.043002
1.0 0.629703 -0.197264 0.078939 0.044555 -0.002410 -0.036121
1.0 0.887544 0.706351 0.419203 -0.014988 0.010562 -0.009909
1.0 -0.551764 -0.395478 0.073399 0.028239 0.039494 0.047338
1.0 -0.036898 0.611959 -0.568055 -0.031931 0.032590 -0.016982
1.0 0.571712 -0.044880 -0.413599 -0.004046 0.047312 0.010663
1.0 0.100086 0.575601 0.318128 -0.034078 -0.032449 -0.048723
1.0 0.481242 0.757788 0.973242 0.040502 0.046080 0.002906
1.0 0.726137 -0.116157 0.265094 -0.020789 0.039503 -0.041866
1.0 -0.661157 0.798845 -0.588911 0.007761 0.029667 0.012315
1.0 -0.501871 0.784004 0.150967 0.036318 0.033928 -0.042241
1.0 -0.131853 0.779738 0.917910 0.022360 0.020438 -0.037240
1.0 0.503331 -0.290816 -0.558076 -0.042449 -0.037214 -0.003864
1.0 0.469416 -0.709486 0.344881 -0.003974 -0.036162 0.031138
1.0 0.222545 0.029759 0.783097 -0.033978 -0.049066 -0.000371
1.0 0.471721 -0.178970 -0.135199 -0.009035 0.040248 0.047873
1.0 -0.885161 0.505930 0.570961 -0.043132 0.032250 -0.030299
1.0 -0.775177 0.142669 -0.745930 -0.025593 -0.026180 0.047932
1.0 -0.464892 -0.904346 -0.357227 0.039225 -0.001528 0.037492
1.0 0.615901 0.186199 -0.773819 -0.010447 -0.028950 0.030542
1.0 0.843579 0.544504 -0.336373 -0.034891 -0.009933 0.009162
1.0 -0.647840 -0.042401 0.709492 -0.014719 0.042467 0.046363
1.0 -0.948543 0.193320 0.788540 0.036380 -0.020630 0.034402
1.0 0.054200 -0.349904 -0.699412 0.048394 0.033233 0.009897
1.0 0.001634 -0.895660 -0.252725 -0.043351 -0.034800 -0.045229
1.0 -0.963257 -0.758693 -0.465660 0.049101 0.021494 -0.043849
1.0 -0.400998 0.611408 0.676204 0.014885 -0.009741 0.046503
1.0 0.239763 -0.624340 -0.194445 -0.046053 -0.040772 0.021169
1.0 -0.009026 0.785389 0.919601 -0.039182 0.049460 -0.000400
1.0 -0.581690 0.792440 -0.039869 -0.025248 0.027916 -0.020643
1.0 -0.619684 0.376020 -0.882160 -0.042371 0.020858 -0.034921
1.0 -0.968903 0.592231 -0.140426 0.049986 -0.021122 -0.009309
1.0 0.030067 -0.930046 -0.873378 -0.044796 -0.011350 -0.024111
1.0 -0.246106 0.203506 -0.875840 0.045068 0.024184 -0.013265
1.0 0.101563 0.854927 -0.316475 -0.005941 0.047840 -0.044310
1.0 -0.975762 -0.018439 0.424930 0.019887 -0.016208 -0.004417
1.0 -0.623070 -0.665349 0.223558 0.006925 0.048696 0.039494
1.0 -0.017925 0.772566 -0.762299 -0.048689 -0.036581 -0.022355
1.0 0.204658 -0.618545 -0.527553 0.031746 -0.037514 0.019735
1.0 0.627212 -0.384199 -0.320785 -0.046438 0.029851 0.030272
1.0 -0.267759 -0.321419 -0.442652 0.039127 0.042620 -0.013858
1.0 0.562779 -0.106767 -0.620396 -0.034934 0.026476 0.042371
1.0 0.995293 -0.717742 0.228816 0.002633 -0.032309 0.020704
1.0 0.637434 -0.765000 0.353577 -0.002295 0.020616 -0.048544
1.0 0.656245 0.551858 -0.229694 -0.044066 -0.028036 0.016620
1.0 0.572506 0.236960 -0.791998 -0.009543 -0.001929 -0.042560
1.0 0.558361 -0.228868 -0.661569 0.007216 0.044073 0.031215
1.0 -0.428258 -0.082748 -0.053211 0.006616 -0.037830 -0.010247
1.0 -0.255234 -0.780245 0.336886 0.004806 -0.045430 0.019831
1.0 -0.108318 0.201072 0.773464 -0.048415 -0.028300 -0.003267
1.0 0.759350 0.156215 0.620903 0.034670 0.009060 -0.035535
1.0 0.742812 0.562608 0.536754 -0.047272 -0.018577 0.006148
1.0 0.713290 -0.146794 0.675244 0.041273 0.033139 0.047016
1.0 0.779223 0.929771 0.848221 0.000173 0.013163 0.038494
1.0 0.920833 -0.392997 -0.660296 -0.007920 -0.043797 -0.015020
1.0 -0.731721 -0.559251 -0.854185 0.029031 0.026686 0.003703
1.0 -0.776285 -0.641661 0.948472 0.027622 -0.040574 -0.005322
1.0 0.406446 0.236132 -0.565877 0.001399 0.033681 -0.049658
1.0 0.449957 0.183257 -0.923992 -0.035051 0.034734 -0.012525
1.0 -0.474585 -0.901809 -0.723739 0.044425 0.047253 0.001217
1.0 -0.159206 -0.368942 -0.541856 0.014928 0.047164 -0.000426
1.0 -0.760075 0.075587 0.695357 0.021799 -0.012991 0.001031
1.0 0.711288 -0.394643 0.714950 0.017218 0.006403 0.048133
1.0 0.695496 0.575082 -0.372611 -0.026842 0.015471 0.047805
1.0 -0.726748 -0.899885 -0.437009 0.030375 0.003887 -0.020489
1.0 0.183744 0.900000 0.293917 -0.041478 0.019912 -0.000424
1.0 0.994871 0.035544 0.480093 -0.023843 -0.044142 0.035226
1.0 -0.638695 -0.588317 -0.809060 -0.001382 0.042422 -0.048764
1.0 0.209696 -0.205862 -0.764267 0.029601 -0.042469 0.000817
1.0 -0.515975 -0.957216 -0.937055 0.030144 0.007641 -0.037484
1.0 0.859907 0.029260 -0.914282 -0.013245 0.017347 0.005962
1.0 -0.020318 0.330347 -0.139498 0.022916 0.008982 -0.033982
1.0 -0.911635 -0.145005 0.486886 -0.016879 0.029978 0.000234
1.0 -0.386326 0.306684 0.208005 0.013694 0.015012 0.045493
1.0 -0.207969 -0.678353 -0.115542 -0.045307 -0.006822 -0.026096
1.0 0.427828 0.556969 -0.689944 0.034524 -0.030963 0.019568
1.0 -0.919493 0.189533 0.309197 0.038786 0.028872 0.029870
1.0 -0.982608 0.052450 0.119531 0.030764 -0.037516 -0.007692
1.0 0.238538 -0.146820 -0.941575 -0.031978 0.034786 0.045508
1.0 0.488425 -0.763525 -0.733268 0.020116 0.002823 -0.031731
1.0 0.247662 0.875630 0.794672 -0.031720 -0.034186 -0.001751
1.0 -0.728145 -0.120504 -0.071770 0.005954 -0.038730 0.011220
1.0 -0.539113 -0.061468 0.132400 -0.012727 0.038865 -0.019202
1.0 0.129534 0.464064 0.957843 0.013937 -0.020495 0.004721
1.0 -0.205067 0.154192 -0.506654 -0.034513 0.008289 -0.016419
1.0 0.865162 -0.229730 0.372926 -0.006002 0.000014 0.017090
1.0 0.452168 -0.962479 -0.377102 0.037322 0.000658 -0.025263
1.0 0.919423 0.782088 -0.161908 0.025205 0.027369 -0.006189
1.0 -0.755994 -0.011656 0.658185 -0.000968 -0.043282 -0.036424
1.0 0.790804 0.432360 -0.812305 -0.017730 0.012806 -0.015761
1.0 0.480719 -0.865258 0.275481 -0.009406 0.048155 -0.029105
1.0 0.063858 -0.202227 0.649972 -0.017076 -0.010075 0.017918
1.0 0.067795 0.004744 -0.212594 0.012788 -0.012538 -0.000539
1.0 -0.312733 -0.301494 0.791584 0.006145 0.035049 0.019562
1.0 -0.974012 0.211772 0.035223 -0.041944 0.042046 -0.000292
1.0 0.982711 0.100410 -0.734384 0.041880 0.005301 -0.016184
1.0 -0.920773 -0.547511 0.002432 -0.019890 -0.008104 -0.035083
1.0 -0.591420 -0.463541 0.219753 -0.039290 -0.006301 0.024116
1.0 -0.526995 -0.356313 0.353780 0.034146 0.033843 0.001714
1.0 0.892507 0.828395 0.074254 -0.025850 -0.009554 -0.019977
1.0 -0.210362 -0.105867 0.063005 0.005229 0.004693 -0.030917
1.0 0.229336 -0.278350 -0.289039 -0.005706 0.035367 0.033333
1.0 -0.323638 -0.779477 0.627013 0.028036 0.037101 -0.048001
1.0 -0.656052 -0.063639 -0.225387 -0.030120 0.008845 -0.010109
1.0 0.650584 -0.236990 -0.546556 0.040571 -0.015569 -0.005013
1.0 0.979208 -0.871863 0.647244 -0.002124 -0.004839 0.008003
1.0 -0.295159 0.870909 0.229753 0.019639 -0.019066 0.045993
1.0 0.120436 -0.680417 0.799480 0.042877 -0.037417 0.033190
1.0 0.911961 0.332329 0.552706 -0.004996 0.032942 0.005724
1.0 0.738970 0.665811 -0.025595 -0.018915 -0.036885 0.001266
1.0 -0.618981 0.522137 -0.511267 0.044610 -0.048247 0.039357
1.0 0.867346 0.884678 -0.528068 -0.042447 -0.037779 -0.048520
1.0 -0.294250 0.553929 -0.071725 0.043540 0.035251 0.021629
1.0 0.581536 0.200528 -0.135567 0.031392 -0.044314 0.034200
1.0 -0.379060 0.884384 0.980358 -0.021379 -0.031268 0.024992
1.0 -0.875381 0.883137 0.471297 -0.046225 0.003901 -0.008974
1.0 0.235240 -0.473418 -0.490692 -0.016923 -0.041310 0.036849
1.0 0.293162 -0.681616 -0.297037 0.005350 0.049778 0.010966
1.0 -0.633568 -0.391797 -0.787452 -0.027442 -0.034300 0.046414
1.0 0.635806 -0.985844 -0.667507 0.001802 -0.003833 0.046839
1.0 0.137694 0.351567 0.471087 0.029271 0.000026 -0.003338
1.0 0.769473 0.726059 -0.587892 0.049358 0.025583 -0.004625
1.0 -0.275087 -0.587937 -0.834291 -0.042170 -0.003769 -0.022683
1.0 0.457194 -0.045101 0.928528 -0.029210 0.022709 -0.019441
1.0 0.839588 -0.264842 0.422185 0.047612 0.013536 -0.001450
1.0 -0.547860 0.712382 0.114982 -0.033940 -0.033054 0.044504
1.0 -0.220873 -0.727190 0.486433 -0.003819 -0.003081 -0.017057
1.0 0.192705 0.157371 -0.411329 -0.032434 -0.003609 -0.048996
1.0 0.599612 -0.139757 0.521493 -0.038875 0.037459 0.032272
1.0 0.312481 -0.283808 -0.807276 0.005119 -0.011362 -0.020056
1.0 0.150187 -0.166182 -0.862148 -0.049695 0.026847 0.037775
1.0 0.273810 -0.540490 -0.678010 -0.043196 -0.049212 -0.018537
1.0 -0.892148 0.563489 0.679240 0.013540 -0.016579 -0.018212
1.0 0.828272 0.241912 -0.757776 0.000655 -0.008983 0.011518
1.0 0.676186 -0.124822 -0.271702 0.000549 0.043622 -0.005746
1.0 -0.045368 0.279677 0.864176 -0.049055 0.024854 -0.036054
1.0 0.171347 -0.234730 0.121593 0.035163 -0.044393 -0.035331
1.0 0.948457 0.716803 0.174603 0.021577 0.006368 0.049290
1.0 -0.537341 -0.263845 0.984186 -0.030020 -0.007323 0.033274
1.0 0.382569 0.371756 0.583334 0.031970 0.000846 0.045572
1.0 0.646296 0.573787 -0.542141 0.016750 -0.027446 -0.003708
1.0 -0.843264 0.560817 -0.545063 0.020298 -0.029565 0.006410
1.0 0.889588 0.676212 -0.788975 -0.017155 0.034541 -0.029184
1.0 -0.677128 0.091896 -0.396393 0.026459 0.043606 -0.042610
1.0 0.684930 0.665874 -0.300571 -0.047379 0.009121 0.007265
1.0 0.238888 -0.759220 -0.174175 -0.015925 -0.030957 0.044191
1.0 0.211565 0.829572 -0.008507 0.048721 0.000755 -0.046913
1.0 -0.771027 0.526220 -0.288943 -0.018652 -0.028186 0.020131
1.0 0.666552 0.166242 0.695588 0.047496 0.040626 -0.035322
1.0 -0.348712 0.553703 0.405457 0.037756 0.022828 0.044204
1.0 0.245412 -0.153723 -0.054111 -0.045828 -0.023195 -0.021081
1.0 0.314273 0.236118 -0.781115 0.007903 0.021083 -0.019644
1.0 0.637322 0.767140 0.562237 0.008860 -0.044276 -0.026701
1.0 -0.925945 -0.275239 -0.257342 0.006379 -0.011570 -0.021865
1.0 -0.921937 0.255783 0.239969 -0.026022 -0.012728 -0.018699
1.0 0.108742 0.150783 -0.191339 0.002038 -0.020075 -0.027421
1.0 -0.728814 0.386007 0.055647 0.038782 0.016875 0.019557
1.0 0.632731 0.527528 0.833271 -0.036277 -0.027417 0.007340
1.0 -0.748478 -0.608051 0.497056 -0.023162 -0.028574 0.042380
1.0 0.418299 0.838159 0.015929 0.026601 0.034180 0.046218
1.0 0.709887 0.023442 0.744089 -0.031110 0.024193 -0.002514
1.0 0.983047 0.219431 0.708470 0.005096 0.017333 0.042970
1.0 -0.085625 0.538324 0.519746 -0.032687 -0.029753 0.028269
1.0 -0.028891 0.897104 0.527199 -0.032493 0.023679 -0.012707
1.0 -0.394032 0.650878 0.014768 -0.031074 0.016452 0.014537
1.0 0.218616 0.804730 -0.666882 -0.003541 0.020737 -0.041914
1.0 -0.900531 0.163164 0.588160 -0.023255 0.032047 0.002380
1.0 -0.195400 -0.336129 0.019378 0.049725 0.008302 0.023368
1.0 -0.672152 0.105254 0.711717 -0.049181 0.004304 -0.003694
1.0 -0.525896 -0.799745 0.164274 0.026259 -0.027422 0.020999
1.0 0.202235 -0.063450 0.486212 -0.033562 0.010914 -0.002018
1.0 -0.215123 -0.299545 -0.979682 -0.019847 0.046848 0.022877
1.0 0.962935 -0.790365 0.090359 0.019020 -0.047798 0.005735
1.0 0.440333 0.779732 0.647839 -0.024243 0.008469 -0.022804
1.0 -0.633311 -0.341573 0.507326 0.028019 0.019247 0.034283
1.0 0.984101 -0.371035 0.834743 -0.045720 -0.040495 -0.036613
1.0 0.790540 0.803295 -0.755038 -0.002730 0.021655 -0.031124
1.0 -0.190915 0.475764 -0.353078 0.048833 -0.047913 -0.015246
1.0 -0.873189 -0.515588 -0.806572 -0.037160 0.000527 0.039257
1.0 0.499943 -0.302622 0.335075 -0.038499 0.020936 0.000079
1.0 0.033467 0.408350 -0.622609 -0.049222 -0.035290 -0.004045
1.0 -0.126631 -0.593173 -0.272152 -0.019132 0.005878 0.046407
1.0 -0.166492 -0.960389 0.492914 -0.047186 0.020364 0.047423
1.0 0.876010 -0.357722 -0.375124 0.043113 0.020787 0.027604
1.0 -0.778322 -0.761083 0.429487 -0.040938 0.004510 0.044589
1.0 -0.581555 -0.820239 -0.946248 0.007810 0.027610 0.043642
1.0 0.876534 -0.044656 0.051225 -0.044212 0.048536 -0.030435
1.0 0.378084 -0.103978 -0.506747 0.003154 -0.037524 0.012007
1.0 0.488069 0.964283 -0.349176 0.028183 0.024871 -0.028343
1.0 -0.620171 -0.634853 -0.982961 0.010616 0.011677 0.009195
1.0 0.814635 0.522210 -0.074202 0.002813 0.030117 0.044567
1.0 0.721536 -0.974196 -0.892408 0.046407 0.036313 0.001770
1.0 0.508230 -0.314983 0.909523 0.025144 0.019189 -0.038095
1.0 0.868634 -0.961795 0.931481 -0.026403 0.003969 0.018554
1.0 0.736111 0.735186 -0.044916 0.023543 -0.027934 0.015566
1.0 0.934473 -0.508682 0.285576 -0.022837 -0.019568 -0.032700
1.0 0.012951 -0.762572 0.553873 -0.029845 0.035175 -0.030800
1.0 -0.827566 -0.932613 -0.824485 -0.012289 0.031593 0.006761
1.0 -0.779661 0.082611 0.921783 0.047694 0.017404 -0.010809
1.0 0.164217 0.209589 0.622888 -0.039426 0.014695 0.035739
1.0 0.462147 0.623860 -0.838795 -0.019994 0.041849 -0.024687
1.0 -0.906056 0.400274 -0.925175 -0.011823 -0.049174 -0.034172
1.0 -0.041229 -0.252510 0.695356 -0.014671 0.016769 0.004356
1.0 -0.187945 0.953399 -0.136271 0.034088 0.022379 -0.002197
1.0 0.818799 0.231475 0.736492 0.034943 0.003510 0.018606
1.0 0.391292 0.411088 -0.408638 0.006697 0.011467 -0.013206
1.0 0.247579 -0.139715 -0.033788 -0.013456 -0.008911 0.010867
1.0 0.648543 0.437653 -0.541023 -0.004905 0.026851 -0.028918
1.0 -0.351857 -0.718899 -0.847072 0.045278 0.011204 -0.029912
1.0 -0.136278 0.253510 -0.584389 -0.042484 -0.023433 -0.023489
1.0 -0.700533 -0.101472 0.506030 0.034417 0.023571 -0.030790
1.0 0.632361 -0.902022 0.754382 0.041949 0.026655 -0.048913
1.0 -0.206353 -0.660912 0.321785 0.037144 0.022248 0.049150
1.0 0.108218 -0.631740 -0.514072 0.024464 -0.041582 0.001866
1.0 -0.936435 -0.429350 -0.293242 0.037041 0.018585 -0.034034
1.0 0.617876 -0.012250 -0.710014 0.033981 0.007867 -0.018847
1.0 0.410725 0.666075 0.279474 0.039929 -0.023727 0.015432
1.0 -0.056381 -0.992051 -0.944952 -0.036543 0.033343 -0.045461
1.0 -0.011538 0.517110 0.375564 -0.046662 -0.024731 0.009818
1.0 0.790107 -0.251151 0.205506 0.040783 0.034673 -0.036029
1.0 -0.675561 0.703823 0.243648 0.003464 0.014783 0.032988
1.0 -0.056967 -0.419121 0.967721 -0.015292 -0.028848 0.013373
1.0 -0.010218 -0.169893 0.076018 -0.003168 -0.027583 -0.015991
1.0 -0.025419 -0.638280 0.758789 -0.036820 -0.032125 -0.004551
1.0 -0.266931 0.219105 0.109135 0.006376 0.013390 0.029934
1.0 -0.450236 0.811767 0.005562 0.029470 -0.009212 0.035733
1.0 0.398711 0.917480 -0.457147 0.013478 0.008147 0.037334
1.0 0.352005 -0.128431 0.205985 -0.041495 -0.002651 -0.040159
1.0 0.307546 -0.918821 -0.871050 -0.008622 -0.046546 -0.025675
1.0 -0.992132 0.041804 -0.091041 -0.036108 -0.030720 0.027286
1.0 -0.614443 0.689573 0.267978 0.016592 -0.012391 -0.004223
1.0 -0.546883 0.043477 0.233976 0.035770 -0.042867 -0.033844
1.0 -0.835200 0.975884 0.190810 -0.036551 0.015626 -0.014456
1.0 -0.038798 0.855456 0.221421 -0.045867 0.049046 0.018597
1.0 0.163109 -0.941180 -0.390386 0.036580 -0.033789 0.027543
1.0 0.350357 -0.862185 0.580866 0.032778 -0.043505 -0.012667
1.0 0.558947 0.659916 -0.193634 0.029157 -0.022125 -0.014002
1.0 -0.744675 0.316055 -0.781317 -0.023756 -0.037907 0.044858
1.0 -0.803469 0.826725 0.016890 0.041640 0.015520 0.013979
1.0 0.670310 0.501735 0.718844 -0.015590 0.016829 0.010090
1.0 -0.940164 -0.693382 -0.505980 0.014059 0.036617 0.029236
1.0 -0.856474 -0.299319 0.621238 -0.046022 -0.021046 -0.049653
1.0 -0.094002 0.274638 0.444641 0.005621 -0.005376 -0.004634
1.0 -0.128394 0.980051 0.365127 0.006239 0.040365 -0.034559
1.0 0.061885 -0.482352 0.976211 -0.036097 0.023147 0.030008
1.0 0.174621 0.036866 0.393781 -0.011706 -0.027865 0.031258
1.0 0.754407 -0.239432 0.421124 -0.001694 0.022626 0.008744
1.0 0.114473 0.046784 -0.717951 0.004688 -0.006625 0.006445
1.0 -0.069888 0.976217 -0.742150 0.036805 0.026032 -0.028474
1.0 0.436356 0.876905 -0.776254 -0.044589 -0.048556 0.002231
1.0 -0.857310 -0.030832 0.489488 0.039568 -0.022345 0.025018
1.0 -0.405160 -0.519784 0.486782 -0.039675 -0.023832 0.033778
1.0 -0.577635 -0.904440 0.124228 0.046673 -0.024571 -0.042129
1.0 0.952450 -0.128103 0.078781 0.038323 0.005175 -0.008527
1.0 -0.664911 -0.982674 0.566621 0.024647 -0.037991 0.042704
1.0 -0.733194 0.146873 0.737662 -0.002199 -0.005351 0.039241
1.0 -0.212673 0.254836 -0.211235 0.036533 0.039177 -0.006906
1.0 -0.860215 -0.744310 0.007459 -0.001229 -0.018440 0.021805
1.0 -0.232870 -0.042542 -0.470901 0.049822 0.036489 -0.042625
1.0 0.193971 -0.162059 -0.118099 0.047342 0.044050 0.028337
1.0 0.551083 -0.835516 0.993203 0.020232 -0.041959 0.044098
1.0 0.236427 -0.578623 -0.005917 -0.030153 0.045697 -0.001267
1.0 0.846356 0.106821 0.152334 0.028055 0.041003 0.014805
1.0 0.364391 0.606914 -0.943342 -0.003678 -0.038453 0.025548
1.0 -0.214482 0.815700 0.589316 0.006132 0.048260 0.015498
1.0 -0.010419 0.772596 -0.763972 -0.027777 -0.035992 -0.033307
1.0 -0.828563 -0.355355 -0.551192 -0.033686 -0.043519 -0.036737
1.0 0.657373 0.157820 0.696042 -0.037331 0.030280 0.026788
1.0 -0.197353 -0.700728 -0.210443 -0.044914 -0.029486 -0.013969
1.0 -0.715773 0.834094 -0.630503 0.022577 -0.041198 0.029905
1.0 0.285649 -0.258462 -0.762939 0.011245 0.031042 0.006051
1.0 -0.642682 0.551091 0.407170 -0.042016 0.005912 -0.030960
1.0 -0.406555 0.059145 -0.258344 0.046980 -0.034639 0.037168
1.0 0.928945 -0.642004 0.517020 -0.014534 0.002764 -0.049883
1.0 0.154551 0.729366 0.490169 -0.036233 -0.013441 0.001249
1.0 -0.849608 0.085573 0.897618 -0.039630 -0.009749 -0.024310
1.0 -0.877128 0.590807 -0.293872 -0.032988 -0.009859 -0.009980
1.0 -0.703866 -0.773340 -0.928104 0.030026 0.001034 0.040734
1.0 -0.912716 -0.493995 -0.091276 0.028677 0.003689 0.022925
1.0 -0.441541 -0.558633 -0.415958 0.002164 0.024467 0.042903
1.0 0.524988 -0.962236 -0.788288 0.037400 -0.020898 -0.026503
1.0 0.435424 -0.652364 -0.763299 0.016994 0.010872 -0.040966
1.0 0.494224 0.220471 -0.351537 -0.026403 -0.030029 -0.038491
1.0 0.432386 -0.503495 0.679940 0.037501 -0.029586 -0.041510
1.0 0.717486 -0.312812 0.706364 0.003945 -0.010694 0.031752
1.0 -0.126958 0.418526 -0.715060 -0.017208 -0.039274 -0.032910
1.0 0.434929 -0.013625 -0.419127 -0.016770 0.020665 0.047634
1.0 -0.856757 0.766224 -0.475998 -0.049599 -0.004612 0.028983
1.0 0.131726 0.602100 0.241840 -0.037104 -0.035455 0.045528
1.0 -0.166309 0.320343 -0.554627 -0.003811 0.013776 0.021348
1.0 0.285762 -0.096149 -0.933448 0.033252 0.020833 0.021832
1.0 -0.100687 0.335038 0.608693 0.026683 0.019416 -0.029029
1.0 -0.817194 -0.663753 0.167454 -0.049875 0.026260 -0.019526
1.0 0.288915 -0.775975 0.725409 -0.030352 -0.046141 -0.000292
1.0 -0.523326 -0.010156 -0.118550 -0.040948 0.021531 0.020570
1.0 -0.568473 -0.533959 -0.812083 -0.029567 -0.006778 0.003536
1.0 0.120443 0.857220 0.026038 0.033518 0.002167 0.039500
1.0 -0.518501 0.662968 -0.957370 -0.016050 0.015248 -0.009987
1.0 -0.149552 -0.259804 -0.586050 -0.007431 -0.033185 0.028357
1.0 -0.257708 0.578378 0.494670 0.036592 -0.001229 0.037562
1.0 -0.390308 0.082472 -0.604402 -0.032375 0.001657 -0.030778
1.0 0.216912 0.289259 0.867026 0.036241 0.019161 -0.006653
1.0 0.910151 -0.388819 -0.219035 0.011766 -0.032886 -0.000031
1.0 0.492007 -0.375325 -0.424433 0.002055 -0.040209 -0.018954
1.0 -0.791494 -0.149787 -0.941575 0.035156 -0.023735 0.021245
1.0 -0.355145 0.260127 0.716235 0.028614 0.040483 -0.004875
1.0 0.623864 -0.854831 -0.779149 0.046072 0.045872 -0.027279
1.0 0.652374 0.931988 -0.306334 -0.048105 0.022831 0.049983
1.0 0.007484 -0.872671 0.786961 -0.047352 0.030228 0.030584
1.0 0.035021 -0.729783 0.838885 -0.008583 0.036725 0.002105
1.0 0.769817 0.582856 0.720130 0.020956 0.028637 0.034293
1.0 0.565474 0.341801 -0.623664 0.041476 0.045344 -0.004047
1.0 0.510340 0.832002 0.082974 -0.047063 0.013841 -0.015505
1.0 0.872110 -0.717148 -0.449563 -0.017475 -0.048528 0.011671
1.0 -0.578236 0.101910 -0.667621 -0.009389 0.036815 -0.010779
1.0 0.583408 0.261665 0.903828 0.036212 0.006433 -0.006755
1.0 -0.397369 0.871048 0.160015 -0.040783 0.021042 0.045213
1.0 0.733820 -0.390927 0.794600 0.008195 -0.028691 -0.009025
1.0 -0.960091 -0.789261 0.692886 -0.015437 -0.010388 -0.016803
1.0 -0.159944 -0.057939 0.034848 0.005449 -0.015291 -0.043685
1.0 0.527446 0.401325 -0.071887 0.020747 0.009777 0.000121
1.0 0.846147 0.541065 0.922807 -0.046782 0.004455 0.035514
1.0 0.807129 -0.258252 -0.337596 0.034325 -0.031989 0.030821
1.0 -0.577503 -0.488396 -0.660220 -0.043683 -0.004324 0.038180
1.0 -0.696320 0.983170 -0.501626 0.043431 -0.022837 -0.003255
1.0 0.148169 -0.142841 -0.531508 -0.028834 0.010756 -0.042264
1.0 -0.187225 -0.584921 0.124078 0.041113 0.026759 -0.011351
1.0 -0.275844 -0.551991 -0.052861 -0.028008 -0.046081 -0.048312
1.0 0.053572 -0.533070 -0.924079 -0.004973 0.047925 0.027958
1.0 -0.010116 -0.793555 -0.977086 0.002442 -0.039457 0.021942
1.0 0.731396 0.174276 -0.471380 0.000525 -0.047755 -0.020909
1.0 0.677195 0.197231 -0.661451 0.006985 0.032029 0.026339
1.0 -0.055919 0.701362 -0.031195 0.048050 -0.049964 -0.049708
1.0 -0.558300 -0.403607 0.682411 0.038039 -0.029693 -0.016487
1.0 -0.857064 0.382918 0.564467 -0.023363 0.006938 0.032284
1.0 0.976765 -0.633467 0.131901 0.038725 0.047807 0.001711
1.0 -0.620129 0.480512 0.523423 -0.025307 0.022642 -0.034037
1.0 -0.664082 0.380010 -0.506359 -0.009674 0.024811 -0.045196
1.0 -0.272246 0.717558 -0.178874 -0.012450 -0.000340 -0.029524
1.0 -0.524652 0.379145 -0.945623 0.026635 -0.030121 0.045435
1.0 -0.740175 0.166478 -0.449202 -0.038076 0.043364 0.013324
1.0 -0.908700 0.704107 0.372780 0.007145 -0.012220 0.003456
1.0 -0.887212 0.661876 0.857846 -0.029134 -0.027778 -0.004341
1.0 0.925970 -0.753625 0.738414 -0.007019 0.029717 0.033357
1.0 -0.068048 0.622967 0.851415 -0.046196 -0.026797 0.016872
1.0 -0.018059 0.235535 0.905205 0.011759 -0.044054 0.047547
1.0 -0.366393 0.309967 0.138933 0.003950 -0.013283 -0.020662
1.0 0.587672 -0.094307 -0.661017 0.034034 0.007271 0.001825
1.0 0.286454 0.183646 -0.565477 -0.032006 -0.022019 -0.036140
1.0 0.337158 -0.130537 0.005320 -0.048668 0.029393 -0.031181
1.0 -0.959374 -0.264608 0.388317 -0.025564 0.042683 -0.018702
1.0 -0.130817 -0.958650 0.573894 -0.030232 0.037019 -0.048220
1.0 0.910561 0.072091 0.084124 -0.000640 -0.013666 -0.025391
1.0 -0.534368 -0.028224 0.389067 0.000327 0.003695 0.042638
1.0 0.795749 0.046290 0.186861 -0.020099 0.048991 0.019606
1.0 0.581302 -0.707008 -0.155849 -0.013688 -0.039869 -0.046795
1.0 0.095329 -0.663231 -0.393102 0.033762 -0.004316 -0.012793
1.0 0.989351 -0.261366 0.420887 0.037502 -0.043712 -0.043330
1.0 -0.930617 0.573124 0.739917 0.028488 0.015427 -0.018398
1.0 0.226365 0.480854 0.841105 0.006563 -0.025406 -0.013047
1.0 0.509528 0.558245 -0.589887 0.030150 -0.025646 0.025379
1.0 -0.904504 -0.179101 0.118165 0.009347 0.049005 -0.043754
1.0 0.721779 -0.012373 0.354136 -0.031185 -0.007983 0.004058
1.0 0.070632 -0.441845 0.962120 -0.033470 0.023583 0.037275
1.0 0.160449 0.147783 0.779231 -0.025546 0.047691 0.034295
1.0 -0.359842 -0.037918 0.915417 0.038398 -0.021447 -0.024692
1.0 -0.864577 0.245959 -0.373847 -0.046040 0.022255 -0.005443
1.0 0.447582 -0.501361 -0.138617 0.008711 -0.005913 0.009117
1.0 0.578395 0.097488 0.396290 -0.029666 -0.026206 -0.018478
1.0 -0.367511 0.043334 -0.322436 0.014030 0.001449 0.015803
1.0 -0.036631 -0.218592 -0.150562 -0.017295 -0.047001 0.012922
1.0 0.747595 -0.380716 -0.445565 -0.045450 -0.011012 0.009981
1.0 0.486543 -0.693334 -0.350806 0.002278 -0.026518 -0.016577
1.0 -0.153566 -0.475754 -0.814530 0.031437 -0.018298 -0.045852
1.0 -0.115329 -0.432345 -0.309068 0.027363 -0.035540 -0.035610
1.0 0.672118 -0.384791 -0.062312 0.029154 0.018599 0.039835
1.0 -0.373044 0.431646 0.897322 -0.046047 -0.016056 0.029317
1.0 -0.739598 0.805482 -0.398569 0.000756 0.027487 -0.019309
1.0 0.658465 -0.990258 -0.669946 0.041557 0.011882 -0.014102
1.0 0.379789 -0.335145 0.618860 0.035241 -0.023268 0.032272
1.0 -0.434293 -0.179541 0.570772 -0.023193 -0.021328 0.040071
1.0 0.992405 0.312088 -0.417680 -0.033270 -0.040520 0.020173
1.0 -0.810556 -0.280027 0.742734 0.002338 -0.011049 -0.006450
1.0 0.840490 -0.651915 -0.304914 -0.006718 0.009639 -0.013174
1.0 -0.730326 -0.283374 -0.091633 0.009195 0.003532 -0.017542
1.0 0.713005 -0.303528 0.308251 -0.027033 0.020169 -0.005383
1.0 -0.620994 0.286940 -0.694812 0.012318 -0.015639 0.047197
1.0 -0.489165 -0.034572 -0.825329 -0.024661 0.037441 -0.049561
1.0 0.163575 0.679623 -0.540835 0.044631 0.048942 0.041925
1.0 -0.316544 0.331128 -0.052458 0.029648 0.006062 0.008093
1.0 -0.300299 -0.061096 -0.090812 -0.005358 0.001654 0.037698
1.0 -0.993995 0.825934 0.930378 0.026294 -0.013656 0.045939
1.0 0.200003 0.248730 -0.227307 -0.012039 -0.040449 -0.029917
1.0 0.009390 0.010130 0.461255 -0.000208 -0.017292 0.003342
1.0 -0.735775 0.211941 0.346466 0.013547 0.016957 0.037521
1.0 -0.241190 0.305321 0.659609 -0.048868 -0.021390 0.030732
1.0 0.027985 -0.749947 0.755660 0.033188 -0.045519 0.031579
1.0 -0.505389 0.175683 0.556345 -0.039460 -0.019127 -0.039798
1.0 -0.702808 -0.948110 -0.133448 0.033007 0.025898 0.009735
1.0 -0.456226 -0.522336 -0.782783 -0.011191 0.019584 0.022133
1.0 -0.092496 0.271776 0.231156 0.016590 0.029322 -0.040910
1.0 0.969069 -0.374471 0.255170 0.027521 0.016112 0.010750
1.0 -0.112860 0.914118 -0.125760 0.025368 0.041786 0.007890
1.0 -0.177391 0.253431 -0.118689 -0.028869 0.041767 -0.035363
1.0 0.643902 0.327394 -0.533388 0.038787 -0.049546 -0.018229
1.0 -0.779947 -0.457788 -0.526661 -0.044485 0.006322 -0.047059
1.0 0.111046 -0.055827 -0.153357 -0.038871 0.041109 0.010767
1.0 0.024528 0.734590 -0.698857 0.029795 -0.030021 0.018556
1.0 0.053572 -0.013683 0.875713 -0.035035 0.009344 -0.029296
1.0 0.821181 0.138302 -0.398937 0.032066 -0.004394 0.027967
1.0 0.900554 0.410104 -0.747637 0.040681 -0.027041 -0.044263
1.0 0.828751 -0.762233 0.246416 0.008047 0.011877 0.008086
1.0 -0.799623 -0.825639 0.635042 0.013645 0.011738 -0.026829
1.0 0.044503 -0.635870 -0.719321 0.017316 0.005478 -0.041850
1.0 -0.794249 -0.053381 0.895060 0.010434 -0.045407 0.037460
1.0 -0.608292 0.254410 0.683499 0.037343 0.045682 0.038550
1.0 0.264979 0.559614 0.514184 0.025001 -0.040968 0.012704
1.0 0.638095 0.490026 -0.252984 0.020707 -0.034587 0.004343
1.0 -0.603841 0.521509 -0.112404 -0.044765 0.038736 0.039874
1.0 -0.699103 0.935963 -0.154654 0.013131 0.020698 0.039220
1.0 -0.650761 -0.299911 -0.669782 -0.003736 -0.026597 -0.032240
1.0 -0.858847 0.553478 -0.206182 0.034199 0.013237 -0.010347
1.0 -0.073149 0.837749 -0.341332 0.004443 -0.042839 0.044833
1.0 -0.892599 0.146383 -0.333084 0.049646 -0.024373 0.037857
1.0 -0.040521 0.051951 0.616072 -0.035079 0.004480 -0.046327
1.0 -0.928891 0.617724 0.154118 -0.003607 -0.003145 -0.011179
1.0 0.815743 -0.908095 0.010829 -0.011311 -0.030219 -0.048862
1.0 -0.676733 -0.036517 -0.624405 -0.047311 -0.045508 0.033613
1.0 0.409382 -0.197711 -0.426324 -0.036775 -0.020638 -0.009745
1.0 -0.939511 0.390874 0.777462 0.012212 0.003579 0.003136
1.0 -0.957275 0.306695 -0.167893 -0.036082 -0.021566 0.036785
1.0 0.283132 0.254031 -0.012295 -0.019526 0.033187 -0.037868
1.0 0.466356 0.419143 0.867667 0.037565 -0.023034 -0.016900
1.0 0.453170 0.014143 0.928031 -0.003445 -0.021595 0.016664
1.0 0.348195 -0.754770 -0.575550 -0.042274 -0.004103 -0.003021
1.0 -0.000943 0.854430 -0.214843 -0.042974 0.031851 -0.009351
1.0 -0.905470 0.654347 0.788338 0.010137 -0.003833 -0.026524
1.0 0.994455 -0.923611 -0.203955 -0.012408 0.044804 0.042186
1.0 0.036838 0.081034 0.987907 0.008763 0.032186 -0.012289
1.0 -0.395677 0.459569 -0.829931 -0.003620 -0.031375 -0.030966
1.0 -0.501565 0.989535 -0.374633 -0.037314 0.004911 -0.047362
1.0 -0.953727 -0.449450 0.054161 -0.009332 0.006287 -0.034596
1.0 -0.413800 0.969776 -0.262605 -0.019082 -0.023322 -0.048026
1.0 0.025900 -0.416320 -0.071206 -0.006584 -0.022043 -0.042211
1.0 -0.803192 0.515894 0.517658 -0.012068 0.028474 -0.026719
1.0 -0.621218 0.699484 0.355591 -0.036684 0.041906 0.027439
1.0 -0.945963 -0.878984 0.364357 -0.001357 -0.030926 0.022466
1.0 0.043579 0.193790 0.553721 0.022209 -0.023161 -0.014784
1.0 -0.890168 0.089343 -0.475692 -0.003558 0.016230 0.035118
1.0 -0.205356 0.606297 -0.526977 0.006208 -0.043504 -0.037734
1.0 0.694064 -0.229321 -0.746902 0.022436 0.026476 0.046078
1.0 0.123286 -0.748306 0.176990 -0.032560 0.039399 0.018079
1.0 0.352883 0.145973 0.065596 -0.007848 -0.048232 -0.008472
1.0 0.360157 -0.624089 -0.895866 -0.041914 0.001344 -0.045323
1.0 -0.618819 -0.508965 0.323506 -0.031901 -0.049207 -0.035716
1.0 0.648698 -0.791415 -0.550465 0.018362 0.034611 0.046503
1.0 -0.092584 0.911819 -0.769909 -0.011024 0.042853 -0.043928
1.0 -0.540922 -0.587144 -0.410802 -0.003245 -0.043887 0.018379
1.0 -0.705865 -0.073553 -0.805911 -0.019107 0.039449 -0.044135
1.0 0.018052 -0.090490 0.697127 0.015708 0.028165 -0.033896
1.0 -0.624415 -0.198181 -0.933793 -0.016101 -0.047097 -0.027034
1.0 -0.743485 0.620759 0.317746 -0.042387 0.019644 -0.022248
1.0 0.550151 0.197891 -0.118287 -0.031011 0.035468 -0.037246
1.0 -0.683584 -0.406682 0.059574 -0.006886 0.042173 -0.044872
1.0 -0.038723 -0.708494 0.213531 0.039684 -0.028029 -0.015325
1.0 0.790978 0.108424 -0.413351 -0.044479 0.018546 0.007386
1.0 0.176231 0.337664 -0.013011 -0.031510 -0.023675 -0.004004
1.0 0.367737 0.746362 0.655744 -0.024410 -0.032554 -0.033375
1.0 -0.541380 0.766028 -0.402915 -0.028037 0.041856 -0.005678
1.0 -0.774238 -0.075690 0.815991 -0.001118 -0.043610 0.021459
1.0 -0.327021 0.837060 0.629285 0.039044 -0.005859 -0.040148
1.0 0.004865 -0.753765 0.168231 -0.047023 -0.031620 -0.048629
1.0 -0.141295 0.745992 -0.900105 -0.037697 0.015746 0.000524
1.0 0.827739 -0.085882 0.542097 0.019486 -0.021912 0.013366
1.0 -0.510672 -0.629852 0.302823 0.041652 -0.044473 0.017387
1.0 0.520325 0.332796 -0.192648 0.031800 -0.045377 -0.021650
1.0 -0.386565 -0.775575 -0.201900 -0.007452 0.022004 -0.018025
1.0 0.597251 0.715451 -0.532897 0.044312 -0.024810 0.005510
1.0 0.873181 -0.779379 0.282789 0.031521 -0.047815 -0.047987
1.0 -0.670716 -0.683377 -0.616125 -0.006562 0.043984 -0.012876
1.0 -0.473378 0.933650 -0.098768 0.021009 0.044449 0.016236
1.0 -0.713211 -0.110251 0.984589 0.009259 -0.007595 -0.031459
1.0 0.921107 -0.332516 0.094468 -0.000342 -0.036018 -0.042768
1.0 -0.599809 -0.765250 0.263379 0.016950 -0.018975 0.006708
1.0 0.829367 0.334469 -0.246558 -0.024523 0.021291 0.003405
1.0 0.229187 -0.542046 -0.770227 0.018177 -0.028369 -0.027183
1.0 0.366578 0.667549 0.830845 0.035231 -0.007295 -0.022144
1.0 0.841948 0.410083 -0.792260 0.005028 -0.021974 -0.008969
1.0 0.421279 0.120489 0.503903 -0.016298 -0.008005 0.032448
1.0 0.818833 -0.499174 -0.803830 -0.045267 -0.036012 -0.031642
1.0 0.560259 -0.451004 -0.927336 0.035035 -0.008997 -0.007863
1.0 -0.177817 -0.311573 -0.052251 0.016807 0.039112 -0.024547
1.0 0.415456 -0.153465 0.494241 -0.035129 0.031759 0.042224
1.0 -0.954400 0.986113 0.120350 0.020372 -0.043869 -0.006087
1.0 0.090553 -0.399174 -0.880512 0.044152 -0.033950 -0.035065
1.0 -0.723438 -0.387851 0.181428 -0.020251 -0.046456 -0.006266
1.0 0.450683 0.683425 0.704297 0.002523 -0.040187 0.042871
1.0 -0.504273 -0.228924 -0.956529 -0.016681 0.015960 -0.007924
1.0 0.750171 0.292847 0.831221 0.045437 0.021298 -0.021007
1.0 -0.479689 0.606901 0.583219 0.008653 0.024361 -0.035683
1.0 0.096883 0.824189 0.826467 0.003238 0.010817 0.041109
1.0 0.603153 -0.632008 0.156661 0.026276 0.000727 0.028270
1.0 -0.695569 -0.065894 -0.955185 -0.043679 -0.026058 -0.022035
1.0 -0.748804 -0.346612 0.623044 0.001407 -0.003338 -0.013662
1.0 0.796597 0.012922 -0.820446 0.025685 0.018609 -0.013804
1.0 -0.441414 0.380713 -0.848166 -0.008906 -0.025323 0.027809
1.0 -0.094904 -0.541159 -0.061788 -0.029339 -0.038133 0.044749
1.0 -0.559087 -0.437145 -0.780582 -0.043583 0.004014 -0.024117
1.0 0.213726 0.559266 -0.611036 0.011502 0.005884 0.027029
1.0 -0.494508 -0.676661 -0.551444 -0.041863 0.004722 0.019361
1.0 0.629847 0.893970 0.402761 -0.031135 0.030093 -0.015149
1.0 -0.195167 -0.677300 -0.650690 -0.012419 0.013292 0.023838
1.0 -0.734281 0.916800 -0.002386 -0.038165 0.028901 0.020671
1.0 -0.184805 -0.243371 0.362855 -0.046118 0.021048 0.040708
1.0 0.172602 0.574299 -0.934986 -0.022320 -0.022429 0.001703
1.0 0.576010 0.000832 0.766548 -0.024039 -0.015700 0.004319
1.0 0.308995 0.038709 -0.512088 0.005678 -0.044817 0.041911
1.0 -0.156482 0.184506 0.721750 -0.027825 -0.004849 0.049558
1.0 0.797821 0.179081 0.768673 0.033124 0.034008 -0.037810
1.0 0.116683 -0.302273 -0.155821 0.028092 0.034029 0.037928
1.0 -0.234691 0.837531 0.479746 -0.013187 -0.046930 -0.049811
1.0 0.740058 0.975997 0.095462 -0.032818 0.015492 -0.040704
1.0 0.631685 -0.739757 -0.145134 0.033965 -0.045246 0.027973
1.0 -0.287037 0.432941 0.509828 0.038860 -0.021497 0.019795
1.0 0.136405 -0.546867 -0.968925 -0.038913 -0.012926 -0.033436
1.0 -0.696291 0.052443 -0.967408 -0.043950 -0.031452 0.029119
1.0 -0.927749 0.054580 -0.284567 0.013172 -0.010335 -0.042589
1.0 -0.276001 0.989032 -0.334976 0.030750 0.036343 0.022341
1.0 -0.931981 0.132733 -0.557338 0.013744 -0.029002 0.033258
1.0 -0.208648 0.647316 0.197855 0.026656 0.020348 0.020202
1.0 0.008260 0.878645 -0.669354 0.034481 -0.029083 0.021549
1.0 -0.510396 0.628354 0.532375 0.049055 -0.043804 -0.015874
1.0 -0.870033 0.753588 -0.474720 -0.048141 0.017555 -0.012332
1.0 0.890145 -0.634032 0.104707 0.039377 -0.000004 -0.047767
1.0 -0.827141 -0.511929 -0.591477 -0.026862 -0.027026 0.049272
1.0 -0.474365 -0.448166 0.382242 -0.017659 -0.001874 -0.018409
1.0 0.101558 -0.072163 0.784565 0.037193 0.045907 0.047642
1.0 0.318562 -0.640628 0.692499 -0.003354 -0.046030 0.019161
1.0 0.972305 0.738842 -0.482549 -0.017441 0.046882 0.008543
1.0 -0.165851 -0.008690 0.183906 -0.006727 0.039103 0.009376
1.0 0.867493 0.581817 -0.467665 0.029734 0.049151 -0.031061
1.0 -0.151401 0.261384 0.998886 0.030025 0.038429 -0.043985
1.0 -0.266067 -0.849563 -0.730405 -0.001648 0.007140 -0.022334
1.0 0.282660 -0.570062 -0.331388 0.025201 0.008741 0.028805
1.0 -0.586005 -0.673909 0.167482 0.020250 0.039624 -0.044947
1.0 -0.703280 0.876067 0.161851 0.019186 0.013181 -0.017620
1.0 0.058888 0.745104 0.656695 -0.027492 0.003978 -0.044362
1.0 -0.020317 0.218744 -0.872635 0.007932 -0.025421 -0.003239
1.0 0.219411 0.478098 -0.360818 0.043020 0.049486 0.018783
1.0 -0.822408 -0.111558 -0.378263 -0.040874 0.038417 0.020955
1.0 0.557371 0.482670 -0.675215 0.012970 0.025763 0.039953
1.0 -0.880785 0.018959 0.858934 0.016194 -0.041930 0.002467
1.0 0.101797 0.225142 -0.354193 -0.004824 -0.007114 -0.023938
1.0 -0.321384 0.445871 0.312700 -0.002984 -0.036739 0.000553
1.0 0.274882 -0.173521 0.334894 0.032606 -0.029334 -0.015248
1.0 -0.841522 0.692402 -0.533512 0.044989 -0.044578 -0.003901
1.0 -0.085661 -0.965619 -0.656073 -0.031895 -0.022180 0.022993
1.0 0.648553 0.356901 -0.485319 0.009306 0.028580 0.028757
1.0 -0.049544 -0.767744 -0.544513 0.029740 -0.031499 0.023513
1.0 -0.400232 -0.598865 0.789648 -0.025787 0.018658 0.023963
1.0 -0.869509 0.003468 0.867779 -0.019886 0.048010 0.041828
1.0 -0.924730 -0.595280 0.286518 0.024153 0.047483 0.048133
1.0 -0.763834 -0.248441 0.202589 0.024594 -0.049383 -0.034274
1.0 0.027629 0.081849 -0.381767 0.039860 0.033369 0.025709
1.0 -0.902411 -0.678840 -0.613561 0.016453 -0.014867 -0.025506
1.0 -0.859209 -0.696184 0.821227 0.017850 -0.041404 0.039613
1.0 -0.015206 0.544302 -0.549411 -0.018143 0.020097 -0.032416
1.0 -0.831424 -0.563990 -0.226484 -0.031319 0.001411 -0.048009
1.0 0.231129 -0.138087 -0.310579 0.029213 -0.000304 0.013589
1.0 0.815179 -0.676829 0.931642 0.029013 0.038656 0.020566
1.0 0.635901 0.085933 0.864469 0.030840 -0.016371 0.042807
1.0 0.630037 0.564715 -0.262786 0.002776 -0.009745 0.007657
1.0 0.922820 -0.841341 0.824228 -0.035510 -0.021056 -0.009598
1.0 -0.141408 0.645326 0.036026 -0.003612 -0.044440 -0.016986
1.0 0.879776 -0.729311 -0.314465 0.002333 -0.009909 0.024025
1.0 -0.657614 -0.513517 0.421386 0.024539 -0.002154 -0.006109
1.0 -0.165239 0.059547 -0.461344 -0.028938 -0.022074 -0.038546
1.0 0.605204 -0.726231 0.533601 0.009352 0.013971 -0.015353
1.0 0.270212 0.627869 -0.611800 0.003947 -0.032054 -0.004177
1.0 0.944154 0.421864 -0.019009 -0.005349 0.018036 0.008648
1.0 0.965577 0.845930 -0.534389 -0.041279 0.046859 0.003652
1.0 0.824714 0.125433 0.416878 -0.009566 -0.038833 -0.045382
1.0 -0.585927 0.005342 0.169668 -0.015242 0.026119 -0.018293
1.0 -0.706410 -0.781608 -0.641853 -0.039805 0.013536 0.008365
1.0 0.274070 0.593198 -0.036793 -0.015596 -0.021503 0.002406
1.0 0.447350 0.866385 -0.974165 -0.012855 -0.024347 -0.005324
1.0 0.941363 0.541616 -0.662594 -0.016247 0.001348 0.032727
1.0 0.765514 0.861531 0.942224 -0.036190 -0.008013 0.016386
1.0 0.683885 0.453423 -0.284806 -0.030448 0.030200 -0.035259
1.0 0.294740 -0.563135 -0.671410 -0.009121 0.030209 0.030314
1.0 -0.525710 0.416616 -0.267948 -0.011328 0.007895 -0.016979
1.0 0.308278 0.927341 0.621945 -0.030666 0.010562 0.010421
1.0 -0.782141 0.813002 0.067496 -0.037732 0.042615 -0.045096
1.0 0.721830 -0.541217 -0.736120 0.026584 -0.033087 0.028652
1.0 0.216548 0.409008 -0.752294 0.044149 -0.006722 0.021608
1.0 -0.244575 0.847955 0.423130 0.029873 -0.040399 -0.038792
1.0 0.661704 0.595348 -0.006320 0.026974 -0.035405 0.004257
1.0 0.613829 0.777972 -0.745218 0.009118 0.008866 0.038997
1.0 -0.972781 -0.833671 -0.023154 0.038334 -0.038357 -0.026719
1.0 0.760049 -0.707660 -0.162134 0.011040 -0.037966 -0.041327
1.0 -0.436207 0.013220 0.859044 0.027576 -0.028593 -0.003131
1.0 0.276183 0.786925 0.059054 0.020828 0.000451 -0.045789
1.0 0.544766 -0.595311 -0.628807 0.016667 -0.047002 -0.008661
1.0 0.591787 -0.933756 -0.326107 0.000488 -0.035602 -0.004073
1.0 -0.272213 -0.621968 -0.666378 -0.040834 0.020180 -0.004171
1.0 -0.535892 -0.339416 0.900454 -0.035059 0.027634 -0.027761
1.0 -0.602774 -0.160405 -0.126861 0.046663 0.023727 0.015971
1.0 -0.131211 -0.275830 0.122106 0.030055 -0.031138 0.018167
1.0 -0.407670 0.790795 0.107013 0.002401 -0.009187 0.048962
1.0 -0.838411 0.268644 -0.348262 -0.001708 -0.016912 -0.024155
1.0 -0.395021 -0.500171 -0.460600 -0.016881 0.021666 -0.016727
1.0 0.592107 0.611409 -0.690058 0.002020 0.029875 -0.001317
1.0 0.517772 -0.043104 0.682419 -0.038052 -0.019381 -0.012669
1.0 0.466337 0.761708 0.790113 0.046261 0.006791 -0.016546
1.0 -0.246034 0.179915 0.533002 0.041914 0.017954 0.049241
1.0 0.285093 -0.678469 0.726221 -0.005325 -0.018089 -0.041500
1.0 -0.493888 0.882037 -0.753225 0.020327 -0.035464 0.012544
1.0 -0.952995 0.936469 0.595308 -0.002748 0.011932 0.023709
1.0 -0.450288 -0.540283 0.013477 -0.041516 0.010378 -0.043486
1.0 -0.283653 0.667349 -0.215744 0.020330 0.016731 -0.000177
1.0 -0.301868 -0.483119 0.011120 -0.036925 0.005532 0.010152
1.0 0.308863 -0.474560 -0.464975 0.045973 -0.002336 0.019191
1.0 0.913007 0.719309 -0.650519 -0.024835 -0.030696 0.037071
1.0 -0.540656 0.309539 -0.441187 0.004875 -0.023824 -0.027273
1.0 -0.508186 0.363534 0.322842 -0.020015 -0.047646 0.028729
1.0 -0.085898 0.635072 -0.219604 0.006474 -0.040097 0.008129
1.0 -0.106391 0.649637 0.051026 -0.038151 -0.028052 -0.019041
1.0 -0.125952 -0.586192 -0.785487 -0.045902 0.027288 0.042963
1.0 0.715519 -0.851245 0.550271 0.049730 -0.032502 -0.032814
1.0 0.769351 0.247027 0.468994 0.015965 -0.046093 0.029656
1.0 -0.027556 -0.692616 0.954698 0.015429 0.046036 0.013455
1.0 -0.687270 0.817118 -0.862841 0.034740 0.010317 -0.015453
1.0 -0.387357 -0.621460 0.702499 0.031230 -0.013406 0.034751
1.0 0.367274 0.615222 -0.303196 -0.002965 0.041216 0.024479
1.0 -0.307594 -0.372329 -0.426843 0.005007 0.031506 0.028534
1.0 0.125899 0.355559 -0.271819 0.017391 -0.029368 -0.011379
1.0 0.080201 0.653127 -0.958568 -0.035972 0.005298 0.025244
1.0 -0.190761 0.335590 0.903635 -0.028739 0.010375 0.048312
1.0 -0.009155 0.575621 -0.255929 0.042747 0.035487 -0.037276
1.0 -0.134536 0.962373 -0.553331 -0.012375 0.016651 0.010856
1.0 0.692411 0.386745 0.680241 0.045240 -0.013801 0.008087
1.0 -0.598128 -0.141782 0.577019 0.003106 -0.006646 -0.001026
1.0 -0.286473 0.329738 0.683472 -0.009530 -0.045836 0.038256
1.0 0.795606 0.329044 0.162324 -0.030060 0.014102 0.017820
1.0 0.743870 0.612580 -0.231838 0.040640 0.011621 -0.030912
1.0 -0.707153 -0.558723 0.240032 -0.027382 -0.021381 -0.030075
1.0 -0.892372 0.198556 -0.569797 0.003613 0.028309 -0.014203
1.0 -0.521284 0.717663 0.483690 -0.040644 -0.002990 -0.043287
1.0 0.069560 0.334751 -0.558263 -0.030007 0.013733 0.000650
1.0 0.011888 0.344367 0.435243 -0.001699 -0.030719 0.043112
1.0 0.936649 -0.698332 -0.096114 -0.034081 0.020619 0.042290
1.0 0.382418 0.048030 -0.043153 0.030536 -0.037464 0.029910
1.0 0.980567 0.335177 0.791118 0.035121 -0.042701 -0.014256
1.0 -0.990197 0.986125 -0.869497 0.013580 0.008440 -0.026476
1.0 -0.010683 -0.318675 -0.101683 -0.048150 -0.006190 0.034455
1.0 -0.675343 -0.242238 0.822456 -0.036870 -0.001176 -0.032693
1.0 0.245628 0.113744 -0.906604 -0.047073 -0.033254 -0.024793
1.0 0.730735 -0.489476 -0.956088 -0.003229 -0.007691 -0.031526
1.0 0.008571 0.948254 0.966303 0.016737 0.000455 0.025540
1.0 -0.384080 0.130370 -0.658508 0.045289 0.032067 0.031272
1.0 0.350431 -0.568423 0.691616 -0.031370 0.039423 0.039869
1.0 -0.219597 0.390011 0.006271 0.003091 -0.047232 -0.015508
1.0 -0.976837 0.481656 -0.383441 0.016759 -0.012250 -0.027400
1.0 0.282001 0.209335 -0.011049 0.048654 -0.011093 0.023564
1.0 -0.241787 -0.264163 0.628391 -0.029968 0.047444 0.010841
1.0 0.859869 -0.500570 -0.698483 -0.015013 0.002569 0.028030
1.0 0.179262 0.282472 -0.545340 0.000226 -0.038663 -0.007175
1.0 0.819140 -0.194454 0.883679 -0.009588 0.010990 -0.036949
1.0 -0.878108 -0.685430 -0.970349 -0.022661 0.007142 0.036771
1.0 -0.937457 0.257581 -0.820126 -0.037319 0.017579 0.018631
1.0 -0.520264 0.297158 -0.772863 -0.013045 0.028917 0.011038
1.0 0.093958 -0.150897 0.235173 -0.015030 -0.018894 0.035557
1.0 -0.105322 0.808759 0.789462 0.034017 -0.046918 -0.016634
1.0 0.397868 -0.523350 0.978975 0.044594 -0.011609 0.021529
1.0 -0.059390 0.299491 0.543429 -0.034365 -0.010054 -0.013023
1.0 -0.065962 -0.305894 -0.424202 0.031895 0.016276 0.033627
1.0 -0.262371 -0.611384 0.224497 -0.000890 0.034236 -0.002357
1.0 -0.375537 -0.162871 0.593599 0.023793 0.046667 -0.048560
1.0 0.359480 -0.768074 0.713317 -0.036213 -0.041793 0.008503
1.0 0.606787 0.705167 -0.031299 -0.038113 0.017745 -0.041904
1.0 0.030587 0.657095 0.950775 0.000630 -0.038241 0.034387
1.0 0.513252 0.429911 -0.087494 0.004081 0.025065 -0.033484
1.0 -0.860675 -0.524511 -0.324300 0.006537 0.017074 0.046999
1.0 0.978867 0.888215 -0.171896 -0.040236 -0.020819 -0.014181
1.0 -0.113053 -0.279450 -0.282311 0.049731 0.006578 -0.017771
1.0 0.567324 0.968692 0.637730 0.001976 -0.004537 -0.039895
1.0 -0.766677 -0.671557 0.907269 0.034279 0.017707 0.031169
1.0 -0.793311 -0.165153 0.505802 -0.022001 0.018211 0.010215
1.0 -0.630495 0.992170 -0.010408 0.016343 0.033341 -0.006350
1.0 0.535048 0.788566 0.223832 0.020891 0.007510 0.033029
1.0 0.864402 0.206207 0.907219 -0.047943 0.046419 -0.041516
1.0 -0.160698 -0.983093 0.911065 -0.006313 -0.005422 0.023358
1.0 0.458570 0.032905 0.866836 0.021590 0.034438 0.029048
1.0 -0.107976 0.689039 0.277399 0.030701 -0.025533 0.049192
1.0 0.066295 0.868698 0.206637 0.012189 0.031370 -0.030112
1.0 0.772611 0.984403 -0.023691 0.048343 0.031777 -0.027086
1.0 -0.167981 0.692558 0.052883 0.019331 -0.032575 0.036019
1.0 0.777304 0.804455 -0.296469 -0.019061 0.024829 0.044351
1.0 -0.957881 0.785057 -0.557390 -0.008341 0.044153 0.022663
1.0 0.959128 0.139288 0.732248 0.008621 -0.024290 -0.032253
1.0 -0.759442 0.893949 -0.889625 -0.041371 0.000391 0.012824
1.0 0.406528 -0.388432 0.315829 0.046332 -0.043978 -0.035287
1.0 -0.022104 0.203308 -0.496499 0.033705 0.012713 0.029209
1.0 -0.580009 0.043189 0.874993 0.029840 -0.045629 -0.004592
1.0 0.462885 0.277234 -0.754501 -0.005024 -0.005906 0.017599
1.0 -0.519848 -0.471709 -0.710527 0.039771 0.037150 0.047602
1.0 -0.370698 0.514630 0.524884 -0.005503 0.027686 -0.049272
1.0 0.635507 0.762901 0.227775 -0.020806 -0.029888 -0.039194
1.0 -0.936219 0.093070 0.052830 -0.036996 0.014900 0.018962
1.0 -0.511393 0.863769 0.499936 -0.009028 -0.024979 0.049681
1.0 -0.067620 0.824680 0.352324 -0.023453 -0.005527 -0.019606
1.0 0.890451 0.842127 -0.423296 -0.035568 0.026611 0.027223
1.0 -0.044284 0.988967 -0.814802 0.027196 -0.031903 -0.011215
1.0 0.636265 -0.560694 0.463000 0.037965 -0.027142 0.039448
1.0 0.534648 -0.339508 -0.034598 -0.041673 0.025983 0.038466
1.0 -0.559482 0.856865 0.792502 0.032113 -0.031617 0.010358
1.0 -0.400545 0.097763 -0.435915 0.042996 0.016399 -0.040858
1.0 0.501369 0.201477 0.739952 0.009738 0.025820 0.033636
1.0 -0.908980 -0.517751 -0.527664 -0.011100 0.044110 -0.003368
1.0 0.887563 0.689406 0.397450 0.005606 -0.000909 -0.042392
1.0 0.038722 -0.000961 0.394765 0.024232 -0.044080 0.014880
1.0 -0.772515 0.745900 -0.324693 0.039857 -0.038964 -0.008068
1.0 0.684187 0.872954 -0.097973 0.019178 -0.024155 0.010106
1.0 -0.102096 0.174389 -0.181269 -0.047533 -0.012208 0.010739
1.0 0.434184 0.076012 0.358823 0.047779 0.011383 0.048939
1.0 0.500049 0.980822 -0.078455 0.033238 0.004434 -0.013494
1.0 0.496876 0.369673 -0.440255 -0.016301 0.049902 0.031941
1.0 -0.451180 -0.365716 -0.212011 0.005667 -0.026847 0.046904
1.0 -0.744631 -0.208661 0.111860 0.026296 -0.046177 0.008957
1.0 0.246683 -0.939944 -0.038460 -0.007664 0.028053 0.046818
1.0 0.365477 -0.640944 -0.458844 -0.024019 -0.035007 0.025572
1.0 0.261240 0.920353 0.114012 -0.008133 0.015955 0.049738
1.0 -0.284308 0.578019 -0.739676 -0.037464 0.046880 0.026898
1.0 -0.174745 0.589102 0.183771 0.038554 -0.028176 -0.004985
1.0 0.130271 0.839078 -0.121060 0.004749 -0.037368 0.003165
1.0 -0.246897 -0.360692 0.623933 0.008028 0.020812 0.013147
1.0 0.599358 0.734729 0.631536 0.007537 -0.028616 -0.029585
1.0 -0.991555 -0.958670 -0.337537 -0.048485 0.040808 -0.030577
1.0 -0.433037 -0.001508 0.133595 0.009104 -0.009255 -0.037909
1.0 -0.320003 -0.215153 -0.841348 -0.027743 -0.002335 0.015460
1.0 0.981598 -0.064506 -0.830344 0.003883 0.046032 0.034689
1.0 0.565759 -0.140511 -0.761160 0.033418 -0.034331 -0.017016
1.0 0.988299 -0.572694 -0.713965 -0.035053 -0.024540 -0.012172
1.0 -0.073142 -0.932604 0.459915 0.043425 -0.041357 0.002119
1.0 -0.104320 -0.878982 0.728819 0.040306 0.017099 -0.037766
1.0 -0.210141 0.983659 -0.456778 0.022655 0.029036 -0.010501
1.0 -0.859063 -0.603052 -0.275172 0.008849 -0.037927 -0.040203
1.0 0.883796 0.718473 -0.596650 -0.041705 -0.018541 0.019969
1.0 -0.306444 -0.022147 0.667167 0.032031 -0.000557 -0.039716
1.0 0.711798 0.532373 -0.693184 0.047754 0.041598 -0.020416
1.0 0.898840 -0.750240 0.262389 0.005015 -0.042657 0.007051
1.0 -0.559625 -0.422057 -0.874371 -0.019211 -0.017289 0.011263
1.0 0.199359 -0.493349 -0.054065 -0.034671 -0.020972 0.015517
1.0 0.742768 0.710455 -0.756120 -0.021953 0.000064 0.008087
1.0 -0.885197 -0.160003 -0.497090 -0.048538 -0.043711 0.027922
1.0 -0.348126 -0.554407 0.235750 0.009086 -0.000760 0.044256
1.0 0.333236 -0.949470 0.560478 0.033847 -0.008117 -0.035264
1.0 0.036961 -0.377608 -0.990250 0.028614 -0.004541 0.024608
1.0 0.428309 0.401274 0.914849 -0.030014 -0.016749 -0.016315
1.0 0.590047 0.498971 0.738757 0.039131 0.042247 -0.030335
1.0 -0.247831 0.588961 -0.554523 -0.035374 0.038989 0.046341
1.0 0.751771 0.398960 -0.886928 -0.028261 -0.015572 -0.039538
1.0 -0.029950 0.908679 0.318590 0.045191 0.038524 -0.014522
1.0 0.875508 0.457971 0.133905 0.034558 -0.037908 -0.033050
1.0 -0.384728 0.825833 0.389398 0.013231 0.020358 -0.008845
1.0 0.706754 -0.129850 -0.748102 -0.022383 0.046204 0.037617
1.0 -0.548554 -0.789502 -0.519791 0.049651 0.021656 -0.044559
1.0 0.680002 -0.346022 0.162134 -0.026761 0.039609 0.007392
1.0 -0.219673 0.401677 0.796706 0.021375 -0.004210 -0.013290
1.0 -0.009409 0.741537 -0.891321 -0.013256 -0.045774 -0.003612
1.0 -0.494379 0.005124 0.839028 -0.008442 -0.049833 -0.011561
1.0 -0.420135 0.933290 -0.380904 -0.001688 0.034092 0.022155
1.0 -0.648539 0.852440 0.407772 -0.048801 -0.000014 -0.042852
1.0 -0.762031 -0.978241 -0.583279 0.027341 0.001935 -0.033100
1.0 -0.133287 0.340051 -0.090372 -0.007651 0.034340 0.000572
1.0 0.728689 0.853225 -0.194233 -0.021645 -0.042893 0.045294
1.0 0.968277 0.822995 0.244906 0.019607 0.038724 -0.029358
1.0 -0.978323 -0.727923 -0.446537 -0.005752 -0.045678 -0.049161
1.0 0.024705 -0.086975 0.300532 -0.020904 0.020149 0.004880
1.0 0.814562 0.931771 0.208008 -0.024953 -0.018845 0.010560
1.0 -0.903504 -0.894360 0.818377 -0.049409 -0.017122 0.015348
1.0 -0.053005 0.231230 -0.534638 -0.007743 0.005901 0.005340
1.0 -0.021517 -0.240586 -0.052552 0.037068 -0.019485 -0.017049
1.0 -0.212959 -0.438606 0.213539 0.004454 0.019472 0.028495
1.0 -0.111287 -0.185667 -0.986891 0.021889 0.015286 0.003785
1.0 -0.037849 0.676625 -0.618208 -0.027159 0.032489 0.034585
1.0 0.290108 0.607352 -0.906747 0.003324 0.017937 0.049479
1.0 0.950549 -0.311051 -0.155395 0.030957 0.019698 -0.021721
1.0 0.764830 0.355841 0.421471 -0.040006 0.040670 -0.031263
1.0 0.870276 -0.372534 -0.979037 -0.043821 0.030063 0.032897
1.0 -0.690051 0.245151 -0.857710 0.015284 0.023203 0.026430
1.0 -0.327244 0.443965 -0.718531 0.022523 0.027564 -0.005230
1.0 -0.912413 -0.430765 0.442364 0.022023 -0.018257 0.015697
1.0 -0.908209 -0.618170 0.024905 0.004563 0.015158 -0.003646
1.0 0.872158 0.355355 -0.438342 -0.027617 0.004362 0.012089
1.0 0.710987 0.480236 -0.525419 0.010408 -0.005142 0.027495
1.0 -0.478683 0.028445 -0.065603 0.026602 0.005585 0.033853
1.0 0.607964 0.199859 -0.527491 -0.048424 -0.007967 0.049167
1.0 -0.277521 0.438814 -0.046572 -0.003206 -0.044019 -0.038432
1.0 -0.503113 0.628539 0.378491 -0.016032 -0.021485 0.027012
1.0 -0.195035 -0.460416 0.986118 -0.006090 -0.028697 0.016499
1.0 -0.507435 -0.310909 0.103175 0.016958 -0.038143 0.018028
1.0 0.648079 -0.129341 0.240120 0.049948 0.014089 -0.003177
1.0 0.851012 -0.752802 0.362623 -0.028259 0.003378 0.034876
1.0 0.027864 -0.285635 0.519708 -0.018420 0.012904 0.013949
1.0 0.022304 -0.409838 0.378808 -0.015906 0.009722 0.032988
1.0 -0.299933 0.494386 -0.031891 -0.022830 -0.021832 0.028037
1.0 0.046446 0.536511 0.697205 -0.036450 0.017598 -0.037058
1.0 0.276326 0.057356 0.869680 -0.035308 0.019263 -0.006577
1.0 -0.687739 -0.118582 -0.727134 -0.037059 0.018797 0.040753
1.0 -0.403772 -0.121498 -0.574184 0.045580 0.031143 0.018592
1.0 0.780861 0.664972 0.190740 -0.020316 -0.019511 0.008758
1.0 -0.300475 -0.121682 -0.988140 -0.011538 0.017710 0.020042
1.0 -0.060532 -0.509673 -0.221789 0.015926 0.023086 0.004752
1.0 0.902226 0.950499 0.589952 -0.028008 0.043609 0.013708
1.0 0.427185 -0.000571 0.456239 -0.001680 0.027938 -0.046892
1.0 -0.693068 0.392104 -0.935822 -0.027121 0.019424 -0.047471
1.0 -0.207489 -0.981739 -0.761104 0.024546 -0.035004 -0.021056
1.0 -0.025318 -0.704982 -0.703717 -0.027894 -0.008576 0.013469
1.0 0.821770 -0.358802 0.630712 0.019327 0.042255 -0.021450
1.0 0.490468 -0.228559 -0.562989 -0.001881 -0.022823 0.032323
1.0 0.739300 -0.296876 -0.840068 0.033828 0.047696 0.040333
1.0 0.733466 0.390414 0.552932 -0.047612 -0.017941 0.002757
1.0 0.884741 0.805062 0.898801 -0.038700 -0.013468 -0.031661
1.0 0.834031 0.757215 -0.716563 0.049482 0.011605 -0.021982
1.0 0.759543 -0.807898 -0.578415 -0.044926 0.006743 0.042185
1.0 -0.201900 -0.120694 -0.044628 -0.011222 -0.002304 0.012287
1.0 0.873075 0.252443 -0.898771 -0.039776 0.011681 -0.028528
1.0 -0.613517 0.513002 0.457118 -0.022610 -0.014870 -0.038990
1.0 -0.234480 -0.139261 0.910852 -0.034107 0.041322 -0.031681
1.0 -0.441598 0.061999 0.356696 -0.044079 0.024079 0.038477
1.0 0.856574 -0.344352 -0.668652 -0.027095 0.027976 0.008422
1.0 0.645476 -0.177997 0.182131 -0.043931 -0.004329 -0.012876
1.0 -0.837535 0.228976 -0.106325 0.008496 0.000439 -0.027548
1.0 -0.739729 -0.142376 0.522429 0.007288 0.014995 0.009068
1.0 0.623083 0.270788 0.459156 0.018608 0.025769 -0.027935
1.0 -0.334332 -0.135958 -0.473992 -0.041299 -0.037330 -0.044477
1.0 0.140154 -0.960970 0.426866 -0.014009 -0.001492 0.008809
1.0 0.430039 0.272425 -0.927192 -0.018367 -0.012282 -0.047095
1.0 -0.775412 -0.543117 -0.359452 0.015830 -0.019980 -0.007953
1.0 0.975118 0.005195 0.040456 -0.013940 -0.000401 0.006425
1.0 0.943597 -0.119464 -0.216778 0.006507 0.031657 0.037071
1.0 0.797716 0.044163 0.276990 0.036040 -0.017091 0.025123
1.0 0.797178 0.857511 -0.692786 -0.045806 -0.004390 0.010952
1.0 -0.077920 -0.957292 -0.017732 0.014442 0.038397 -0.041699
1.0 -0.178621 0.622612 -0.311958 -0.042409 0.027170 -0.000445
1.0 0.340608 0.892167 0.396895 -0.011396 -0.014310 0.024897
1.0 0.623517 -0.310279 0.296512 0.016614 0.012001 0.031672
1.0 0.538790 -0.503380 -0.349885 0.008526 0.004726 -0.031609
1.0 -0.125441 0.779799 0.020383 0.023246 0.014151 0.001539
1.0 0.772164 0.844464 -0.186235 -0.035245 0.039663 0.047444
1.0 -0.662744 -0.501006 0.675548 -0.003951 0.007425 -0.007372
1.0 0.032714 -0.450323 0.153948 0.002690 0.006492 -0.037006
1.0 0.370433 0.342640 -0.565801 0.044818 0.030590 0.039110
1.0 0.504460 0.155852 0.525391 0.031387 -0.024811 0.045808
1.0 -0.282716 -0.792219 -0.528447 -0.049260 -0.022549 -0.047716
1.0 0.085670 -0.882720 0.289988 -0.042048 -0.044589 -0.009058
1.0 -0.994231 -0.052609 -0.046605 -0.038032 -0.005662 -0.014980
1.0 -0.290487 0.295282 0.946587 0.006068 -0.012967 -0.008825
1.0 0.841213 0.009361 -0.836968 -0.015169 0.032647 -0.041789
1.0 0.970793 0.023823 -0.826655 0.040155 -0.042738 -0.025573
1.0 -0.710882 -0.521880 0.660903 -0.037654 0.023506 -0.015499
1.0 -0.858757 0.524283 -0.183665 -0.040044 0.034684 -0.033381
1.0 -0.859808 0.794916 0.639588 0.023655 0.049633 0.029398
1.0 0.255981 0.575956 -0.193782 -0.037163 0.018720 -0.034793
1.0 -0.677117 -0.321018 0.800949 -0.017684 0.028374 0.014613
1.0 -0.347028 -0.526617 -0.452929 -0.016581 0.023843 0.020275
1.0 0.815337 -0.020117 -0.147056 0.034215 0.002657 0.005227
1.0 -0.539785 0.852235 0.198167 -0.024885 0.024610 -0.035667
1.0 -0.588001 0.910381 -0.500580 -0.030983 -0.044623 0.026958
1.0 0.772717 -0.124581 -0.596611 0.011139 0.045833 0.008073
1.0 0.215986 0.203650 0.120057 0.043684 0.003174 -0.030114
1.0 -0.016101 0.482235 -0.960300 0.028482 0.035124 -0.041787
1.0 -0.593531 0.460316 -0.312804 -0.004597 -0.014097 0.004657
1.0 0.695034 -0.088488 -0.280950 -0.046787 0.039805 0.015088
1.0 -0.229038 0.412124 -0.608924 0.028677 0.012230 -0.025277
1.0 -0.878033 0.078127 0.570449 0.019372 0.012515 -0.027060
1.0 0.208639 -0.545189 -0.085319 0.021963 0.022101 -0.001801
1.0 0.779911 0.954172 -0.008322 0.006558 0.017550 0.011499
1.0 -0.928719 0.444677 -0.881261 -0.025657 -0.014184 -0.024635
1.0 -0.998057 -0.716269 -0.887123 -0.037992 0.009106 -0.046059
1.0 -0.418248 0.948535 -0.819638 -0.031800 -0.006982 -0.021163
1.0 0.765795 0.770260 0.800460 -0.005089 -0.023262 -0.033712
1.0 -0.358425 -0.836808 -0.826769 0.014371 -0.040947 0.022063
1.0 -0.088103 -0.578357 -0.126688 -0.011316 -0.026213 0.027787
1.0 0.967210 0.671112 -0.224267 0.039227 0.017149 -0.046596
1.0 -0.951385 -0.368023 -0.083227 -0.025253 0.017722 0.017600
1.0 -0.952555 0.523040 0.917605 -0.004050 -0.004463 0.040991
1.0 -0.085052 0.787077 -0.817858 -0.034837 0.011812 -0.015284
1.0 -0.514665 -0.184782 0.208220 0.021488 0.001025 -0.000293
1.0 0.635455 -0.516241 0.144579 -0.043545 0.006571 0.010670
1.0 0.151618 0.700849 -0.295435 -0.028208 -0.020337 -0.002546
1.0 0.248616 0.407944 -0.987619 -0.021053 -0.048206 0.017180
1.0 0.396775 -0.581681 -0.093272 -0.012048 0.034397 -0.048650
1.0 0.346966 0.589079 -0.538273 0.039793 -0.027436 -0.002668
1.0 0.033448 0.820089 0.912280 -0.044299 -0.034415 0.013641
1.0 0.315212 0.173943 0.378187 0.034546 0.049259 0.005182
1.0 -0.897705 -0.824374 -0.744252 0.022404 0.027143 -0.046583
1.0 -0.006829 -0.304682 -0.728552 -0.037596 -0.043660 -0.020323
1.0 0.974769 0.738021 -0.827853 0.029822 0.000892 0.018520
1.0 0.127541 -0.937547 -0.421983 -0.027193 -0.017200 0.037035
1.0 -0.563560 0.082827 0.162803 -0.001085 0.011322 -0.048427
1.0 -0.605735 0.849348 -0.096224 0.013266 -0.034661 0.044913
1.0 -0.874901 0.578184 -0.879617 -0.046713 -0.014908 -0.034408
1.0 0.270911 0.067826 0.149036 0.001661 0.045292 -0.006929
1.0 -0.142552 -0.590075 -0.586903 -0.033999 -0.013331 0.005102
1.0 0.017249 0.786167 -0.903989 0.014425 0.040752 -0.041158
1.0 -0.877936 0.618950 0.476889 0.049956 -0.044343 0.008558
1.0 -0.216563 0.127019 0.676516 0.015154 0.048595 0.047327
1.0 0.097266 -0.151168 0.256111 -0.016825 0.011509 -0.029032
1.0 0.062802 -0.095677 0.583134 -0.017340 -0.044066 -0.027309
1.0 -0.651348 -0.937172 0.135985 -0.046847 -0.022590 -0.035463
1.0 -0.863771 -0.207615 0.045599 0.003872 0.007590 0.022812
1.0 -0.974022 -0.165893 -0.069905 -0.045233 -0.009556 0.013932
1.0 -0.488088 0.132078 0.483057 0.000603 0.011916 -0.022473
1.0 -0.363141 0.541786 -0.015760 0.001339 -0.025178 0.010403
1.0 -0.371007 -0.397378 -0.172670 0.021844 -0.000981 -0.039577
1.0 -0.579968 -0.499387 -0.726728 -0.041129 -0.023187 -0.019832
1.0 0.664506 0.333967 0.339878 -0.035802 0.025618 -0.026512
1.0 0.204095 0.239858 0.033885 0.013217 0.008472 0.021287
1.0 0.655539 0.581516 0.282252 0.028794 0.034150 -0.005593
1.0 0.912339 0.155383 0.527174 -0.035452 -0.014658 -0.008276
1.0 -0.534580 0.298965 -0.012674 -0.019449 -0.007398 0.047786
1.0 -0.419222 -0.086808 -0.876819 -0.040397 0.039180 0.029764
1.0 0.186205 0.104075 -0.236410 0.012089 0.004660 0.039683
1.0 -0.989686 0.102613 -0.008876 0.048135 -0.005292 -0.009066
1.0 -0.622884 0.993404 0.836322 0.007543 0.040049 -0.007455
1.0 0.350880 -0.077144 -0.088802 0.036770 -0.002491 -0.022682
1.0 -0.301892 -0.627852 0.414669 -0.017045 0.005503 0.044068
1.0 0.376285 0.453070 0.265914 -0.025962 0.043833 0.017977
1.0 0.668343 -0.461462 0.114594 0.000891 -0.049977 -0.025663
1.0 0.717218 0.375475 0.714717 0.044276 -0.027166 -0.021492
1.0 0.320593 0.267100 0.207293 -0.016753 0.010262 0.026415
1.0 0.060252 0.895337 0.279196 0.041318 -0.035224 -0.033057
1.0 -0.043058 0.844968 -0.476056 0.047094 -0.008351 0.013324
1.0 -0.607829 -0.998696 -0.734523 0.014691 -0.036744 0.000172
1.0 -0.249820 -0.071347 -0.796610 -0.044154 0.044207 -0.033484
1.0 -0.652632 0.247245 -0.809063 0.047213 -0.018103 0.008305
1.0 -0.865867 -0.099150 -0.033883 -0.048571 -0.039596 -0.044909
1.0 0.220714 -0.684681 0.234581 0.042378 0.035990 0.038524
1.0 -0.303516 -0.329591 0.969854 0.037976 0.018971 -0.037618
1.0 -0.286690 -0.155408 0.903057 -0.026012 0.003091 0.016314
1.0 0.833709 0.151976 0.123919 -0.003755 0.040274 0.007938
1.0 0.790125 0.489994 0.913702 -0.024644 -0.020079 0.046834
1.0 0.918285 0.937931 -0.147593 -0.027522 -0.022739 -0.044898
1.0 -0.434128 0.271782 -0.729550 -0.010875 -0.043743 -0.039450
1.0 -0.122565 0.058960 0.553984 -0.008832 -0.037259 -0.049910
1.0 -0.945215 -0.431446 -0.781605 -0.022369 -0.023143 -0.032679
1.0 -0.389034 -0.396563 0.782424 -0.049524 0.033113 -0.046304
1.0 0.207232 0.435983 -0.265100 0.002840 -0.044888 0.026209
1.0 0.190594 -0.071242 0.466379 -0.041249 0.022302 -0.036486
1.0 0.950457 -0.019108 0.464231 0.048676 -0.012348 0.029427
1.0 -0.441510 0.440277 -0.086640 -0.041264 0.027558 -0.031010
1.0 -0.492858 0.836548 -0.618647 0.020027 0.004395 -0.030425
1.0 -0.068894 0.022609 -0.500873 0.028586 0.046971 -0.030183
1.0 -0.951805 0.808149 0.666391 0.037330 -0.023927 0.026515
1.0 0.179142 0.343002 0.539754 0.025292 0.044824 0.042236
1.0 0.964130 -0.975552 0.893638 0.035193 0.039524 0.001420
1.0 0.588017 0.246727 -0.947081 0.004578 0.006298 -0.001963
1.0 0.665466 0.916042 -0.973759 0.006498 0.004687 -0.029128
1.0 -0.249723 0.605419 0.082744 -0.016806 -0.041914 0.037813
1.0 0.571704 -0.781346 0.345242 0.020931 -0.031601 -0.039344
1.0 -0.080107 -0.032709 0.955827 0.046620 0.009338 0.013584
1.0 -0.673776 -0.977113 -0.306032 -0.041264 -0.046821 0.012920
1.0 -0.562109 0.995265 -0.533976 -0.022841 0.009453 -0.028268
1.0 -0.633600 -0.086904 -0.315642 -0.036924 0.048512 -0.002357
1.0 0.075534 -0.059804 0.637238 -0.013006 -0.045755 -0.039214
1.0 0.015208 0.056099 0.206691 -0.021405 0.018018 0.026160
1.0 0.728206 0.134799 -0.677584 -0.022764 -0.003849 -0.024448
1.0 -0.435677 0.285126 0.422486 0.028931 -0.016577 -0.025472
1.0 0.356253 -0.170748 0.795771 -0.003085 0.042655 -0.038825
1.0 -0.550828 -0.375425 0.936314 0.015507 -0.044290 -0.021886
1.0 0.925841 -0.033184 -0.295870 -0.018882 -0.005787 -0.028458
1.0 0.571307 0.158277 -0.349332 0.004344 0.045145 -0.016066
1.0 0.434990 0.858957 0.593323 -0.026801 -0.045388 0.032141
1.0 -0.942404 -0.872667 -0.594161 0.013281 -0.035211 -0.028027
1.0 0.685281 -0.610638 0.955843 -0.000081 -0.019329 0.009417
1.0 -0.172805 -0.527152 -0.684439 0.025089 -0.003021 -0.047139
1.0 -0.877596 -0.133370 -0.511377 0.003791 0.049471 -0.016490
1.0 0.917584 -0.293159 0.071539 -0.037620 -0.026083 0.011063
1.0 -0.873165 -0.823075 -0.702537 0.005692 0.045577 0.035048
1.0 0.625541 -0.124707 -0.720912 0.046753 0.041994 0.008153
1.0 0.382206 0.546440 -0.971993 -0.009592 0.037788 -0.002578
1.0 0.195596 -0.872172 0.914884 -0.031945 -0.030149 -0.048026
1.0 0.389179 -0.876017 -0.184177 0.004937 -0.013465 -0.009328
1.0 -0.314310 -0.495749 0.255354 -0.009118 -0.041590 0.033787
1.0 0.526947 -0.682355 -0.027397 0.048182 -0.001513 -0.023198
1.0 -0.088587 -0.484913 0.576201 0.040949 -0.038489 -0.046015
1.0 0.723111 0.075461 0.989557 0.015323 0.000777 0.020815
1.0 -0.184367 0.393749 0.140349 -0.033003 -0.002948 0.020104
1.0 -0.201877 0.509314 0.691148 0.013120 0.013154 0.044154
1.0 -0.277630 0.208749 -0.974054 0.024448 -0.001368 0.016280
1.0 -0.677434 -0.605737 0.856017 -0.009665 -0.029219 0.035212
1.0 0.345625 0.171078 -0.482496 0.049806 -0.024465 0.004633
1.0 0.685689 -0.808230 0.039605 -0.033797 0.012066 0.024565
1.0 0.221249 0.747825 -0.654853 0.011706 -0.015641 -0.035401
1.0 -0.060296 -0.161149 0.872763 -0.016951 -0.010990 -0.003634
1.0 -0.043741 0.990923 0.097759 0.000001 0.047493 -0.016016
1.0 -0.253233 -0.666661 -0.794071 0.043391 -0.033488 -0.008238
1.0 0.649081 0.372478 0.310472 0.005049 -0.013340 -0.024058
1.0 0.897558 -0.380839 0.242554 0.012579 0.033022 -0.007892
1.0 0.865943 0.934084 0.823805 0.019759 0.029803 0.044976
1.0 0.383599 0.860214 -0.556739 0.019115 -0.037862 0.007151
1.0 -0.619817 0.635498 -0.826191 -0.009467 0.031671 -0.001942
1.0 -0.223152 -0.248485 -0.437097 -0.009092 0.031805 -0.022558
1.0 0.732329 0.438308 0.868440 0.032105 0.001212 -0.018991
1.0 -0.556239 -0.841702 -0.544128 0.042552 0.046084 0.023663
1.0 0.373427 0.949545 -0.219359 0.002470 -0.017366 0.035795
1.0 -0.381611 -0.230773 -0.008839 0.044949 -0.013515 -0.028147
1.0 -0.379646 0.540053 0.449113 -0.019846 0.003373 0.006497
1.0 -0.968517 -0.457178 0.154474 0.003328 0.010332 0.016470
1.0 -0.364808 -0.908762 0.543686 -0.041430 -0.016869 -0.031538
1.0 -0.898615 0.956872 -0.219242 0.033119 0.043458 0.002148
1.0 0.279820 0.306854 0.337781 0.021529 0.004732 0.032358
1.0 -0.236886 -0.481149 0.349921 0.042399 -0.005823 -0.023034
1.0 -0.614702 0.089111 -0.966007 0.032318 0.030305 0.021614
1.0 0.396529 -0.110645 0.041072 -0.042682 0.028180 -0.038182
1.0 0.746519 -0.667233 0.397691 -0.016022 0.024423 -0.012775
1.0 0.003988 -0.617181 -0.577804 0.048660 0.047547 -0.034475
1.0 -0.031439 -0.689330 0.585279 -0.035234 0.024375 0.035497
1.0 0.950415 0.158467 0.985188 -0.007574 0.047565 -0.002952
1.0 0.784122 -0.787142 0.254904 -0.001163 -0.029771 -0.030427
1.0 0.769341 0.218662 -0.549875 -0.015511 -0.026364 0.043951
1.0 0.606936 -0.116887 0.913299 -0.041793 0.019987 0.005230
1.0 0.022321 -0.440793 0.755917 0.025385 0.012096 0.015607
1.0 0.674972 -0.772064 0.776112 -0.040340 0.020196 0.029001
1.0 -0.685675 0.657370 0.245364 -0.007292 0.007409 0.041609
1.0 -0.017216 0.342236 0.882680 0.003685 0.028874 0.042720
1.0 -0.438511 -0.506656 0.019362 -0.041872 -0.004557 0.010722
1.0 0.523873 -0.071800 0.374366 0.003963 0.042283 0.024163
1.0 0.610227 0.835076 -0.103111 0.025899 0.022301 0.046811
1.0 -0.666571 -0.855137 0.774146 -0.022293 -0.020334 -0.004822
1.0 -0.760977 0.910606 0.584541 -0.028477 -0.026194 0.032857
1.0 0.565800 -0.889122 -0.333199 -0.028313 0.009418 -0.020778
1.0 -0.692991 0.951110 -0.934291 0.002972 -0.027798 0.018416
1.0 0.007552 -0.637611 0.560114 -0.039296 0.033583 -0.036726
1.0 -0.439184 -0.610912 0.520561 0.000513 0.008881 0.010954
1.0 0.710513 -0.444829 0.953616 0.028440 -0.018876 0.005328
1.0 -0.577032 -0.946661 -0.635075 -0.024073 -0.041695 -0.016609
1.0 0.493361 0.907927 -0.710544 0.035437 0.044356 -0.032005
1.0 0.895232 -0.850229 0.842393 -0.016163 0.021803 0.034920
1.0 0.951207 -0.196631 -0.870336 0.027910 0.022666 0.043191
1.0 0.765796 0.158322 0.911505 0.042574 -0.009504 0.046307
1.0 0.817603 -0.952306 -0.458605 0.031577 -0.009511 -0.011776
1.0 -0.606258 0.248443 -0.282429 -0.012503 0.000115 0.013661
1.0 -0.204913 -0.016586 -0.034331 0.037864 0.039214 0.039065
1.0 0.437600 0.343716 -0.264650 0.009243 -0.037322 0.016342
1.0 -0.914816 -0.957178 0.959866 0.027079 0.032995 -0.018370
1.0 -0.607354 0.561072 -0.929918 0.044303 0.036727 0.026723
1.0 -0.082801 -0.026444 -0.401398 -0.014977 -0.013412 -0.031765
1.0 -0.645974 -0.866767 -0.460048 0.041872 0.035034 0.041429
1.0 -0.485052 -0.898534 -0.318664 -0.000900 0.042323 0.048279
1.0 0.189157 -0.228340 0.068388 0.022565 -0.032961 -0.026309
1.0 -0.381152 -0.080217 -0.730838 -0.032278 -0.046075 -0.037058
1.0 -0.487134 -0.454241 0.535749 0.000748 -0.043734 0.020714
1.0 0.275208 -0.291739 -0.269957 0.033072 0.035851 -0.008111
1.0 -0.503614 -0.719868 0.845618 -0.036063 0.034329 -0.023720
1.0 -0.305258 -0.924849 0.291645 -0.015330 0.003274 0.045511
1.0 0.496819 0.180449 -0.755033 0.014852 0.030233 0.007026
1.0 -0.166544 0.280705 -0.642196 -0.006319 0.009886 -0.011199
1.0 -0.228802 -0.639943 0.423571 0.026371 0.038032 -0.040317
1.0 -0.345274 0.133549 -0.287555 -0.038069 0.020545 -0.029125
1.0 0.716274 0.230285 -0.247195 0.042457 -0.011905 -0.014406
1.0 0.001023 0.205372 0.421336 -0.045582 0.006488 0.048881
1.0 -0.194922 0.579578 -0.968719 0.033572 0.028257 -0.044318
1.0 0.132425 -0.788212 0.033613 0.000359 -0.016984 0.004098
1.0 0.480328 -0.273590 -0.991605 0.048703 0.045007 0.032270
1.0 0.853094 -0.209346 -0.520237 0.036030 -0.034640 -0.003377
1.0 0.180922 0.261308 0.002936 0.009612 0.020123 0.017167
1.0 -0.061299 -0.096983 -0.109573 0.046363 -0.000613 0.003641
1.0 0.040769 -0.317158 -0.712905 0.023680 0.027439 -0.020250
1.0 -0.758812 0.164739 0.616811 0.013072 0.018373 0.034138
1.0 -0.404721 0.176091 0.762261 0.047973 -0.045054 -0.039739
1.0 -0.992687 0.657364 0.320318 -0.004020 -0.039653 -0.044574
1.0 0.266544 -0.810122 0.671238 0.005161 -0.048797 0.035222
1.0 -0.494878 0.151943 0.686972 0.019561 0.016281 -0.010669
1.0 0.025408 0.031703 0.588119 0.033038 0.019975 0.045437
1.0 0.036892 -0.959740 -0.035301 -0.041120 -0.005272 -0.044542
1.0 0.066516 -0.987910 0.022613 -0.034261 -0.032167 0.010705
1.0 0.545814 0.705929 0.673328 -0.042463 0.040878 -0.049011
1.0 0.254800 0.702199 0.534171 -0.024167 0.024355 -0.012814
1.0 -0.737900 0.117212 -0.191608 -0.048940 0.021314 0.008071
1.0 0.813020 0.560528 -0.721405 0.005880 -0.012535 -0.033633
1.0 -0.953372 -0.550176 -0.655376 0.011488 0.024359 0.018889
1.0 -0.599495 -0.464030 0.223220 -0.037990 -0.005258 -0.049190
1.0 0.085685 0.186513 0.153548 -0.038638 -0.006827 -0.021230
1.0 -0.518458 -0.188980 -0.696703 -0.016730 0.022766 0.000199
1.0 0.959532 0.158979 -0.609235 -0.019587 -0.003726 0.004758
1.0 -0.652496 -0.595562 0.188083 -0.049091 -0.015401 -0.003786
1.0 -0.703628 0.611220 -0.722882 -0.017263 -0.046692 0.041450
1.0 0.648082 -0.882002 0.911536 -0.013226 -0.011199 0.029650
1.0 0.610513 -0.003775 -0.971916 0.047908 -0.043538 0.045575
1.0 0.514385 0.705798 -0.381552 -0.038984 -0.030737 -0.011271
1.0 0.057700 -0.129220 0.994398 0.018055 0.048302 -0.030028
1.0 -0.508570 -0.750178 -0.553586 0.008678 -0.007513 -0.033816
1.0 0.709929 0.519075 0.878063 0.035136 -0.003491 -0.020065
1.0 0.972394 -0.259288 -0.845775 0.041497 -0.035031 0.032673
1.0 0.496737 -0.309352 0.723772 0.005768 -0.016663 -0.047953
1.0 0.069291 0.223911 -0.242663 0.009393 0.012815 0.037107
1.0 0.166603 0.845908 0.844178 -0.048695 0.026571 0.031654
1.0 0.555610 0.880123 0.732965 -0.013315 -0.039290 0.032752
1.0 0.619751 -0.990091 -0.312813 -0.023518 0.012168 0.027597
1.0 0.712772 0.011063 -0.395620 -0.010953 0.029632 -0.024611
1.0 0.441782 -0.265284 0.688386 -0.043356 0.008323 -0.031781
1.0 0.560553 0.626752 0.130111 0.043025 -0.038386 0.024179
1.0 0.095498 -0.801848 0.478572 0.001603 0.000707 0.017302
1.0 0.903712 -0.599689 -0.082442 -0.020755 0.038154 0.035084
1.0 -0.239707 -0.516377 0.581589 -0.000025 -0.045008 0.043897
1.0 -0.339143 0.288961 0.319685 0.046470 0.019850 0.017905
1.0 -0.331717 -0.997161 0.581126 0.040639 -0.046489 0.016027
1.0 -0.658231 0.078625 -0.041367 0.004392 0.044839 0.016431
1.0 -0.880468 0.770574 -0.731736 -0.049446 0.039348 -0.001205
1.0 -0.028614 0.049704 0.156782 -0.005132 -0.017030 0.002072
1.0 0.839174 0.016375 0.477883 -0.009828 0.001501 -0.042318
1.0 0.415119 0.323610 0.925612 -0.049149 -0.004392 0.033048
1.0 0.703968 -0.515637 0.517389 0.015015 -0.013118 -0.045975
1.0 -0.025962 -0.428463 -0.318730 0.031350 0.007262 0.045221
1.0 -0.515456 -0.851593 0.005627 -0.035081 0.026232 -0.020969
1.0 -0.510592 -0.024749 0.641519 0.013134 -0.033128 0.047468
1.0 -0.013262 0.851796 0.852752 0.004364 -0.015884 0.027586
1.0 -0.529457 0.439371 -0.746139 0.045004 -0.008039 -0.034158
1.0 0.070492 0.209220 -0.722976 -0.006726 0.000954 0.047690
1.0 -0.123897 -0.876755 -0.718047 -0.042988 -0.030055 -0.036540
1.0 -0.119712 0.789136 -0.679300 -0.021789 0.006492 0.005503
1.0 -0.788315 -0.015974 0.702163 0.038048 -0.036739 0.016180
1.0 -0.420724 -0.010501 -0.939903 -0.043636 0.013302 0.036085
1.0 -0.609115 -0.757748 -0.414967 0.010128 -0.047854 0.024545
1.0 -0.813776 0.930825 0.278338 0.030395 -0.045285 -0.019655
1.0 0.237828 -0.051514 -0.330127 -0.010420 0.013974 -0.043034
1.0 0.902004 -0.838631 0.890429 -0.007272 0.008471 -0.039993
1.0 0.604161 -0.655255 0.834062 0.019723 -0.027969 -0.011938
1.0 -0.691437 -0.070275 -0.456996 0.002330 0.048984 0.023688
1.0 0.508732 0.009521 -0.330412 0.016304 -0.046948 0.043592
1.0 -0.202761 0.282041 -0.774618 -0.043099 -0.032423 0.006948
1.0 -0.386112 0.508279 -0.301951 -0.009693 0.024762 -0.008581
1.0 -0.580425 0.246768 -0.828371 -0.013997 0.019010 0.027400
1.0 0.956759 -0.687325 0.838618 -0.009483 0.009155 0.021072
1.0 -0.739578 0.604726 0.799057 0.046551 0.036017 0.021748
1.0 -0.894281 0.502145 -0.191798 0.007920 -0.006268 -0.012251
1.0 0.778294 0.666728 0.207702 0.020781 -0.043617 -0.044589
1.0 0.612366 -0.595470 -0.930567 0.018344 -0.045148 0.003061
1.0 0.193664 -0.536945 0.367845 0.026954 -0.012638 0.040310
1.0 0.812249 -0.052349 0.782883 -0.007101 0.033327 -0.039355
1.0 0.782990 0.996678 0.084153 0.048687 0.000248 0.001258
1.0 -0.511358 -0.130136 0.238262 -0.036726 -0.029908 0.016247
1.0 -0.272632 0.763080 0.945463 -0.049560 0.011245 -0.012049
1.0 -0.187549 0.904447 -0.742063 0.012620 -0.004838 0.043614
1.0 -0.111680 -0.728594 -0.438801 -0.008632 0.028498 0.011880
1.0 -0.118894 -0.857012 0.797974 -0.002319 0.037570 -0.012206
1.0 -0.104640 0.217645 0.948557 0.030273 -0.002785 0.041214
1.0 0.824115 0.289645 -0.093830 -0.029794 0.021822 -0.009927
1.0 0.167595 0.053991 -0.741217 0.048789 -0.046796 0.013848
1.0 0.478799 -0.469234 -0.447686 -0.012712 0.023410 -0.021889
1.0 0.568382 -0.762288 0.867056 0.030438 0.040584 0.027553
1.0 -0.894269 -0.846868 0.783182 -0.037161 -0.048937 0.039680
1.0 -0.388190 -0.302558 0.862990 0.024868 0.041995 0.040370
1.0 0.109842 0.247548 -0.793027 0.017493 0.037666 -0.016625
1.0 -0.576835 0.485064 0.712771 0.034979 0.014523 -0.011567
1.0 -0.737908 0.500602 0.164760 0.019813 0.038107 0.017554
1.0 -0.740537 -0.636299 0.015341 -0.017628 0.019857 -0.044664
1.0 0.808732 0.385916 0.622866 -0.010639 -0.026407 -0.044202
1.0 0.936816 -0.725491 0.185870 0.010322 0.001452 -0.043423
1.0 -0.245751 0.952503 -0.148167 -0.025768 -0.014105 0.016642
1.0 -0.776835 -0.810589 0.145255 0.009241 -0.010204 -0.017587
1.0 0.209745 -0.995736 0.775336 0.031465 0.028035 -0.013468
1.0 -0.564958 -0.023639 0.115304 0.041949 0.048855 0.008074
1.0 -0.880840 0.975388 -0.992979 -0.020994 -0.040640 0.007838
1.0 -0.487264 -0.964479 -0.945560 -0.016200 -0.012879 0.001257
1.0 0.262210 -0.402132 -0.448489 0.011879 0.042347 0.002486
1.0 0.161596 0.354213 0.213948 0.016562 -0.015625 0.033652
1.0 0.952431 -0.150099 -0.402214 0.003450 -0.013295 0.032273
1.0 0.267699 -0.385454 0.503124 -0.043411 0.017886 -0.018202
1.0 0.197296 -0.434938 -0.329647 0.041844 0.035914 -0.049412
1.0 -0.046526 -0.686857 -0.381111 -0.018565 -0.032379 -0.033027
1.0 -0.386659 0.284759 -0.950717 -0.012103 -0.013023 0.030323
1.0 -0.727957 0.645708 -0.077529 0.018725 0.014231 -0.038216
1.0 0.231095 -0.727284 -0.490308 0.043006 -0.007681 -0.033628
1.0 0.654217 -0.988659 0.608212 -0.041415 0.037667 0.042423
1.0 0.415295 0.550295 0.786460 0.000138 0.010421 0.013666
1.0 0.951499 -0.602218 0.607634 0.016681 0.003700 -0.017008
1.0 0.298515 -0.551561 -0.691341 -0.042068 -0.023077 0.015608
1.0 -0.678161 0.506974 -0.520367 0.021223 -0.019853 0.040473
1.0 0.236252 0.255099 -0.681791 0.032062 -0.028590 -0.037191
1.0 0.026601 -0.188639 -0.363223 -0.023710 0.024804 -0.034598
1.0 0.871674 0.237293 0.020561 0.031497 0.019901 0.037332
1.0 -0.675733 -0.742752 0.574553 -0.045008 -0.045263 0.010905
1.0 -0.407273 0.603714 0.745104 -0.025252 0.036332 0.043520
1.0 0.473820 0.958838 0.607277 -0.033340 -0.034181 -0.021929
1.0 -0.110593 -0.284011 -0.812734 0.041092 0.034375 -0.043797
1.0 -0.144000 -0.451307 0.507706 -0.020794 0.010909 -0.012255
1.0 -0.933769 -0.570101 -0.186857 -0.047742 -0.004158 0.003897
1.0 -0.605870 0.809205 0.720881 0.044573 -0.049934 0.019198
1.0 0.141665 0.621140 0.218149 0.043606 -0.019493 0.048918
1.0 -0.625607 -0.289598 -0.025057 0.027097 0.007375 -0.039549
1.0 0.780903 -0.480587 -0.663743 -0.012160 -0.002530 0.027547
1.0 -0.174769 -0.859340 0.861082 0.018192 0.012407 -0.040815
1.0 -0.702538 -0.775356 -0.888304 -0.019084 0.029119 0.028386
1.0 0.707713 0.891010 0.035579 -0.007731 0.040253 -0.020975
1.0 0.129233 -0.724758 0.410245 -0.033356 -0.047120 -0.037961
1.0 0.385953 0.707216 -0.973714 0.004432 0.049375 0.034686
1.0 -0.286754 -0.826472 0.054052 -0.016289 0.049002 -0.013068
1.0 0.747056 -0.516468 -0.941944 0.017029 -0.030770 0.022730
1.0 0.851556 0.683959 -0.313437 -0.022132 0.021934 -0.004388
1.0 0.725674 -0.724313 0.815807 -0.016189 0.016883 0.023489
1.0 0.145417 -0.467517 -0.091160 0.026220 0.042540 -0.022020
1.0 -0.424978 0.717825 -0.705796 -0.035946 0.033627 -0.029309
1.0 0.628773 -0.843903 0.249597 0.040505 0.034822 -0.038663
1.0 -0.992037 0.055463 0.138611 0.035596 -0.002525 -0.024377
1.0 0.722709 -0.124142 -0.467194 -0.024462 -0.014181 0.038575
1.0 0.537051 0.309429 -0.118260 -0.030819 0.016367 0.045265
1.0 -0.926675 -0.250653 0.304915 -0.009920 0.008076 0.030564
1.0 -0.390182 -0.909459 -0.469336 0.036065 0.006573 0.032556
1.0 -0.031535 0.441867 0.683192 0.045521 -0.020901 -0.014631
1.0 0.787487 -0.980756 0.863836 0.015236 -0.040552 -0.038899
1.0 -0.172896 0.682675 -0.482226 0.004511 -0.027362 0.018477
1.0 -0.977317 0.124076 0.659842 0.002369 -0.024476 -0.011626
1.0 0.788792 0.813061 -0.843265 0.048552 -0.019415 -0.004917
1.0 -0.837474 -0.326757 -0.637624 0.001186 0.000585 0.011501
1.0 0.056009 0.437838 -0.597648 0.020485 -0.034167 0.029182
1.0 -0.076535 0.463150 -0.231213 -0.034447 0.042047 0.041960
1.0 -0.239787 0.797015 0.426566 0.021834 -0.008977 0.003391
1.0 -0.285108 0.392891 -0.181406 0.015403 0.021263 -0.009070
1.0 -0.639452 -0.289291 0.079229 -0.031245 -0.041232 0.012562
1.0 -0.094805 0.363175 0.908029 -0.004252 0.046127 -0.011091
1.0 0.219575 0.624272 0.778851 -0.044445 0.005505 0.037365
1.0 -0.841462 -0.057612 -0.939410 -0.012286 0.043191 -0.036502
1.0 0.084179 -0.891753 -0.565065 -0.029782 0.046007 -0.045988
1.0 -0.495732 -0.497757 -0.605844 -0.010073 0.049894 -0.035036
1.0 0.155082 -0.136810 -0.931225 -0.003657 0.008182 0.013118
1.0 0.713751 0.847871 -0.594941 0.021938 -0.007045 -0.020146
1.0 0.540782 -0.742487 0.359427 -0.021063 -0.034020 0.003815
1.0 0.774547 -0.798240 0.521419 -0.016529 0.040678 -0.039151
1.0 0.935612 -0.793518 -0.876064 0.015257 0.036110 0.010097
1.0 0.185697 -0.981623 -0.029788 0.043877 0.045281 0.013328
1.0 -0.568105 0.056071 0.554112 0.037243 -0.003562 -0.011484
1.0 0.973968 -0.565958 -0.249755 -0.046863 0.042071 -0.040494
1.0 0.407156 -0.997945 0.437162 -0.030389 -0.019605 0.045581
1.0 -0.284376 0.450514 -0.583002 -0.022011 -0.000827 -0.005542
1.0 -0.074335 -0.082902 -0.694494 0.028568 0.031597 -0.036624
1.0 0.223664 0.378317 0.378190 -0.049111 -0.030934 -0.043413
1.0 -0.694482 0.645021 -0.887048 -0.002908 -0.041755 -0.000311
1.0 -0.883275 -0.405671 -0.729828 -0.034088 -0.014769 -0.036838
1.0 -0.374560 -0.585631 0.240635 -0.029136 0.030084 0.040782
1.0 0.026212 0.743977 0.505924 0.046091 0.047186 0.041506
1.0 -0.564354 0.044038 0.333598 0.012358 0.042684 0.031446
1.0 -0.338505 0.108259 -0.828384 -0.034436 -0.011504 -0.041679
1.0 -0.950982 -0.746861 -0.337157 0.047308 0.008846 0.025453
1.0 -0.593379 -0.782112 -0.980254 0.003760 -0.040237 -0.039168
1.0 0.721638 -0.276410 -0.799313 0.026596 -0.015359 0.014479
1.0 -0.080326 -0.590869 -0.108210 -0.032307 0.017273 -0.035745
1.0 -0.426145 -0.623828 -0.376704 0.025376 -0.035377 -0.032252
1.0 0.848616 0.089506 -0.134289 0.045568 0.021522 0.006060
1.0 0.046951 0.472659 0.550796 0.033575 0.044448 0.038709
1.0 0.965204 -0.675048 -0.255632 -0.042182 -0.024004 0.035238
1.0 -0.532795 0.389598 -0.156265 -0.008321 -0.022862 0.034091
1.0 -0.276508 -0.116716 -0.523989 -0.039250 0.000418 -0.040027
1.0 0.018108 -0.357983 -0.017099 0.021743 -0.025745 -0.009262
1.0 0.657816 0.714139 -0.315538 -0.029491 0.008231 0.010302
1.0 0.011787 -0.851097 0.798739 0.004068 0.006461 0.024041
1.0 -0.952947 -0.612910 0.592051 0.045645 -0.048272 -0.008835
1.0 0.973345 -0.457456 -0.966911 -0.033944 -0.008938 -0.003416
1.0 0.577588 0.431580 -0.417924 -0.012284 -0.011165 -0.033246
1.0 0.293758 -0.189715 0.199265 0.022472 0.005015 -0.003784
1.0 0.742058 0.587700 0.756145 -0.045591 -0.036211 0.007150
1.0 -0.525063 0.777529 0.079544 -0.040223 0.007552 -0.015468
1.0 0.161002 -0.113507 0.130454 -0.014617 0.019685 -0.026235
1.0 -0.292672 -0.601296 -0.796845 -0.045444 -0.004087 -0.001324
1.0 0.336423 0.115339 -0.665622 -0.016813 -0.035501 0.011144
1.0 0.989597 0.925840 0.047123 -0.043426 -0.032120 -0.001980
1.0 0.686367 -0.238604 0.367242 0.023658 0.010905 -0.035834
1.0 0.075097 -0.568323 -0.361040 -0.026877 0.000545 0.008211
1.0 0.697531 -0.299428 0.097110 -0.006608 0.003340 -0.041419
1.0 0.717383 -0.364924 -0.113937 0.045892 -0.033734 0.019074
1.0 0.932273 -0.417207 -0.405516 0.030417 -0.005357 -0.034344
1.0 0.298601 -0.235418 0.258714 0.019914 -0.031023 0.041819
1.0 0.076245 0.386796 0.857007 0.008124 -0.020935 0.022575
1.0 -0.626387 0.789603 -0.019885 0.025987 0.042304 0.008994
1.0 0.443776 0.200865 -0.086776 0.030967 0.033463 0.008972
1.0 0.385182 -0.893974 0.994679 0.007366 0.013640 -0.026264
1.0 -0.891654 -0.145780 -0.452505 -0.025076 -0.041805 -0.022986
1.0 0.724697 0.725817 -0.766207 -0.024746 -0.046834 -0.033819
1.0 0.561953 -0.087631 -0.576402 0.020477 0.035479 0.040264
1.0 0.665339 0.498099 -0.747187 0.020929 0.003732 -0.005687
1.0 -0.082262 0.904130 0.988256 -0.019211 -0.022538 -0.018037
1.0 -0.550558 -0.082768 0.047127 -0.012196 0.032844 -0.017400
1.0 -0.185203 0.781215 -0.038322 -0.037044 0.036723 -0.029433
1.0 -0.112586 0.525955 0.398190 0.010872 0.007437 0.008300
1.0 -0.051108 0.719336 0.215015 0.023252 0.047988 0.033838
1.0 -0.031369 0.480908 0.360535 0.019366 -0.045210 0.040691
1.0 -0.526979 0.544910 0.178859 0.026200 -0.042970 -0.032199
1.0 -0.593137 0.058796 -0.154676 0.039864 -0.005900 -0.020090
1.0 0.561469 -0.663996 0.291900 -0.045007 0.042861 -0.045274
1.0 0.936240 0.551221 -0.355676 -0.006007 -0.019256 -0.043319
1.0 0.992156 0.257635 -0.970020 -0.036183 -0.013876 0.035454
1.0 -0.762675 0.003007 0.888982 -0.028061 0.045784 0.028401
1.0 0.752142 -0.181595 0.671689 0.003964 -0.034628 -0.039182
1.0 0.669361 -0.617420 -0.724516 0.006244 -0.003249 0.044118
1.0 -0.051835 0.399581 -0.819608 0.033695 -0.019124 -0.046282
1.0 -0.008481 -0.981956 -0.992319 0.001831 -0.043010 -0.037763
1.0 0.031787 -0.714400 -0.875892 -0.015337 -0.040563 0.025303
1.0 0.565692 0.680659 -0.955203 0.036653 0.035461 0.040666
1.0 0.614551 -0.402394 -0.328871 -0.028012 -0.000307 -0.033097
1.0 -0.947565 0.916230 -0.200801 0.026557 0.048978 0.006593
1.0 -0.612646 0.341971 -0.242862 0.013957 0.018680 0.013364
1.0 -0.644738 -0.599832 -0.592067 0.026745 0.037665 -0.023544
1.0 0.949935 0.158182 -0.197977 -0.015846 0.035589 -0.019197
1.0 0.535305 0.671076 -0.897956 -0.025051 -0.012666 -0.017239
1.0 0.466328 -0.874665 -0.114030 -0.010888 -0.037173 0.045963
1.0 -0.076068 -0.951300 -0.733346 -0.042940 0.024459 0.037983
1.0 -0.773090 0.782665 0.584222 -0.028142 -0.016595 0.006600
1.0 0.623962 0.882900 0.369069 -0.007448 0.043123 0.013805
1.0 0.882105 -0.013090 -0.335460 -0.041466 0.044645 -0.041067
1.0 0.925107 -0.471869 -0.099674 -0.036882 0.032930 0.038990
1.0 -0.875735 0.619615 0.047831 0.039995 0.009649 0.040107
1.0 -0.888439 0.066836 0.014350 -0.037118 -0.001957 0.028575
1.0 -0.695194 -0.516747 -0.680456 0.031561 0.013511 -0.028116
1.0 -0.577637 -0.938456 -0.359968 -0.027349 -0.020164 -0.012069
1.0 -0.490801 -0.257161 0.522881 -0.021939 -0.042333 -0.044195
1.0 0.525098 0.566806 0.259235 -0.011153 -0.043433 -0.016637
1.0 0.815089 -0.774147 -0.612979 -0.035964 0.008366 0.033823
1.0 -0.481945 0.812338 0.165341 0.041459 0.014425 0.000127
1.0 -0.623443 0.832037 -0.045264 -0.019288 0.012378 0.023751
1.0 0.501494 0.623269 0.019263 0.030502 -0.007948 0.028946
1.0 -0.589703 0.296823 0.120597 -0.011458 -0.042245 -0.032786
1.0 -0.744060 0.552079 0.959314 0.011336 0.009833 -0.013773
1.0 0.251746 -0.631064 0.914131 0.009480 -0.008665 -0.048406
1.0 0.992206 -0.021005 0.402728 -0.029809 -0.047596 0.046746
1.0 -0.067205 -0.472855 0.748945 0.006787 0.034523 0.034130
1.0 0.037590 -0.658186 -0.549225 -0.018598 -0.030366 0.015738
1.0 -0.047945 0.871403 0.827878 -0.004690 0.001116 0.025097
1.0 -0.914395 -0.717720 0.798282 0.004346 -0.011489 -0.041340
1.0 0.578228 0.700154 -0.272725 0.031912 -0.042613 0.042250
1.0 -0.170777 -0.939265 -0.248769 0.005714 -0.018991 0.014960
1.0 0.787571 0.664256 -0.677782 0.000985 -0.035045 -0.019096
1.0 -0.545016 0.707401 0.086661 0.033881 0.028587 -0.011721
1.0 0.063147 0.959085 -0.953061 0.013917 0.035031 -0.039429
1.0 0.117808 -0.719856 0.761953 -0.000939 0.025359 0.004213
1.0 0.090597 -0.895516 -0.826474 -0.009695 -0.029649 -0.037444
1.0 0.099612 0.829295 0.292223 0.017764 0.018605 0.048624
1.0 -0.925554 -0.577221 0.100628 -0.040637 0.043561 -0.023175
1.0 -0.794281 0.492268 0.230983 0.030627 0.037730 -0.013616
1.0 -0.222286 0.310251 0.732431 0.026455 -0.006128 0.033627
1.0 -0.403641 0.988797 -0.815763 -0.017030 -0.013683 -0.030762
1.0 -0.800192 -0.435368 -0.576723 -0.038763 0.006799 0.047762
1.0 -0.487222 -0.891356 0.029828 -0.026720 0.040013 0.033468
1.0 0.509032 -0.543670 -0.484846 0.025093 -0.037529 -0.016686
1.0 -0.125410 0.804163 -0.082579 0.022019 -0.047851 -0.014102
1.0 -0.150487 -0.024102 -0.618160 0.043669 0.030676 0.046225
1.0 -0.141610 -0.157041 -0.503460 -0.019298 0.012409 -0.001385
1.0 -0.477247 0.877263 -0.292325 0.013168 0.025428 -0.042361
1.0 0.875339 0.826299 -0.865017 0.040483 0.011829 -0.033549
1.0 0.919522 0.509607 0.173143 0.013289 -0.030069 0.004854
1.0 0.497252 -0.387631 -0.562120 -0.008888 -0.048629 -0.004933
1.0 0.685410 -0.443075 0.385436 -0.017032 -0.020818 -0.049568
1.0 0.657923 -0.658615 -0.269804 -0.032480 -0.016437 -0.003767
1.0 -0.136865 0.893081 -0.925107 0.010550 -0.029470 -0.006478
1.0 -0.900606 0.610241 -0.781987 0.033965 0.003772 0.005282
1.0 -0.640006 0.473468 0.690252 0.013933 -0.013470 -0.049773
1.0 0.425047 -0.607705 0.362099 -0.042463 -0.007659 0.009741
1.0 0.882229 0.085140 0.363074 -0.006126 -0.005247 0.013965
1.0 0.702169 -0.722382 0.341165 0.013542 -0.019852 0.020952
1.0 -0.018414 -0.038726 0.013578 -0.049143 -0.027900 -0.024308
1.0 0.391025 0.998994 0.576405 0.043459 0.049131 0.002674
1.0 0.038807 0.225309 0.778353 0.003936 0.031653 0.013295
1.0 0.868211 -0.219361 -0.901810 -0.039437 0.035601 -0.030447
1.0 -0.617990 0.245970 0.736413 0.013248 0.006643 -0.009221
1.0 0.917279 0.418049 -0.187165 0.024593 0.043488 0.028557
1.0 -0.660729 -0.610427 -0.436270 -0.035004 -0.010758 -0.030284
1.0 0.293798 -0.419206 -0.821296 -0.029416 -0.048476 -0.012630
1.0 -0.245576 -0.237095 0.991406 -0.010264 -0.022703 -0.019040
1.0 0.600071 0.130898 -0.991659 0.027931 0.030921 0.020487
1.0 -0.754312 -0.698394 0.914152 0.013746 -0.043584 0.015271
1.0 0.665067 -0.635169 -0.336400 0.004673 0.020856 0.002122
1.0 0.052798 -0.454340 0.522068 0.031829 0.038280 0.043767
1.0 -0.415178 0.747588 -0.275976 0.004566 0.039632 0.048721
1.0 -0.294335 -0.243300 -0.229737 -0.035512 -0.029384 -0.037596
1.0 -0.084343 0.012634 -0.950329 -0.004089 -0.000388 0.006179
1.0 -0.662693 -0.879580 -0.883349 0.027511 0.007463 -0.016760
1.0 0.603152 0.773940 0.542120 0.033713 -0.012851 0.017313
1.0 -0.778480 0.340814 0.218209 0.018109 -0.022984 0.035073
1.0 -0.039011 0.746884 0.978481 0.031492 0.044242 0.026944
1.0 -0.377915 -0.290030 -0.030234 0.002700 -0.027771 -0.029906
1.0 0.748181 -0.230127 0.106222 0.023926 -0.046141 0.029782
1.0 0.660421 0.551647 -0.224218 -0.045345 -0.014077 -0.010287
1.0 0.515655 -0.382191 -0.304899 0.016356 0.044353 0.004385
1.0 0.857044 -0.859658 0.523856 -0.049778 0.020468 -0.033369
1.0 -0.029628 -0.670346 0.062425 -0.021855 -0.039443 -0.011088
1.0 0.700526 -0.891448 -0.306571 -0.008920 -0.019258 -0.005440
1.0 0.129923 0.945294 -0.674763 0.007209 -0.010580 0.015538
1.0 -0.618926 0.796754 0.665573 0.042363 0.023045 -0.033405
1.0 -0.430311 0.168354 -0.085826 -0.002844 0.030880 0.022305
1.0 0.818999 0.847750 0.073603 0.046321 0.011530 0.034901
1.0 0.244604 0.560302 0.278129 0.039035 0.040489 -0.049874
1.0 -0.917545 -0.803951 0.163694 0.011324 0.005447 -0.017140
1.0 -0.755332 -0.082665 -0.896538 0.048045 0.013564 -0.049393
1.0 0.570399 0.101974 -0.009874 0.022194 0.032565 0.012016
1.0 0.886644 0.484102 0.952190 -0.009838 0.025676 -0.023065
1.0 -0.083897 0.786331 -0.276608 -0.024809 -0.001553 0.003331
1.0 0.507881 0.631212 -0.543938 0.036407 -0.000980 0.001908
1.0 -0.823794 0.797516 0.338345 -0.045201 -0.014267 0.019447
1.0 0.708192 -0.008068 -0.398434 0.027402 -0.004812 0.001280
1.0 -0.033178 0.708506 0.492752 -0.007032 -0.001877 0.006560
1.0 0.881997 0.719694 0.493524 -0.025127 -0.030067 0.043248
1.0 0.283822 -0.596791 0.845391 0.046602 0.034636 -0.028155
1.0 -0.501438 0.562619 0.178051 0.025744 0.032498 0.046329
1.0 -0.024147 0.983429 -0.643087 -0.000199 0.023958 -0.027293
1.0 -0.868279 0.010932 -0.907926 0.022173 0.018075 -0.049656
1.0 0.890608 -0.648440 -0.107201 -0.026648 -0.043592 0.012388
1.0 -0.836941 -0.541067 0.052978 -0.005517 -0.032991 -0.015508
1.0 -0.523283 0.193645 -0.493354 0.023920 0.026360 0.028544
1.0 0.009058 0.086329 -0.187266 0.049011 0.028982 0.023598
1.0 0.891485 -0.212612 -0.091582 -0.009332 -0.010900 -0.011789
1.0 -0.231087 0.667278 0.969579 0.026820 0.042300 -0.006907
1.0 0.563391 0.923743 0.915223 0.026283 -0.045497 -0.046176
1.0 -0.321926 0.496637 -0.540996 -0.048718 0.009163 -0.011994
1.0 -0.877306 -0.830519 -0.669267 -0.001382 0.007174 -0.032562
1.0 -0.763521 0.302288 -0.399276 0.008269 0.009676 0.015004
1.0 0.283652 -0.113541 0.629698 0.045070 -0.048527 0.015623
1.0 -0.801899 0.645670 0.166320 0.018520 0.019519 -0.048777
1.0 0.670966 -0.190944 0.738003 0.035982 -0.023567 0.029628
1.0 0.191122 0.492884 -0.155688 0.015732 -0.032367 0.049296
1.0 -0.089110 0.396968 -0.529069 0.032931 0.016205 -0.002401
1.0 -0.706629 0.628899 0.876663 -0.031551 -0.006228 -0.023733
1.0 -0.663899 0.070400 0.997657 0.031039 -0.026180 -0.033938
1.0 0.481682 -0.910048 -0.991129 -0.012087 -0.014783 -0.007766
1.0 0.651809 0.707956 -0.228953 0.049896 0.024198 0.029051
1.0 0.249806 -0.899991 -0.547557 0.008777 -0.047883 0.036389
1.0 0.470240 0.084108 -0.920740 0.036764 0.009835 -0.025702
1.0 -0.670923 -0.678642 0.111323 0.042110 0.000846 0.041957
1.0 -0.038165 -0.303043 0.809523 0.043538 0.004586 -0.047788
1.0 0.298305 0.173012 -0.542759 -0.022688 -0.002984 -0.007189
1.0 -0.081568 -0.524160 0.291306 -0.045678 -0.006829 0.000511
1.0 -0.201351 0.722715 0.426867 0.036119 0.044034 -0.046408
1.0 0.482972 -0.591980 0.272978 0.029009 -0.008474 0.024188
1.0 0.438713 -0.438294 0.618274 0.018638 0.028979 -0.006398
1.0 0.241930 0.727224 0.908006 0.012723 0.007928 0.037369
1.0 0.033609 -0.948039 0.671189 0.002838 0.019430 -0.025368
1.0 -0.923715 -0.265639 -0.994533 -0.006076 -0.042603 -0.006664
1.0 -0.152655 -0.454484 0.708506 -0.040236 -0.011623 -0.028326
1.0 0.476992 0.734168 -0.262509 0.047650 0.014272 0.023812
1.0 -0.900071 -0.753949 0.313270 0.028606 -0.011988 0.010842
1.0 0.162745 0.474366 0.035883 0.018505 -0.042407 0.025196
1.0 -0.908545 -0.289799 0.794760 -0.015044 -0.021245 -0.044705
1.0 -0.214621 0.350601 -0.561532 -0.049679 0.044265 0.035031
1.0 -0.838074 0.387231 0.503663 -0.008709 -0.041251 -0.013143
1.0 -0.310183 -0.660335 -0.391360 -0.042014 0.033350 0.038697
1.0 -0.262329 0.782612 -0.101087 0.029361 0.023769 -0.048199
1.0 -0.739661 0.632036 -0.870927 -0.004060 -0.006869 0.012904
1.0 -0.009629 -0.339211 -0.203235 0.026413 -0.045400 -0.023898
1.0 0.392180 -0.832912 -0.536604 -0.039589 -0.035257 -0.003573
1.0 0.765356 0.279271 -0.314902 0.009076 -0.013298 0.036872
1.0 -0.076850 -0.202457 0.012370 0.020700 -0.043737 0.032956
1.0 0.955545 -0.628043 -0.866000 0.010990 -0.003372 -0.044443
1.0 -0.147589 0.432781 0.352021 -0.026895 0.016909 -0.026913
1.0 -0.315150 0.213368 -0.587333 -0.045350 -0.007941 0.016039
1.0 -0.444388 0.213158 -0.379665 -0.000324 0.044335 -0.012540
1.0 -0.694855 -0.301300 -0.700807 -0.028134 0.025778 -0.007787
1.0 0.301041 -0.952471 0.798128 0.029921 0.037049 -0.045070
1.0 0.063749 -0.470583 0.774804 -0.001016 -0.039973 -0.003991
1.0 0.881364 -0.170787 0.366958 -0.049919 0.045194 -0.015108
1.0 -0.291697 0.189835 0.523452 -0.030355 0.011289 0.010630
1.0 0.627118 0.360213 -0.642402 0.031595 0.022341 0.009616
1.0 0.134113 0.845712 -0.818026 0.035582 -0.021828 0.007412
1.0 -0.344563 0.147738 0.222104 0.021880 -0.030872 0.000401
1.0 -0.126985 -0.424158 -0.487258 -0.002546 -0.021494 0.028571
1.0 -0.845574 0.351682 -0.131083 0.025749 0.020364 0.010803
1.0 0.493843 0.664381 0.898551 0.023942 0.024860 0.012187
1.0 0.390660 -0.832899 -0.834652 -0.017749 -0.049239 -0.021948
1.0 0.348976 -0.255661 0.530509 0.001961 -0.015026 -0.048109
1.0 0.789805 -0.440940 -0.026301 -0.015231 0.013995 -0.005311
1.0 -0.568195 0.665006 -0.996555 0.033317 -0.034202 0.038662
1.0 0.183825 -0.146405 0.899643 -0.012949 -0.007327 0.044727
1.0 0.517657 -0.229513 0.146208 -0.028974 0.010828 0.026416
1.0 -0.252666 -0.525772 0.949887 -0.035541 0.034376 0.000792
1.0 0.865845 0.915071 -0.901400 0.016376 0.013201 0.049436
1.0 -0.380376 0.997963 -0.705675 -0.029929 0.040368 -0.037803
1.0 -0.020660 -0.874960 0.530525 -0.046641 0.020689 -0.025619
1.0 -0.724347 -0.970016 0.216763 -0.031423 0.024226 0.043994
1.0 0.188449 0.252083 -0.925954 0.040570 -0.042124 -0.004412
1.0 -0.852919 -0.286613 0.306227 -0.011015 -0.002590 0.049173
1.0 -0.417499 -0.422579 0.552291 -0.048900 0.003518 0.031959
1.0 0.160129 -0.618050 -0.795593 -0.041315 0.032058 0.043468
1.0 -0.005007 0.305263 0.806127 0.015907 0.049729 0.037061
1.0 -0.882376 -0.720958 -0.507991 -0.003653 0.016955 0.002838
1.0 0.138002 -0.147258 0.676501 -0.042933 -0.023899 -0.039688
1.0 0.546022 0.372476 -0.187804 0.010486 0.011059 0.043782
1.0 0.460811 0.657181 -0.457746 0.029688 0.023112 -0.029591
1.0 -0.925227 0.742547 0.996194 0.020551 -0.026528 0.003928
1.0 -0.359504 -0.416654 0.018832 0.031161 -0.016321 0.035221
1.0 -0.200520 -0.187262 -0.450500 0.032695 0.037283 0.021964
1.0 -0.291708 0.503179 -0.153045 -0.039688 -0.007353 -0.030753
1.0 -0.370960 0.258446 0.085679 0.014148 0.016653 -0.019884
1.0 0.028639 -0.494725 0.254602 -0.007054 -0.031994 0.005699
1.0 -0.386782 0.018069 0.979218 0.020070 0.009092 0.008661
1.0 0.877466 -0.126614 0.205694 0.025271 -0.022325 -0.004854
1.0 -0.917186 0.052765 -0.359378 -0.031506 -0.013012 -0.009680
1.0 -0.509946 0.868589 0.976245 -0.042960 -0.014990 -0.036783
1.0 0.446703 -0.124969 0.437898 -0.035793 0.047019 0.025630
1.0 -0.361222 0.679175 -0.414019 -0.021460 0.039958 -0.040155
1.0 0.319316 0.944846 -0.901146 0.049889 -0.016161 0.006632
1.0 -0.381168 -0.923549 -0.998247 -0.021643 0.044476 -0.036200
1.0 -0.890259 -0.997106 0.816668 0.036027 -0.024942 -0.005459
1.0 0.279548 -0.867476 -0.089730 0.006625 -0.035514 -0.028300
1.0 0.627279 0.032017 0.370757 0.024053 -0.037701 0.020911
1.0 0.874246 -0.342465 -0.124392 0.011753 0.006495 0.018792
1.0 -0.899489 0.401056 0.389260 -0.034793 0.034582 0.006100
1.0 0.175572 0.921520 -0.613628 -0.013233 0.039033 -0.046118
1.0 -0.541892 0.490134 0.303898 -0.029409 -0.048888 -0.026348
1.0 0.417627 0.932252 -0.066041 0.046494 0.015483 -0.016767
1.0 0.374953 0.017136 0.929638 -0.019950 -0.018425 -0.013586
1.0 0.569608 0.218182 0.871634 -0.021073 -0.038064 0.022350
1.0 0.552541 0.415853 0.368475 0.003485 -0.025202 -0.045124
1.0 -0.782984 -0.694206 0.076962 -0.018317 -0.030422 0.033710
1.0 0.208761 -0.484375 0.920652 0.009971 -0.033256 -0.003934
1.0 -0.219347 -0.529887 0.328159 0.008686 0.043802 -0.024286
1.0 -0.491826 -0.719014 0.303836 -0.044050 -0.026824 -0.011106
1.0 -0.095696 0.765363 -0.308520 -0.012212 0.020575 0.018030
1.0 0.488417 -0.824820 0.878369 0.042466 -0.036283 -0.029886
1.0 -0.140896 0.370852 -0.170414 -0.027293 0.023532 0.033095
1.0 0.759261 0.998837 0.232915 0.042939 -0.005015 -0.012050
1.0 0.931008 0.123811 0.999568 -0.006767 0.028886 0.048316
1.0 0.828670 0.688343 -0.593049 0.009778 0.015508 0.023581
1.0 -0.117572 0.090826 -0.991019 0.023284 0.000033 -0.025348
1.0 -0.346225 0.337275 -0.343304 -0.016955 -0.017781 -0.002357
1.0 0.131968 -0.703383 0.947824 -0.031237 -0.028169 0.044767
1.0 0.075019 -0.464715 0.682167 0.013908 0.012760 -0.047691
1.0 0.971004 0.806588 -0.197921 0.041929 -0.044719 -0.009745
1.0 -0.220721 0.583870 0.725660 -0.027045 0.032653 -0.045860
1.0 0.368655 0.722130 0.783460 -0.001952 0.014824 0.027451
1.0 -0.571725 0.940665 -0.755371 0.011610 -0.037564 0.022497
1.0 0.820907 -0.855994 -0.950996 -0.003944 -0.028935 0.033914
1.0 -0.043886 -0.609012 -0.748958 0.024492 -0.009124 -0.031992
1.0 0.690360 -0.231340 0.712817 -0.048197 -0.002982 0.011725
1.0 0.619943 -0.246020 -0.322643 -0.047198 0.024773 -0.036059
1.0 0.848090 -0.196699 -0.137058 -0.027279 -0.023229 0.030661
1.0 -0.452332 0.539517 -0.415001 0.021135 0.015456 -0.009883
1.0 0.767696 -0.805045 -0.455682 0.030581 0.015771 -0.028321
1.0 0.355520 -0.630971 -0.084800 0.003224 -0.024447 0.028735
1.0 -0.188626 0.756491 -0.567626 -0.018798 -0.023075 0.019123
1.0 -0.992569 0.837585 -0.500682 -0.022799 0.033861 0.000260
1.0 -0.619440 -0.786366 0.684134 -0.010056 -0.031689 -0.046829
1.0 0.505389 -0.743786 -0.773297 0.005949 0.011577 -0.019941
1.0 0.063087 0.282917 0.595669 0.004396 -0.040596 0.048938
1.0 -0.115321 0.179575 0.878752 0.039706 -0.022138 -0.038809
1.0 0.949630 -0.471254 -0.824060 -0.038076 -0.033214 0.030665
1.0 -0.241691 -0.296038 -0.051937 0.000332 -0.033538 0.025276
1.0 0.375853 -0.366330 0.472440 -0.039360 -0.001398 0.001255
1.0 0.221354 -0.897911 -0.270315 0.000202 0.005397 0.000432
1.0 -0.552973 0.282285 0.892596 0.008930 0.024511 -0.016557
1.0 -0.944318 0.683338 0.777107 0.002941 0.037475 -0.044322
1.0 0.854679 0.140262 0.275117 -0.047684 0.029194 0.047526
1.0 0.799861 -0.404064 -0.734911 0.041617 -0.016564 -0.016174
1.0 0.812413 -0.330762 0.204454 0.018741 -0.043383 -0.005874
1.0 -0.799755 0.677716 -0.095395 0.011477 -0.016338 -0.043604
1.0 -0.354148 0.239581 -0.119537 0.036405 0.014487 0.006309
1.0 0.912606 -0.456029 0.683126 -0.028012 -0.038556 0.007221
1.0 0.870379 0.569675 0.294775 -0.039249 0.043423 0.002129
1.0 -0.305424 -0.469214 -0.794955 -0.022566 0.000872 -0.006852
1.0 -0.072888 0.192455 0.462318 -0.014502 0.014535 0.000637
1.0 0.589799 0.937707 0.176226 0.018915 -0.038008 0.043449
1.0 0.635266 0.755686 0.300605 0.046925 -0.007548 0.018138
1.0 -0.183414 -0.008650 0.295656 0.023146 -0.029099 0.048628
1.0 -0.154885 0.511352 0.500802 -0.006134 -0.037998 0.016471
1.0 0.122136 0.482037 -0.781040 -0.041114 -0.045423 0.019464
1.0 0.097044 -0.432775 -0.999153 -0.045745 0.008952 -0.013621
1.0 0.230794 -0.006250 0.553374 0.003594 0.002606 0.037346
1.0 0.108188 -0.806909 0.689768 -0.002963 0.029829 0.023255
1.0 -0.072401 -0.676784 0.415692 -0.027875 0.017760 0.011006
1.0 -0.216344 0.966393 -0.086266 -0.027995 -0.014673 0.044181
1.0 0.381682 0.951370 -0.203688 -0.039277 0.007479 -0.006105
1.0 -0.025552 -0.283988 0.633926 0.043225 0.008815 -0.023448
1.0 0.331938 -0.160122 -0.278772 0.043844 -0.036377 0.033799
1.0 0.232527 0.466424 0.584147 0.033471 0.012993 -0.008839
1.0 -0.994094 -0.356300 0.774166 -0.006552 0.037438 0.000390
1.0 0.484963 0.873982 -0.495531 -0.002135 -0.007619 -0.020303
1.0 -0.081087 -0.166521 0.271102 -0.047576 0.046689 -0.029105
1.0 0.308013 0.721925 0.893686 0.031495 -0.004754 0.043555
1.0 -0.718985 0.277616 0.829329 0.041830 0.003890 -0.010590
1.0 -0.611396 0.600704 -0.752672 0.005056 -0.022130 -0.008297
1.0 0.026936 0.700018 -0.691784 -0.018914 0.026283 0.006540
1.0 -0.114650 0.604214 -0.121502 0.030665 0.031199 0.025935
1.0 -0.529866 -0.774315 -0.230858 0.013634 -0.025313 0.019082
1.0 -0.659922 -0.674889 -0.766926 -0.002415 -0.040914 0.005626
1.0 -0.129938 -0.761470 0.341331 -0.013733 -0.023823 0.027320
1.0 0.381374 -0.265103 0.231294 0.005633 0.042016 0.029088
1.0 -0.904801 0.531012 -0.880314 0.002802 0.021007 -0.031109
1.0 0.117565 -0.486649 -0.341706 -0.045796 0.049384 0.019158
1.0 0.667189 0.565427 0.751720 -0.027804 -0.024854 0.041909
1.0 -0.402608 -0.921585 -0.959546 0.013630 -0.038308 0.049543
1.0 0.733236 -0.883393 0.073404 0.010472 -0.036313 -0.040307
1.0 0.385884 -0.864460 0.683711 -0.043816 0.017325 -0.024858
1.0 -0.777018 0.575658 -0.840427 -0.027773 0.009985 0.010285
1.0 0.854624 0.602893 0.824006 -0.010997 0.002490 0.012607
1.0 0.221055 -0.644369 -0.114298 0.005240 0.017115 -0.011386
1.0 -0.920487 0.289425 0.219122 -0.027399 0.007770 0.022510
1.0 0.585472 0.886816 0.790078 -0.020515 0.005348 0.041648
1.0 0.017265 0.039500 -0.916464 -0.038481 -0.023222 -0.020468
1.0 -0.352657 -0.966090 -0.156005 0.028883 -0.023139 -0.023721
1.0 -0.858134 -0.518241 -0.796668 0.039050 -0.009500 -0.048603
1.0 -0.960023 0.971937 0.018048 0.025938 0.034214 0.031182
1.0 -0.060870 0.671203 0.624588 0.027453 -0.009792 0.000395
1.0 0.891139 -0.152477 0.195040 0.025617 0.005293 0.046044
1.0 -0.751142 0.923772 0.650963 0.048796 0.040874 -0.045482
1.0 0.181165 0.225676 -0.513623 -0.021848 0.008996 0.028842
1.0 -0.582706 0.394479 -0.190567 -0.030684 -0.046650 -0.045946
1.0 0.010802 0.948061 -0.001797 -0.027249 -0.006265 -0.000907
1.0 -0.025616 0.224242 0.890134 -0.013940 -0.037012 -0.044034
1.0 0.082050 0.597681 0.379829 0.024605 0.044298 0.006344
1.0 -0.282118 -0.898411 0.832264 -0.044510 -0.004291 -0.044307
1.0 0.274727 -0.634523 0.141814 -0.010705 0.008421 0.032465
1.0 0.293459 0.557868 -0.527437 0.018723 0.018504 0.033281
1.0 -0.399287 -0.761054 0.846130 -0.012511 0.030565 0.033676
1.0 0.292770 -0.898643 -0.334482 0.018365 -0.034108 -0.035540
1.0 -0.829503 0.288207 0.587288 -0.037861 0.043670 -0.001774
1.0 0.829112 0.418638 -0.940986 0.007028 -0.021062 0.031015
1.0 -0.411892 0.872993 0.985907 -0.028638 -0.017137 -0.013127
1.0 0.772852 0.028035 -0.197189 -0.049256 0.005674 -0.040634
1.0 0.500380 -0.813304 0.943331 -0.012326 -0.007617 0.043588
1.0 0.600648 -0.393929 -0.676319 0.042938 0.046957 -0.017775
1.0 -0.506005 0.721308 0.149708 0.034367 0.005846 -0.021242
1.0 -0.425523 0.547968 -0.518423 0.020638 0.024731 0.047763
1.0 -0.892542 -0.690657 0.791985 -0.022184 -0.006603 -0.026043
1.0 0.680418 -0.719915 0.941989 -0.008660 -0.048332 0.022115
1.0 0.720270 0.915044 0.331508 0.013017 -0.006363 -0.035049
1.0 -0.827234 0.333478 -0.776611 -0.025674 -0.014628 0.002917
1.0 -0.450944 -0.969306 0.530386 -0.005950 0.041392 -0.004515
1.0 0.076229 -0.411583 0.197439 -0.036985 0.036595 -0.011797
1.0 0.793446 0.753707 -0.720812 -0.009986 0.043972 -0.009137
1.0 0.221201 0.558254 0.621187 -0.034985 -0.012619 -0.024290
1.0 -0.736716 0.809739 -0.820279 0.036794 0.043439 0.019298
1.0 0.229012 -0.377921 0.133248 0.013140 -0.013405 0.024413
1.0 0.678299 -0.992540 0.358944 -0.028937 -0.018831 0.011711
1.0 -0.989116 -0.747838 -0.110606 0.044169 0.045196 0.026995
1.0 -0.198451 0.395913 -0.527372 -0.019588 -0.009539 -0.033460
1.0 -0.361120 0.226106 -0.829207 -0.021227 0.049497 0.026579
1.0 -0.674900 0.422056 -0.161088 0.036725 0.047726 -0.033462
1.0 -0.022511 0.319499 0.215291 -0.047674 -0.010453 -0.014402
1.0 -0.095535 -0.429180 -0.233960 -0.007831 -0.013763 -0.025919
1.0 -0.709329 -0.685070 -0.178698 0.010394 -0.012517 0.017295
1.0 -0.498046 0.608302 -0.551841 0.004528 -0.042087 0.027470
1.0 -0.503468 -0.406154 -0.427590 -0.016002 -0.006475 -0.007732
1.0 -0.990074 0.602299 -0.553211 -0.046358 -0.010829 0.032702
1.0 0.817229 -0.692109 0.235651 -0.046306 0.004190 -0.008989
1.0 -0.576644 0.273707 0.255040 -0.041388 -0.037778 0.024715
1.0 0.201904 0.454759 0.652277 -0.013472 0.030233 -0.012735
1.0 -0.171989 -0.820367 -0.523842 -0.019400 -0.005490 -0.014685
1.0 -0.971411 -0.885659 -0.914813 -0.019211 -0.033230 -0.031787
1.0 0.523262 -0.482479 -0.914500 -0.048464 -0.026063 -0.018728
1.0 0.473374 -0.065186 0.851826 0.030234 -0.022323 -0.027103
1.0 -0.989241 0.269860 0.858244 -0.013669 0.021089 -0.027998
1.0 -0.058980 0.857741 0.140321 0.011745 -0.003495 0.024916
1.0 0.754394 0.367554 0.349376 -0.011540 -0.003498 -0.020021
1.0 0.131937 0.884684 0.473952 0.041261 0.003960 -0.024340
1.0 0.939295 -0.240674 0.640345 -0.044848 -0.009435 -0.008095
1.0 -0.478926 0.696586 -0.457690 0.041566 -0.027023 0.002084
1.0 0.133130 0.415698 -0.430893 0.022882 -0.019701 -0.022639
1.0 0.702908 0.563782 -0.760107 -0.045188 0.010588 0.007397
1.0 -0.069238 0.483474 0.893247 -0.008545 0.037487 -0.039394
1.0 0.250999 -0.038353 -0.489294 -0.003770 -0.000575 -0.044786
1.0 0.083284 0.242490 -0.530292 -0.028313 -0.044060 -0.037896
1.0 -0.043724 -0.736810 0.241857 -0.011790 -0.027462 0.023429
1.0 -0.402812 0.164665 -0.710053 0.007241 0.049324 0.026472
1.0 -0.596897 -0.863755 -0.691765 0.011805 -0.003482 0.045624
1.0 0.128686 0.008255 -0.515503 0.044199 -0.007378 -0.019043
1.0 0.381543 -0.269584 0.413250 -0.036914 0.035451 0.046465
1.0 0.691896 -0.689248 -0.460123 0.025737 0.002282 0.030194
1.0 -0.966023 0.231761 -0.692192 -0.048663 0.018448 -0.012548
1.0 -0.247521 -0.112993 -0.342457 0.011520 0.018173 -0.004043
1.0 -0.189935 -0.356972 -0.963728 -0.040321 -0.017957 -0.007498
1.0 0.107994 -0.928138 -0.901715 -0.018330 0.025506 0.009004
1.0 -0.403638 0.960162 0.724177 -0.014725 0.004427 0.006593
1.0 0.170518 -0.080360 0.380700 -0.043899 -0.036610 0.030668
1.0 0.076353 -0.943333 0.148722 -0.004914 -0.039002 -0.044469
1.0 -0.159683 -0.076034 -0.538587 -0.023697 0.009585 0.041134
1.0 0.675646 -0.444792 0.391817 -0.031825 0.046421 0.002913
1.0 0.113323 0.404616 0.145054 0.015154 0.013961 0.012373
1.0 0.313079 -0.463999 0.857240 0.048852 0.010584 0.033794
1.0 -0.494002 -0.675606 -0.041008 0.026856 -0.040362 -0.016500
1.0 -0.889759 -0.559527 -0.489532 -0.029471 -0.037334 0.041901
1.0 -0.186195 -0.223634 -0.076021 0.010519 0.030108 -0.032062
1.0 0.680111 -0.502358 0.349219 -0.017496 -0.049432 -0.020712
1.0 0.879547 0.734601 -0.744376 -0.046415 0.000100 0.001980
1.0 0.357230 -0.446534 -0.747229 -0.048846 0.020704 0.011810
1.0 0.373124 0.953149 0.739817 0.004265 0.019716 -0.024320
1.0 0.308194 0.561797 -0.418119 0.035714 -0.049044 -0.045238
1.0 0.933260 -0.958009 0.219947 -0.010008 -0.042354 0.025241
1.0 0.186479 -0.966819 -0.983351 0.043230 0.031656 0.004745
1.0 0.677187 0.133753 0.357593 0.009834 0.040431 -0.030051
1.0 0.605499 -0.377693 -0.987056 0.024122 0.024028 0.048728
1.0 -0.545732 0.668242 0.072364 0.049583 -0.033641 -0.038203
1.0 -0.494562 0.695497 -0.957230 -0.026191 -0.025147 -0.036570
1.0 -0.175632 0.140023 -0.587011 -0.021978 -0.003838 -0.041514
1.0 0.558167 0.905348 0.342700 -0.045190 -0.013452 -0.034290
1.0 -0.982527 0.403656 -0.800993 0.032564 -0.029582 0.018798
1.0 0.612642 -0.195086 0.148909 0.027125 0.016349 0.028512
1.0 0.840857 -0.430621 -0.684403 0.010053 0.030929 -0.015733
1.0 -0.454670 0.985236 -0.389968 0.027288 -0.004557 0.032842
1.0 -0.558074 0.436375 -0.669929 0.017504 -0.047559 0.026070
1.0 0.932828 -0.412162 0.251293 -0.030316 0.021719 -0.011177
1.0 0.520894 0.678835 0.267025 -0.017107 -0.014099 -0.039585
1.0 0.846796 0.530867 0.374614 -0.001024 -0.046452 0.019867
1.0 -0.086742 0.648562 -0.462605 0.021064 0.006442 0.033376
1.0 -0.601822 0.114166 -0.370446 0.034246 -0.009064 -0.023615
1.0 -0.613381 -0.591057 0.153344 0.003187 0.039824 0.035288
1.0 -0.535742 -0.313970 0.815352 -0.043270 0.002970 -0.016335
1.0 -0.205555 0.775487 0.466688 0.013611 -0.032950 0.003957
1.0 0.784842 -0.697033 -0.751177 0.005731 0.001212 0.017382
1.0 -0.449937 -0.879451 -0.180214 -0.021699 0.045031 -0.036291
1.0 0.498849 -0.504586 -0.665188 0.024853 0.028855 0.041072
1.0 -0.906613 0.049120 -0.310264 0.007030 -0.015749 -0.023715
1.0 -0.603097 -0.193821 0.810902 -0.041500 -0.013520 -0.010562
1.0 -0.206622 0.407498 0.780537 -0.025844 0.001447 -0.044654
1.0 -0.216927 0.370193 -0.750784 -0.038240 0.001646 0.009339
1.0 0.400333 -0.387299 0.056441 0.028929 0.046678 -0.037934
1.0 0.476656 -0.173382 0.118731 -0.041476 0.006470 0.022833
1.0 -0.215324 -0.951684 0.481084 0.039921 0.003030 0.022663
1.0 -0.894388 0.477724 0.954417 0.033785 -0.033310 -0.019622
1.0 0.691320 -0.594492 0.442427 0.002489 -0.007679 -0.034927
1.0 0.538847 0.743075 0.036994 0.010327 0.049700 0.047081
1.0 0.298206 0.751438 0.886859 -0.038979 0.013378 -0.010648
1.0 0.785817 0.364128 -0.741550 0.018349 0.006190 0.018710
1.0 -0.271985 0.690836 0.088672 0.026582 -0.006658 -0.033874
1.0 -0.871920 0.060233 0.250244 0.047745 0.018404 0.018960
1.0 -0.615506 -0.241313 0.553019 0.028065 -0.008132 0.004155
1.0 0.717075 0.483694 -0.649579 -0.014105 0.046903 -0.039376
1.0 0.721480 0.363225 0.102738 0.027779 -0.035340 0.029055
1.0 0.448149 -0.147356 0.328070 0.028668 0.047966 0.009376
1.0 -0.431493 -0.047091 -0.244821 0.012952 0.018087 0.001786
1.0 0.878952 0.303428 -0.564531 -0.004047 -0.037661 -0.044772
1.0 -0.721290 0.586978 -0.094527 -0.027711 -0.043994 0.033635
1.0 -0.211698 0.392972 -0.697683 0.043396 -0.047728 0.039424
1.0 0.270482 -0.651045 -0.197877 0.012532 -0.021150 0.006120
1.0 -0.640960 0.868871 0.747604 -0.049880 -0.019891 -0.001140
1.0 0.701683 -0.224885 0.956795 -0.044338 -0.033938 0.024163
1.0 -0.570060 0.036552 0.621856 -0.008330 0.014419 0.047939
1.0 0.027160 -0.579339 -0.791028 -0.023110 0.032163 0.006357
1.0 -0.450592 0.541928 0.560235 0.002503 0.017863 0.015875
1.0 -0.388421 -0.461158 -0.110660 0.023871 0.025156 0.034770
1.0 -0.876822 0.222563 0.653107 -0.043267 -0.009373 -0.004708
1.0 -0.987556 -0.446296 -0.201698 0.027540 -0.024782 -0.049894
1.0 -0.512669 0.554264 -0.446788 -0.048382 -0.023663 0.033888
1.0 -0.318462 -0.817504 0.737021 -0.015892 -0.006864 -0.049247
1.0 -0.570513 0.743393 0.834225 -0.012180 -0.025092 -0.040027
1.0 -0.943118 -0.121108 -0.337955 -0.046417 0.003880 -0.024783
1.0 -0.948191 0.042194 0.926621 0.011748 0.017973 -0.009900
1.0 -0.009280 -0.992950 -0.113071 -0.018081 -0.010607 0.042244
1.0 -0.157553 0.014654 0.183849 -0.047108 -0.021828 -0.018039
1.0 -0.777847 -0.912292 0.517097 0.039455 0.018777 -0.001925
1.0 0.498909 0.746951 -0.783577 0.009865 -0.034118 0.046232
1.0 -0.370879 -0.761552 -0.891886 0.014223 -0.037730 -0.034529
1.0 -0.312656 0.472893 -0.683078 -0.003079 0.044524 0.040029
1.0 0.062052 0.776962 0.724956 0.013930 0.039344 -0.048436
1.0 -0.391771 -0.480917 -0.602826 0.003516 -0.026611 0.015871
1.0 0.930180 0.491471 0.614468 0.020546 0.039314 -0.043736
1.0 -0.984011 0.086312 -0.607498 0.036134 0.027903 -0.007412
1.0 -0.466202 -0.200133 -0.642052 0.001604 0.029068 0.046892
1.0 0.542703 -0.342689 -0.665498 -0.035633 0.014594 -0.037880
1.0 0.959018 0.572944 -0.813335 -0.032390 -0.045612 0.027781
1.0 0.451810 -0.607485 -0.334437 -0.028716 0.002096 -0.032459
1.0 -0.358273 0.323834 -0.249141 -0.045726 -0.000189 0.041698
1.0 0.224706 -0.838744 0.278534 0.011998 0.035822 -0.006643
1.0 0.847604 0.531822 0.906723 0.000565 -0.032802 0.013283
1.0 0.468617 0.173273 -0.674186 -0.001832 0.031604 -0.020386
1.0 0.439248 0.406358 0.226529 0.049950 -0.010500 0.044678
1.0 -0.571100 -0.441070 0.106061 -0.026537 0.024014 0.033960
1.0 -0.928952 0.155974 -0.661282 0.016694 -0.004903 -0.026099
1.0 0.419827 0.723171 -0.043003 0.012424 0.049402 0.006255
1.0 -0.632697 0.676378 -0.023649 0.048503 0.026065 -0.041477
1.0 -0.123832 -0.287466 0.368260 -0.001982 0.040166 -0.024074
1.0 0.818155 0.283286 0.065808 -0.016140 0.010218 -0.024842
1.0 -0.897687 -0.911946 -0.015943 0.008927 0.023966 -0.044526
1.0 0.384118 0.783677 0.395562 0.029409 0.048012 -0.042782
1.0 -0.335847 0.292351 0.268114 0.005957 -0.030629 -0.020203
1.0 0.659759 0.973543 -0.744568 0.003678 -0.014502 -0.047954
1.0 -0.390763 -0.725048 0.572251 0.024107 -0.003382 0.039350
1.0 0.828844 0.771881 0.723452 -0.018973 -0.048248 0.016329
1.0 -0.845225 -0.352703 -0.512702 0.007456 0.022364 0.018401
1.0 0.001122 -0.625725 -0.490004 -0.012601 -0.044521 -0.043672
1.0 0.523145 -0.299599 0.771990 -0.006106 -0.017964 -0.029026
1.0 0.679693 -0.821227 -0.148499 -0.020171 -0.008420 0.008157
1.0 0.608691 0.699149 0.509131 -0.016654 0.029450 0.012900
1.0 0.494881 0.599183 -0.192684 0.026659 -0.029767 -0.014746
1.0 0.877875 -0.420543 -0.654283 0.006178 0.049828 0.031005
1.0 -0.640619 -0.694600 0.105827 0.018459 0.015894 -0.024545
1.0 0.852669 0.962356 0.483990 -0.025795 -0.022221 -0.037156
1.0 -0.163189 -0.992863 0.606271 -0.035470 0.038339 -0.036340
1.0 -0.471632 0.275149 -0.129645 0.025154 0.025661 -0.045251
1.0 0.858113 0.236942 0.721211 -0.023923 0.000283 0.033253
1.0 -0.941767 -0.624604 0.292164 0.022817 -0.016365 0.048291
1.0 -0.189634 0.621578 0.271130 0.045359 -0.008117 0.035916
1.0 -0.755406 -0.086105 -0.024411 0.011922 -0.035605 -0.024669
1.0 -0.871390 0.713684 0.399290 -0.007710 0.004222 -0.034550
1.0 0.129659 -0.707217 -0.914073 -0.031112 0.013583 0.005906
1.0 -0.487007 -0.336534 -0.098392 0.045364 0.023356 -0.040568
1.0 -0.547264 -0.723186 -0.482695 0.048861 0.047792 0.042218
1.0 0.954731 0.135374 0.597607 0.044910 -0.002585 -0.022546
1.0 -0.670925 -0.401474 -0.486695 -0.021287 -0.049880 0.027053
1.0 -0.491633 -0.956523 0.961445 -0.032342 -0.006009 -0.005383
1.0 -0.632618 0.647859 0.403752 0.004610 0.028943 0.043363
1.0 0.197377 -0.138230 -0.966279 -0.034967 -0.043301 -0.037762
1.0 -0.925644 0.816026 0.596774 -0.030932 -0.013490 0.011205
1.0 -0.560257 -0.946306 -0.619238 -0.047365 0.036541 0.002662
1.0 0.975485 -0.447460 -0.967018 0.039745 0.003980 -0.011804
1.0 0.667945 0.394228 -0.684592 0.042639 0.033922 -0.045479
1.0 -0.060770 0.346005 -0.728352 0.032778 0.016464 0.019056
1.0 -0.057384 -0.969342 0.226425 -0.010520 0.010122 -0.024612
1.0 -0.801903 0.217910 0.115396 -0.008016 0.015065 0.030736
1.0 -0.836148 0.734515 -0.127966 0.027415 0.016162 -0.025327
1.0 0.277336 0.140564 0.150161 -0.032281 -0.009492 0.043528
1.0 -0.653856 -0.411997 0.113830 0.021682 0.034767 0.020875
1.0 0.975705 0.918580 -0.568985 0.014597 0.045223 0.013367
1.0 -0.541263 -0.692191 -0.479644 0.041508 0.046907 -0.029348
1.0 0.276554 -0.341868 -0.849917 0.048540 -0.004126 0.014427
1.0 0.652466 -0.890040 0.641485 0.046178 0.015124 0.047073
1.0 0.002933 0.744424 -0.214033 0.039687 0.024570 -0.007858
1.0 -0.374542 0.692712 0.958108 -0.004593 -0.007987 0.008992
1.0 0.207803 -0.154885 -0.024064 0.012941 0.020503 -0.007991
1.0 -0.738826 -0.077951 0.292440 -0.041653 -0.024744 0.025170
1.0 -0.479555 0.401575 -0.664635 -0.020830 0.043832 0.044129
1.0 0.625247 0.909372 0.499561 0.007048 -0.030980 -0.015066
1.0 0.723421 -0.460841 0.148849 0.036069 -0.005989 0.008538
1.0 0.893776 -0.704024 -0.303474 0.020299 -0.002965 0.030090
1.0 0.472135 0.429019 -0.954928 -0.045222 0.041527 0.015327
1.0 -0.544484 0.440437 -0.980583 0.005090 -0.033697 -0.037367
1.0 -0.651616 -0.086656 -0.578463 0.032011 0.004082 -0.016297
1.0 -0.302141 0.545268 0.012132 0.014707 -0.009828 -0.047273
1.0 -0.483238 -0.436522 -0.851210 0.028610 0.026409 0.007685
1.0 -0.504081 0.359509 0.525095 -0.024570 -0.020855 0.000926
1.0 0.256291 0.400530 -0.951355 -0.023717 -0.046991 -0.016170
1.0 0.462021 -0.343250 -0.212322 0.024261 0.039853 0.033654
1.0 -0.459773 -0.991257 -0.381584 0.017404 -0.024830 0.049014
1.0 -0.737364 -0.852796 0.538929 0.026826 -0.033879 -0.032204
1.0 -0.347052 0.702886 -0.591265 0.039659 -0.047932 -0.023494
1.0 0.190856 -0.366504 -0.517049 -0.030002 -0.013834 0.040125
1.0 -0.963238 0.388843 -0.006341 -0.012039 -0.038953 -0.033652
1.0 -0.665456 -0.121316 -0.014282 0.010956 -0.013121 0.002252
1.0 0.056405 -0.895520 -0.624049 -0.017035 0.016303 0.005539
1.0 -0.901448 -0.869958 -0.374120 -0.014739 0.021476 -0.022791
1.0 0.753355 0.142179 -0.168242 0.038170 0.048726 -0.026414
1.0 -0.329683 0.634608 0.797829 -0.046929 -0.047909 -0.004763
1.0 -0.690834 -0.191437 -0.827493 0.014745 -0.045880 0.034922
1.0 0.052685 0.083378 -0.001356 0.021994 -0.000109 -0.007005
1.0 0.385272 -0.423907 -0.743899 0.046684 -0.027828 -0.022375
1.0 -0.249718 -0.508463 -0.196626 -0.013409 0.046190 0.020845
1.0 -0.515317 0.343764 0.824791 0.010856 0.016760 0.040930
1.0 0.453478 -0.072137 -0.273536 0.036924 -0.001454 0.028745
1.0 0.363362 0.050210 -0.966136 -0.026667 0.013030 0.033827
1.0 -0.166060 -0.200021 -0.910501 0.015128 -0.045156 0.006728
1.0 -0.944699 -0.001829 -0.495258 0.020644 -0.025303 -0.039188
1.0 -0.467742 -0.231006 0.246447 0.039986 0.022348 0.014436
1.0 -0.689464 -0.247363 0.162885 0.011562 0.009055 -0.031706
1.0 -0.280573 -0.240659 0.193310 -0.008939 -0.044044 0.019764
1.0 0.889438 -0.549699 0.973919 -0.025987 0.029975 -0.018256
1.0 -0.119433 0.861526 -0.404687 -0.028957 -0.006814 -0.024558
1.0 -0.028509 -0.741705 0.092961 0.007836 -0.033373 0.002549
1.0 0.383765 0.959683 -0.896847 0.046034 -0.037045 -0.013371
1.0 0.406319 0.028668 -0.515210 0.049365 -0.022928 -0.024518
1.0 -0.154157 -0.803085 0.255789 0.040535 -0.042010 0.011599
1.0 -0.899761 0.773389 -0.761932 -0.015538 0.037800 -0.013885
1.0 -0.715926 0.732999 -0.943810 0.021983 -0.048524 0.048154
1.0 0.890675 0.683272 -0.633382 0.015705 0.047225 0.015491
1.0 -0.688750 0.062889 -0.452792 -0.011308 0.007801 -0.003341
1.0 -0.191854 0.561374 -0.579645 0.019598 -0.018675 0.012143
1.0 -0.492229 0.132678 -0.756265 -0.018310 -0.020712 0.015003
1.0 -0.400991 -0.979515 0.691910 -0.010606 -0.033201 -0.028429
1.0 -0.714229 0.377324 -0.417724 0.044563 0.030219 0.028583
1.0 -0.826988 -0.766841 0.748493 -0.027280 0.047863 -0.046849
1.0 -0.481376 0.773072 0.562121 0.029703 0.034573 -0.040038
1.0 0.302490 0.659759 -0.958961 -0.048310 -0.015400 0.031177
1.0 -0.225816 0.683595 0.289817 0.038674 0.031712 -0.027608
1.0 -0.243859 0.378277 0.520787 0.003382 0.018117 0.031597
1.0 0.213093 -0.417813 0.545255 -0.011178 0.024528 0.014405
1.0 0.095599 -0.479570 0.257639 0.046652 -0.036814 0.022668
1.0 0.849128 0.838058 -0.452570 0.033436 -0.025787 0.004104
1.0 0.118916 0.775512 -0.443122 -0.041803 0.027524 0.018090
1.0 -0.226057 0.700732 -0.907906 0.002787 0.039224 0.040013
1.0 -0.729297 0.101700 0.253659 0.017090 0.044376 -0.047103
1.0 0.035173 0.500219 0.610519 -0.020542 0.039991 -0.035651
1.0 0.977165 0.467061 0.392911 -0.040806 0.001038 0.029628
1.0 -0.608113 0.575802 -0.040856 0.005314 0.042209 -0.037073
1.0 0.918210 -0.971076 -0.320867 0.031101 -0.031710 -0.040536
1.0 -0.349283 0.000533 -0.932419 -0.002091 0.006912 0.044189
1.0 0.453203 -0.290768 -0.359231 -0.033833 -0.014906 -0.005292
1.0 -0.044023 0.312044 0.327528 -0.021492 -0.031050 0.001493
1.0 -0.066000 0.205371 0.440400 -0.027292 0.020266 0.031617
1.0 0.230440 0.047709 0.166750 0.013498 -0.004202 -0.043495
1.0 -0.160921 -0.452836 0.709017 0.036673 0.047919 0.006395
1.0 0.700603 -0.154875 0.123701 -0.030734 0.040933 0.046909
1.0 0.230105 -0.325734 -0.215084 -0.005270 -0.032844 0.022758
1.0 -0.061235 -0.818151 0.781956 -0.020150 0.010253 -0.044899
1.0 0.981965 -0.849180 -0.895928 -0.037558 -0.024162 -0.036859
1.0 -0.669517 0.935737 -0.307300 0.000478 0.020719 -0.043581
1.0 -0.269289 -0.069294 0.458075 -0.040948 0.049046 0.021167
1.0 -0.999668 -0.204467 0.461833 0.005228 -0.000820 -0.042176
1.0 -0.423781 -0.534202 0.535187 -0.045984 0.046421 -0.019334
1.0 0.769847 0.376330 0.748353 0.001016 0.011284 0.031315
1.0 -0.441103 0.360184 0.298578 -0.002710 -0.041204 0.000868
1.0 0.813003 -0.847424 0.265106 0.003437 0.001006 -0.003568
1.0 0.879139 -0.807318 -0.546690 0.045034 -0.049856 -0.014162
1.0 -0.554358 0.087694 -0.962226 -0.049996 -0.003386 0.043870
1.0 -0.605865 -0.636884 -0.174042 0.017681 -0.037134 0.034486
1.0 0.811439 -0.066627 -0.521244 -0.042895 -0.039342 0.032922
1.0 0.577406 -0.786850 0.957503 -0.035947 0.029327 0.037415
1.0 -0.616394 0.285080 0.248542 0.042323 -0.044664 0.017282
1.0 0.936177 -0.481502 0.203747 0.046426 0.012237 -0.035206
1.0 -0.757531 0.951926 0.356663 0.030960 0.012598 -0.031241
1.0 0.920513 -0.990754 0.554836 -0.032081 0.000544 -0.008913
1.0 0.793834 -0.656478 0.755551 -0.004243 0.011551 0.021228
1.0 -0.325555 -0.079124 -0.392146 -0.019885 -0.012831 0.036506
1.0 0.710419 0.306715 -0.137507 -0.048106 -0.003991 -0.025411
1.0 0.990524 -0.862391 0.178419 -0.040426 -0.038563 0.044741
1.0 -0.575472 0.232284 0.622386 -0.005529 -0.007680 -0.041185
1.0 -0.541246 -0.033535 -0.129356 -0.004881 -0.031269 0.022552
1.0 -0.919050 -0.818838 0.526183 0.010429 -0.043428 0.012681
1.0 0.303788 -0.879073 0.361266 -0.010819 -0.004261 0.021704
1.0 -0.448485 -0.925535 0.524870 0.027779 0.010532 0.016224
1.0 -0.984834 -0.356944 -0.249504 -0.003112 0.036635 -0.022550
1.0 0.551190 0.025926 0.254701 -0.018150 0.049738 0.035057
1.0 0.820327 0.679210 -0.288766 0.024522 0.030474 0.023665
1.0 0.761239 0.651686 0.205714 0.037523 -0.027719 -0.044966
1.0 -0.896763 -0.540833 0.647577 -0.041568 0.002937 0.012262
1.0 0.416442 0.889880 -0.571004 0.035439 -0.036246 -0.019547
1.0 -0.477537 -0.253764 0.377621 -0.015162 0.011716 0.011325
1.0 0.874560 0.717635 -0.506986 -0.009521 -0.040302 -0.007174
1.0 0.852519 0.195542 0.524137 0.029442 0.012580 -0.044828
1.0 -0.502978 0.053172 -0.176256 -0.043147 -0.005933 0.015968
1.0 0.600913 -0.881389 -0.967319 0.036117 0.000894 -0.049014
1.0 0.817663 0.429470 0.259585 -0.038179 0.049492 0.024921
1.0 -0.697422 -0.610465 -0.803961 -0.037149 0.025950 0.005812
1.0 -0.412497 0.579566 -0.032577 -0.041798 -0.022152 0.048900
1.0 0.956034 0.145402 -0.906738 -0.022325 -0.012089 0.044531
1.0 -0.215500 -0.098603 0.302312 -0.003184 0.028591 -0.011805
1.0 0.268312 0.876067 -0.485387 -0.006586 -0.026594 -0.017149
1.0 0.428835 0.315168 0.996724 -0.027604 -0.029668 -0.020525
1.0 -0.027751 -0.422608 0.642612 0.021118 0.027214 -0.002769
1.0 -0.922012 0.495642 -0.081468 -0.008758 -0.007684 0.044200
1.0 0.805477 -0.176251 0.326363 -0.007760 -0.044876 -0.025727
1.0 -0.860964 -0.453092 -0.121262 0.026408 0.035176 -0.044235
1.0 -0.597919 0.412945 0.590745 0.048970 0.041001 0.016968
1.0 -0.037363 -0.881155 -0.933398 0.034625 -0.012382 -0.033581
1.0 0.819402 0.338574 0.759763 0.005191 -0.031726 0.049235
1.0 -0.758379 -0.503200 -0.392776 -0.030709 0.032487 -0.048726
1.0 -0.576344 0.927341 0.876031 0.006492 0.016351 -0.013666
1.0 -0.005083 -0.873536 -0.410960 -0.002769 -0.043041 0.048322
1.0 -0.937292 0.643703 0.215897 0.012203 -0.035898 -0.002228
1.0 0.573148 -0.996623 0.164600 0.017777 0.021108 0.015005
1.0 -0.063741 0.728056 0.932247 -0.013675 -0.032875 0.027503
1.0 0.643365 -0.180991 -0.597778 -0.010666 0.024134 0.009812
1.0 -0.496883 0.371585 0.372320 0.001578 0.008151 0.026084
1.0 -0.823590 -0.001472 -0.577376 -0.021428 0.010452 0.012978
1.0 0.355209 -0.468323 0.741571 0.039743 0.045167 -0.008151
1.0 -0.620027 -0.223781 -0.753808 0.047316 0.009156 -0.042621
1.0 0.107639 0.592373 -0.782069 -0.021688 0.041846 0.036343
1.0 0.605011 0.270715 0.705972 -0.005882 0.017620 -0.028450
1.0 0.110492 0.221939 -0.383768 -0.008866 -0.048205 -0.010294
1.0 0.982134 0.991669 -0.702514 0.034289 0.023210 -0.002738
1.0 -0.357112 -0.963471 0.291402 -0.018874 0.019698 0.023971
1.0 -0.301510 -0.851525 -0.522382 0.044439 -0.015693 -0.021726
1.0 -0.455983 -0.800896 0.565668 0.032079 -0.029027 -0.003822
1.0 -0.996291 -0.503264 -0.713041 0.040491 -0.011957 -0.021316
1.0 0.957124 0.012810 0.221666 0.048223 -0.004683 0.001839
1.0 0.649482 -0.270447 0.423430 -0.004731 0.014822 -0.040041
1.0 0.116884 0.773075 -0.050907 0.048480 -0.000797 0.044575
1.0 0.698738 -0.143800 0.298813 0.042954 -0.012489 0.000608
1.0 -0.635567 -0.871552 -0.872526 0.032403 -0.046134 -0.010873
1.0 0.908835 0.282050 -0.345586 0.048515 0.021307 -0.047496
1.0 -0.232808 -0.317779 -0.903008 0.028363 0.018881 -0.025022
1.0 0.811158 0.492761 -0.762467 0.006739 -0.030595 0.049634
1.0 0.107493 -0.314194 -0.124912 0.024075 0.009334 0.008341
1.0 0.634510 0.666646 0.692072 0.032090 0.030560 -0.026197
1.0 0.251175 -0.224705 -0.733043 -0.033302 -0.033630 -0.048138
1.0 -0.583480 0.193271 -0.203955 0.038048 0.007832 -0.049335
1.0 0.817770 -0.709854 0.108950 -0.034893 0.047472 0.022807
1.0 0.482383 0.994733 -0.678700 -0.038242 0.027566 -0.044253
1.0 -0.126945 -0.831338 -0.220758 0.016115 -0.002525 0.001516
1.0 0.429180 0.902916 -0.504132 -0.035048 0.030460 -0.046033
1.0 -0.083137 0.814708 0.115669 0.018924 0.011831 -0.009591
1.0 0.897093 0.161065 0.121307 -0.044712 0.021817 0.008228
1.0 -0.144326 -0.803340 0.975707 -0.030474 -0.031548 -0.003100
1.0 0.273649 0.867740 0.158244 -0.008347 -0.004903 -0.012607
1.0 -0.721853 -0.657957 0.771624 -0.029112 -0.016418 -0.049606
1.0 0.108987 -0.463334 0.965913 0.031657 -0.038561 -0.020717
1.0 0.527093 -0.403559 0.681148 0.037075 0.028026 -0.038473
1.0 -0.862066 0.359978 0.039825 -0.015619 0.028370 0.032424
1.0 -0.374574 0.661886 0.219343 -0.042444 0.006459 -0.003389
1.0 -0.356383 -0.835073 -0.263839 0.030488 0.045345 0.032158
1.0 -0.097414 0.771182 0.549633 -0.048065 0.035461 -0.023760
1.0 0.695854 -0.582962 -0.329405 0.005645 -0.017449 0.003521
1.0 0.133215 -0.462732 -0.711502 -0.024486 0.000875 0.000697
1.0 -0.514641 -0.641412 -0.847445 0.035868 0.014220 -0.031458
1.0 -0.849310 0.936121 0.661547 -0.006148 0.023847 -0.030989
1.0 0.437427 0.161514 -0.091671 -0.015162 -0.004804 0.034486
1.0 -0.893347 -0.472263 -0.114906 0.020134 0.016183 0.022530
1.0 0.854751 -0.172278 -0.552043 -0.008288 0.022844 -0.008912
1.0 -0.008967 -0.935612 -0.657056 -0.017771 0.008885 0.040295
1.0 0.843143 0.105627 0.538533 -0.019114 -0.047426 0.024882
1.0 -0.136667 0.625482 0.153920 -0.023290 0.028402 -0.018379
1.0 -0.084333 -0.912344 -0.826125 -0.020064 0.028762 -0.034392
1.0 0.806507 -0.086834 0.453023 0.021885 -0.031834 -0.043791
1.0 0.422088 -0.957501 0.675203 -0.011400 -0.026046 0.037667
1.0 0.633821 0.675536 -0.730867 0.041547 0.005981 -0.044187
1.0 -0.453076 -0.775790 0.330966 0.013389 -0.009380 0.025642
1.0 -0.982755 -0.583686 0.016914 -0.041360 0.036509 0.031240
1.0 0.085251 0.970561 0.990928 -0.014685 0.046271 0.046490
1.0 0.157443 -0.382862 -0.054436 -0.032393 -0.035635 0.007913
1.0 -0.714285 0.842696 0.424087 -0.027410 -0.000847 0.040687
1.0 0.647707 -0.264537 -0.438294 0.045824 -0.027529 -0.037396
1.0 0.964687 -0.747683 0.433234 0.029735 -0.019847 0.016266
1.0 0.805306 -0.081630 -0.889470 0.029396 -0.000680 -0.034026
1.0 0.502546 -0.279026 -0.270976 0.006424 0.013206 -0.014707
1.0 -0.581837 0.668308 0.514413 0.028929 0.048825 0.007016
1.0 -0.135423 0.558818 0.964949 -0.025868 0.029460 -0.036542
1.0 0.256168 -0.483536 0.019176 -0.027587 -0.047936 0.049265
1.0 -0.630073 0.469122 -0.986132 -0.034833 0.007049 0.019307
1.0 -0.237552 -0.133308 -0.573473 -0.037370 -0.025642 -0.026183
1.0 -0.123370 -0.613355 0.626137 0.048708 -0.024177 -0.007577
1.0 0.113116 0.628125 0.911340 0.008968 0.020547 -0.028157
1.0 -0.439958 -0.915077 0.618457 0.027922 0.035989 -0.048414
1.0 0.016239 0.236409 0.587484 -0.033695 0.028229 0.010400
1.0 0.326412 -0.213949 -0.244809 0.014148 -0.048351 -0.014141
1.0 -0.930938 0.313502 -0.480199 0.047719 -0.007470 0.024015
1.0 0.117727 -0.826163 0.945694 0.014812 0.036264 -0.046074
1.0 -0.616600 -0.730044 0.650609 0.002696 0.016596 -0.018180
1.0 -0.673819 -0.286606 0.796194 0.042272 -0.004547 0.014421
1.0 -0.138028 -0.075487 -0.622496 -0.033979 0.013343 -0.036924
1.0 -0.560412 0.919188 -0.102520 0.000745 0.039874 -0.038922
1.0 -0.047360 0.180302 0.989629 0.014646 0.049546 -0.021602
1.0 -0.198550 -0.612557 -0.484616 0.004785 -0.045654 -0.022126
1.0 0.191765 -0.325882 -0.270708 -0.049896 0.029226 0.000120
1.0 -0.754954 -0.919703 -0.018501 0.038782 0.021915 -0.041365
1.0 -0.595479 -0.398786 -0.291213 -0.001547 -0.025906 -0.038435
1.0 -0.406924 0.703235 -0.251840 0.034913 -0.018760 0.005089
1.0 -0.566601 -0.494439 0.136433 -0.035456 0.039326 -0.033100
1.0 -0.441594 0.813745 -0.383862 -0.041225 -0.008483 -0.047684
1.0 -0.680160 -0.855483 -0.268052 0.024183 0.046014 0.016693
1.0 0.477754 -0.481536 0.870709 0.000523 0.025005 0.004916
1.0 0.723640 0.760982 0.884008 -0.029433 0.015265 0.040223
1.0 -0.314977 0.991292 -0.336856 0.021030 0.024196 -0.030287
1.0 -0.154069 -0.120308 0.900104 -0.034220 -0.023088 -0.007822
1.0 0.649073 0.926692 -0.541821 -0.030064 0.022768 -0.003560
1.0 0.282892 -0.642232 -0.983125 0.029964 -0.032563 0.019820
1.0 0.581978 0.089268 -0.391359 -0.043279 0.025640 0.001252
1.0 -0.745128 -0.684476 -0.048393 0.044996 0.030190 0.015895
1.0 -0.868706 -0.355459 -0.208623 0.012413 -0.021211 0.026121
1.0 0.999691 -0.322685 -0.175830 -0.019651 0.011694 -0.006610
1.0 0.677530 0.118540 -0.874341 -0.012961 -0.013421 -0.008694
1.0 0.842058 0.818307 -0.763493 0.021249 -0.012590 0.029389
1.0 0.795466 0.734372 -0.972561 0.028641 0.045356 -0.008157
1.0 -0.835628 -0.386650 0.747426 0.043135 -0.036746 -0.012921
1.0 0.802824 0.183222 0.465336 -0.033463 0.007731 -0.028618
1.0 -0.195790 -0.247024 0.708122 -0.005912 -0.027025 -0.023913
1.0 -0.329685 0.437650 -0.462732 -0.025858 -0.013978 -0.036432
1.0 0.098393 0.234104 -0.040995 -0.020424 0.048435 -0.029838
1.0 0.102062 -0.903984 0.907534 -0.018464 0.002043 -0.014187
1.0 0.976289 0.152547 0.582934 0.029273 -0.033571 -0.004650
1.0 0.562561 -0.464877 0.646612 0.026651 -0.028840 0.001992
1.0 0.550332 -0.837866 -0.105988 0.040900 0.013135 -0.023704
1.0 0.604457 0.236111 0.242859 -0.021500 0.000597 0.010241
1.0 -0.387345 0.570191 0.419292 0.000515 -0.039692 0.037174
1.0 -0.579344 -0.753396 -0.636892 0.029699 0.018851 0.006909
1.0 0.406509 -0.988360 -0.113887 0.004994 0.031303 0.036235
1.0 0.975320 0.093849 0.867280 0.034304 -0.021250 -0.028795
1.0 0.119525 -0.227931 -0.815751 0.040610 -0.033505 -0.015184
1.0 0.009320 0.108425 0.103884 0.014613 0.028080 0.018479
1.0 -0.617627 -0.286935 -0.621675 0.009719 -0.012450 0.001210
1.0 0.688713 -0.310909 0.649217 0.049069 -0.043924 -0.028277
1.0 -0.977012 0.479583 -0.704429 -0.029739 -0.018925 0.035678
1.0 -0.940420 0.609156 0.455256 0.041322 -0.013134 0.021468
1.0 -0.930803 0.893912 0.217864 0.039778 0.006121 -0.003931
1.0 0.381877 0.759597 0.384193 -0.031343 0.018606 -0.044145
1.0 0.678318 0.137657 0.248529 0.024088 -0.040006 0.044733
1.0 0.265775 0.400435 0.984629 -0.015192 -0.048682 -0.005009
1.0 0.543715 -0.205526 -0.586693 -0.008498 0.005592 0.024727
1.0 0.588136 -0.618013 0.807524 -0.035298 0.049131 0.044894
1.0 -0.036987 -0.246522 -0.176329 0.045082 -0.022625 -0.007807
1.0 0.946769 0.622204 0.902629 -0.044985 0.025612 0.003266
1.0 0.375158 -0.120151 0.760912 -0.029843 0.005762 -0.005072
1.0 0.831956 -0.607410 -0.453905 0.042797 -0.032784 0.014953
1.0 -0.458337 0.461166 -0.642366 -0.045379 0.035793 -0.045295
1.0 -0.420994 0.783302 -0.651825 0.033748 0.045291 -0.047750
1.0 0.827840 -0.301677 -0.253213 -0.002713 -0.008486 -0.044765
1.0 -0.699047 -0.729378 0.301741 -0.011390 0.034976 -0.006336
1.0 0.257421 0.937109 -0.169608 -0.035771 0.017638 -0.038841
1.0 0.286385 0.482741 -0.050778 0.030548 -0.025945 0.042554
1.0 -0.360720 -0.768922 -0.703537 0.041314 -0.012199 0.036678
1.0 -0.094678 -0.930358 0.412186 0.049730 0.045967 -0.013344
1.0 0.246438 -0.685327 0.838378 0.005614 -0.000029 0.022586
1.0 0.829809 -0.409389 0.290497 -0.011753 -0.011201 -0.001248
1.0 -0.525821 0.964203 -0.388568 0.028359 -0.046022 0.024739
1.0 0.592254 0.819229 0.637381 0.009576 0.030773 0.000270
1.0 0.816471 0.621273 0.467300 -0.000740 -0.018073 0.001091
1.0 0.046163 0.215631 0.613706 -0.001058 -0.023161 0.011366
1.0 -0.780508 0.172759 -0.115997 -0.045110 -0.006373 -0.047407
1.0 -0.133814 -0.420405 -0.319363 -0.015927 -0.013877 -0.022272
1.0 -0.111595 0.472174 0.144443 -0.017989 -0.025500 -0.029158
1.0 0.962693 -0.540650 -0.457671 -0.023405 0.033843 -0.014692
1.0 -0.290281 -0.298795 -0.780564 -0.003605 0.024257 -0.011650
1.0 -0.144294 0.800654 0.932121 -0.016553 0.042262 -0.037327
1.0 -0.931571 -0.506466 -0.948377 0.005453 0.026536 -0.049878
1.0 -0.173770 0.350805 0.050362 0.047148 -0.001198 0.013248
1.0 0.606514 -0.248214 -0.950521 0.004245 -0.032743 0.029079
1.0 -0.555595 -0.720197 -0.738204 -0.049407 -0.022497 0.014064
1.0 0.416387 -0.374030 0.743840 -0.002865 0.042012 -0.036523
1.0 -0.742147 -0.914818 0.469130 -0.006356 -0.000261 -0.048938
1.0 -0.815691 0.443873 -0.311855 0.002191 0.040258 -0.005655
1.0 0.131215 -0.832665 -0.360965 0.049294 0.002975 -0.045279
1.0 -0.650246 0.073277 -0.718879 -0.002577 0.004921 0.016439
1.0 0.493672 -0.760696 -0.944412 0.008031 0.044465 0.034836
1.0 -0.677397 -0.107957 0.803183 0.014640 0.035384 0.011054
1.0 -0.542899 -0.083696 0.748264 0.039800 0.012426 0.007945
1.0 0.090954 0.805043 -0.003858 0.008544 0.040190 -0.025951
1.0 0.984739 0.546246 -0.925131 0.043557 0.040936 -0.019098
1.0 -0.945092 -0.286029 -0.147668 -0.019890 -0.018629 -0.041323
1.0 -0.163729 0.436659 -0.752283 0.012434 0.042128 0.021169
1.0 -0.864503 -0.411187 -0.587174 0.006747 0.028078 -0.007263
1.0 -0.226121 0.990625 -0.156309 0.043145 -0.043088 -0.007376
1.0 -0.610589 0.448365 -0.382556 0.014877 -0.024294 0.018461
1.0 0.403837 -0.767695 0.813777 0.004214 -0.017687 0.018320
1.0 -0.180174 0.465851 0.589439 0.033061 -0.034414 -0.004788
1.0 0.380475 0.133749 -0.137780 -0.000239 0.049053 0.046984
1.0 -0.343923 0.105098 -0.408668 -0.019348 -0.026692 -0.025745
1.0 -0.385607 -0.665032 0.271967 0.017607 -0.013973 -0.020634
1.0 -0.276852 0.741286 -0.029452 0.039858 0.009275 -0.031722
1.0 0.700881 0.039050 -0.686808 -0.033846 0.028095 0.000386
1.0 -0.879020 -0.808542 -0.203271 0.016537 0.005343 -0.001632
1.0 -0.384966 0.852766 0.408912 -0.017921 -0.049381 -0.027762
1.0 -0.442099 0.816826 0.825802 0.016345 -0.015807 0.016783
1.0 -0.016034 -0.950770 -0.704057 -0.036376 0.015405 0.000352
1.0 0.476135 -0.026220 -0.151349 -0.035591 0.003235 -0.030967
1.0 0.329542 -0.698953 0.711264 0.036499 0.033204 -0.044279
1.0 -0.549743 0.889531 0.379385 -0.012605 0.031269 0.041373
1.0 -0.662656 -0.487369 0.577211 -0.010146 0.038809 -0.023685
1.0 0.344599 0.973894 -0.922437 -0.017382 0.025672 0.031791
1.0 0.262392 0.351769 0.893912 0.028580 -0.013796 -0.008864
1.0 -0.408062 0.864134 0.701306 -0.018362 0.035573 -0.038134
1.0 -0.126950 -0.183955 0.719813 -0.015047 0.037638 -0.000049
1.0 0.028127 -0.918664 -0.678649 -0.027778 -0.038382 0.000769
1.0 0.009912 -0.873435 -0.985176 -0.031349 0.009008 -0.020513
1.0 -0.583016 0.272033 0.235641 -0.038588 0.036482 0.032835
1.0 0.582486 -0.648373 -0.537178 -0.045851 0.019750 -0.036416
1.0 0.995913 0.432285 -0.349391 -0.001909 -0.013017 -0.018921
1.0 -0.455695 0.983577 -0.081505 -0.025274 0.020519 0.023774
1.0 0.180578 0.969038 -0.547225 -0.014424 0.032793 -0.016014
1.0 -0.051467 0.901969 0.273985 0.019890 -0.026344 -0.026128
1.0 0.028417 0.973102 -0.058571 0.024229 0.042742 0.011128
1.0 -0.256759 0.151316 0.779613 0.004365 -0.047034 -0.016190
1.0 -0.860606 0.665792 0.765032 -0.039711 -0.046693 -0.040279
1.0 -0.976548 -0.671133 -0.910452 -0.043778 0.011789 -0.003613
1.0 0.945944 -0.890831 0.365333 0.000169 -0.026599 -0.039258
1.0 -0.599403 0.146960 0.890293 0.049230 -0.035560 -0.040522
1.0 0.353150 -0.918981 -0.079373 -0.044556 0.023099 0.034595
1.0 -0.275485 0.753014 0.691239 0.021118 0.011890 0.026659
1.0 -0.311799 0.433219 -0.261277 0.025877 0.007264 -0.039892
1.0 -0.832518 0.250907 0.726804 -0.031480 -0.012369 0.039558
1.0 0.320203 0.992667 -0.076959 -0.031127 0.016904 0.012927
1.0 -0.194691 -0.385705 0.137114 -0.017007 -0.029440 0.033227
1.0 0.282116 0.760307 0.425837 0.047085 -0.007673 0.000630
1.0 0.982504 0.360550 -0.760705 -0.005760 -0.008580 -0.001773
1.0 0.112021 -0.094348 0.515813 0.032435 -0.006637 -0.026261
1.0 0.029179 -0.762825 0.091677 0.037585 0.043783 0.020332
1.0 0.395137 0.689831 -0.393093 -0.039362 -0.015614 0.001959
1.0 -0.340032 0.054836 -0.802100 0.017429 -0.046988 -0.024605
1.0 0.724984 0.015703 0.919237 -0.033040 0.014260 0.019614
1.0 0.538698 0.714650 0.774152 -0.010438 0.006774 0.015219
1.0 -0.706124 0.719890 -0.201994 0.040440 0.014561 0.009074
1.0 -0.834727 0.237604 -0.918347 0.049553 -0.045159 -0.009191
1.0 0.624830 0.937713 0.085117 -0.032522 0.031106 -0.026644
1.0 -0.106415 0.219213 -0.534805 0.039915 0.018300 -0.004582
1.0 -0.471728 0.997225 0.474568 0.011399 0.038410 -0.043418
1.0 -0.292530 -0.847998 0.662942 -0.006073 -0.000750 -0.031560
1.0 0.860183 0.964675 -0.900071 -0.016749 -0.040444 0.029792
1.0 0.198578 0.523174 -0.590482 -0.002631 0.039505 0.038765
1.0 0.619396 0.955163 -0.614156 -0.020236 0.027740 0.016008
1.0 -0.952511 0.360927 0.508319 -0.047203 -0.041774 0.044861
1.0 -0.275128 0.161813 0.209516 0.003405 -0.041640 0.007166
1.0 0.112234 -0.815483 -0.632893 -0.039128 0.017936 0.030230
1.0 0.915099 -0.732040 -0.428489 -0.001153 -0.009681 0.044971
1.0 0.388688 0.338017 0.892161 -0.049339 0.017927 0.033739
1.0 0.795970 -0.769305 -0.418779 -0.030145 -0.042195 0.023048
1.0 -0.874253 -0.208977 -0.603925 -0.041190 0.040237 0.005268
1.0 -0.429796 -0.743616 0.491385 0.014884 -0.021370 -0.036374
1.0 -0.886917 0.844939 -0.932295 0.032046 -0.043833 -0.043946
1.0 -0.471463 -0.521557 -0.463079 0.008091 0.047293 -0.032366
1.0 -0.820161 0.136594 -0.874174 0.032618 -0.012555 0.024205
1.0 0.703442 -0.815175 -0.154283 -0.012130 -0.011247 0.006568
1.0 0.352952 0.407217 0.811936 0.017688 0.025530 0.031206
1.0 -0.235434 0.577093 -0.266115 0.038528 -0.028022 -0.041017
1.0 -0.237590 -0.143626 -0.125818 -0.003790 0.047639 -0.016580
1.0 -0.902412 -0.695311 0.513233 -0.049933 0.012434 0.032907
1.0 0.413522 -0.331534 0.892686 0.046564 0.049428 -0.039992
1.0 -0.395643 0.396961 0.127496 -0.007781 0.019749 -0.033710
1.0 0.973920 0.086540 -0.346197 0.010038 -0.000243 0.017447
1.0 -0.366842 0.044380 -0.458040 0.034724 0.002463 0.022035
1.0 0.782642 0.623020 0.524262 0.045957 0.042074 -0.049605
1.0 -0.620574 0.767130 -0.356183 0.008561 0.010552 -0.011142
1.0 0.786923 0.554580 -0.009344 -0.025665 -0.025151 -0.008568
1.0 -0.398457 -0.005490 0.478233 0.047207 -0.039821 0.041102
1.0 0.271625 -0.676836 -0.074377 -0.049329 -0.022935 -0.014617
1.0 -0.864958 0.598045 0.824022 0.044051 -0.049667 -0.030846
1.0 -0.296722 -0.232253 -0.250229 0.038950 -0.007392 -0.011147
1.0 -0.047060 -0.641679 -0.876177 0.032694 0.006701 -0.040395
1.0 -0.354769 0.342653 -0.237868 0.025903 -0.048317 -0.044263
1.0 0.132969 0.723206 -0.738254 0.049261 0.049483 0.009684
1.0 0.580568 0.634917 -0.513211 -0.006553 0.009677 0.032717
1.0 0.209847 0.470054 0.440047 -0.036024 -0.012640 0.000972
1.0 0.809953 -0.650514 -0.372015 -0.030312 -0.023444 0.000111
1.0 -0.893277 0.715659 0.484079 -0.016053 -0.004626 0.043392
1.0 -0.796584 0.646885 0.626261 0.021239 -0.048469 -0.018961
1.0 0.133456 -0.645259 0.107817 0.013909 -0.038087 0.019572
1.0 0.209438 -0.901482 0.943090 -0.020532 0.021891 -0.029585
1.0 0.533883 -0.452530 0.150171 -0.018445 0.043330 0.001633
1.0 -0.339698 0.993545 0.465806 0.020000 -0.018119 0.045754
1.0 -0.526574 0.691722 0.266170 -0.021486 0.000622 -0.027564
1.0 0.835668 0.924902 -0.187617 0.003025 0.023980 0.026825
1.0 0.450297 0.689188 -0.986601 0.024803 -0.043632 -0.000912
1.0 -0.279823 -0.704411 0.810946 -0.049556 -0.038165 0.001091
1.0 -0.467089 0.960840 0.314654 -0.023014 0.033724 0.041201
1.0 -0.922526 -0.130750 0.764017 0.003908 -0.026607 -0.040111
1.0 -0.145456 -0.761922 -0.688645 -0.044330 -0.036931 0.049272
1.0 0.657595 -0.860304 -0.314803 0.042598 -0.038550 -0.001298
1.0 0.651300 0.705404 0.363858 0.020955 -0.010484 0.019852
1.0 0.777333 0.117777 -0.165479 0.036221 -0.032747 -0.009644
1.0 0.395034 0.595104 0.119578 0.033995 0.035350 -0.039375
1.0 -0.544557 -0.385578 -0.717511 0.001520 0.036313 0.019370
1.0 0.760036 0.905911 0.682783 -0.021063 -0.034652 0.025726
1.0 -0.790889 0.585456 0.880580 -0.003806 0.033211 -0.017522
1.0 0.843266 0.151508 -0.593914 -0.012656 0.030993 -0.031468
1.0 0.791881 0.085415 0.681675 0.032745 0.038940 0.049897
1.0 0.147593 -0.337807 0.971137 -0.024069 -0.035451 -0.017876
1.0 -0.050529 -0.484740 -0.593306 0.023896 0.040529 -0.006562
1.0 -0.966032 0.696921 -0.006857 0.036118 0.043337 0.035517
1.0 -0.133220 -0.536365 -0.802436 0.039189 -0.007239 -0.039571
1.0 -0.564389 -0.014528 -0.520324 -0.005624 0.033117 -0.005159
1.0 0.229427 -0.882526 -0.984641 0.023681 -0.041738 -0.016815
1.0 -0.849577 -0.525043 -0.739136 0.022814 0.045051 -0.043457
1.0 -0.584823 -0.123455 0.910612 -0.043123 -0.040356 0.022517
1.0 0.849471 0.157414 -0.288221 -0.010793 -0.026000 -0.008561
1.0 -0.177364 -0.356739 0.817561 -0.025798 -0.049053 -0.011744
1.0 -0.817755 -0.924984 0.808498 0.018697 0.031080 -0.007818
1.0 0.660990 -0.207988 0.679833 0.016765 0.015014 0.037297
1.0 -0.639033 0.833406 -0.038759 0.007058 0.042436 0.030746
1.0 -0.116764 -0.581179 0.939930 0.016272 -0.001333 0.045737
1.0 -0.540513 -0.920171 -0.720650 0.024422 -0.028516 0.009986
1.0 -0.874185 0.139590 0.370807 0.023666 0.010263 0.000833
1.0 0.003624 -0.216624 0.665991 -0.024461 -0.007343 -0.012072
1.0 -0.548751 -0.411709 -0.802033 -0.043701 0.011006 0.044509
1.0 0.686687 -0.401398 0.298520 -0.049407 0.042356 0.042754
1.0 0.888464 -0.654208 0.419557 0.018598 0.011644 0.044079
1.0 -0.613005 -0.204833 -0.422506 0.040654 -0.000705 0.007483
1.0 0.434240 -0.975063 0.637509 0.047171 -0.038735 0.017366
1.0 -0.037704 0.288151 -0.750140 -0.017926 -0.048106 -0.028173
1.0 -0.115508 0.362383 0.721140 0.033887 0.049175 -0.024300
1.0 0.820200 0.907409 0.088558 -0.015460 -0.045680 -0.048279
1.0 -0.448315 0.939926 -0.243361 0.044260 0.040433 -0.049738
1.0 -0.320211 0.644862 0.508379 0.026340 -0.003218 0.035020
1.0 -0.808048 0.302853 -0.686026 0.009832 0.018494 -0.018976
1.0 0.785989 -0.338936 0.968865 0.001982 -0.022771 -0.043482
1.0 0.122347 0.818559 -0.971578 -0.021918 -0.045141 -0.037240
1.0 0.070969 -0.458389 -0.088141 0.034583 -0.002502 -0.026342
1.0 0.129182 0.350426 0.002388 -0.012435 0.013596 -0.025688
1.0 0.250223 -0.903602 0.828442 0.016178 0.007833 -0.015908
1.0 0.404492 0.730252 -0.719937 0.040163 0.011718 0.009464
1.0 -0.175254 0.039382 0.780396 -0.010606 0.007526 -0.001844
1.0 -0.009861 0.767442 -0.676733 0.048779 0.016623 -0.007028
1.0 0.816220 0.319624 0.856187 0.027394 0.033657 -0.021118
1.0 0.338930 0.143730 0.653720 0.037380 -0.049493 0.024254
1.0 -0.712591 -0.600405 0.358732 -0.031457 -0.012963 0.004858
1.0 0.391442 0.046574 -0.683747 0.005450 -0.002820 0.007926
1.0 -0.197227 -0.545490 -0.002474 -0.015125 -0.027860 0.044106
1.0 -0.333679 0.620334 -0.915319 0.044604 -0.007203 0.009054
1.0 -0.651502 0.977726 -0.758908 -0.044797 0.013963 -0.022281
1.0 -0.353020 0.156641 -0.388396 0.027085 -0.009850 0.020955
1.0 0.648844 -0.117570 -0.455500 -0.011358 -0.000338 0.004441
1.0 0.342799 0.723311 -0.465390 -0.012071 0.034894 0.014974
1.0 0.334127 -0.069296 0.316860 -0.010253 -0.042524 0.013326
1.0 0.517439 0.956844 0.779868 -0.023250 -0.017829 -0.016331
1.0 0.684157 -0.033663 0.590385 -0.032378 0.044479 0.008290
1.0 0.684355 -0.323102 0.654153 -0.046732 -0.042936 0.034181
1.0 -0.244623 0.529848 0.288049 -0.048949 0.033325 0.020020
1.0 -0.399066 0.969706 -0.567494 0.030589 -0.013650 0.006825
1.0 0.734760 -0.172046 -0.977060 0.027897 0.024909 0.000752
1.0 0.646905 0.038866 0.840674 -0.037089 0.002270 -0.023569
1.0 0.576860 -0.668837 0.368180 -0.006300 0.002313 0.049536
1.0 0.828066 0.785703 0.725934 -0.007814 -0.023109 -0.017408
1.0 0.542812 0.226175 0.103559 -0.007063 -0.048942 0.025821
1.0 0.166090 0.990714 -0.174956 0.031058 -0.018123 -0.042124
1.0 0.370393 -0.239291 0.301825 0.032895 0.045094 -0.040624
1.0 -0.674565 0.027976 -0.972897 0.030807 0.001208 0.019524
1.0 0.781319 0.003695 -0.008288 -0.043800 0.044141 0.002009
1.0 -0.610273 0.923863 -0.221289 -0.046520 0.012148 -0.024173
1.0 -0.655607 0.038189 -0.967534 -0.042656 0.008594 0.020463
1.0 -0.127400 0.785566 -0.412079 0.034068 -0.017654 0.015240
1.0 0.046785 0.105674 -0.919122 -0.011893 0.001200 -0.029171
1.0 -0.030403 -0.646061 0.286270 0.035802 -0.007215 0.013065
1.0 -0.296232 0.295707 0.408541 -0.043807 -0.036737 -0.048999
1.0 0.306249 -0.051883 -0.899787 -0.021140 -0.030130 -0.037043
1.0 0.117444 0.775996 0.006750 0.045522 -0.043564 0.005132
1.0 0.559670 -0.066965 0.203378 -0.033425 -0.006464 -0.009445
1.0 0.006575 -0.586106 -0.615591 0.019925 -0.023945 0.029500
1.0 -0.303085 -0.021648 0.229414 0.022479 -0.042745 -0.022942
1.0 0.587369 -0.030196 -0.384168 -0.013104 0.010983 0.030388
1.0 -0.598605 -0.791429 0.464201 0.026107 -0.039186 0.021831
1.0 0.839081 -0.679260 -0.594227 0.035683 -0.001924 -0.022613
1.0 -0.228848 0.994037 0.741213 0.007498 0.010990 0.019133
1.0 0.568584 0.894285 0.404307 -0.002981 -0.005968 -0.038565
1.0 0.517988 0.963104 0.143928 0.007404 0.002149 0.003200
1.0 -0.766173 -0.979208 0.496936 -0.041009 0.016009 -0.036276
1.0 -0.029234 0.236709 0.239450 0.007983 -0.006314 -0.021595
1.0 -0.927172 0.914001 -0.131765 -0.044769 -0.025584 0.015541
1.0 0.730732 -0.293903 0.764922 -0.011316 0.026581 0.033416
1.0 -0.916783 -0.033259 0.006977 0.035104 -0.046129 -0.037413
1.0 -0.634031 -0.241896 -0.167228 -0.029379 0.038892 0.004364
1.0 0.149939 0.630489 0.071454 -0.009088 0.027004 -0.029263
1.0 -0.944964 -0.531630 0.383570 0.038432 -0.043045 -0.030877
1.0 -0.512880 0.720409 0.902744 -0.013728 -0.045402 -0.035849
1.0 -0.101949 0.884849 0.789552 -0.033716 -0.043323 0.019485
1.0 -0.941844 -0.148527 0.307289 -0.049161 0.008444 0.036310
1.0 0.168832 0.019836 -0.482473 0.045070 0.029850 -0.016844
1.0 0.436664 0.872772 0.887639 -0.005085 0.035417 0.037908
1.0 -0.065199 0.758652 -0.726344 0.024886 0.041971 0.026665
1.0 0.214837 -0.847371 0.523622 0.023534 0.027592 0.035134
1.0 -0.801082 -0.617774 -0.677749 -0.039312 -0.004049 -0.001440
1.0 0.942165 -0.285507 -0.717219 0.027653 0.020803 -0.024054
1.0 0.945719 0.936655 0.622582 -0.021719 0.040522 0.041626
1.0 -0.826322 -0.684350 0.128017 0.049214 0.019486 0.040143
1.0 0.429260 0.363947 0.211468 -0.039612 0.010538 -0.034067
1.0 0.223733 0.493829 -0.229439 -0.033763 -0.041306 0.022620
1.0 0.595267 -0.409028 0.221061 -0.004293 0.032050 -0.003587
1.0 -0.970758 0.414167 -0.593473 0.024142 -0.033569 0.045266
1.0 -0.878964 -0.017885 -0.623929 -0.013192 0.013150 -0.028696
1.0 0.683452 0.323539 -0.336490 0.005438 0.049048 0.044870
1.0 -0.803481 0.682638 -0.536905 0.002056 0.044004 0.001774
1.0 0.652253 0.155183 0.577777 -0.009196 0.018399 0.046591
1.0 -0.277660 -0.211130 0.814064 -0.008123 -0.026347 -0.041514
1.0 -0.899242 0.642018 0.571847 0.008078 -0.035796 -0.013746
1.0 0.061473 -0.876898 -0.420269 0.021022 0.048455 0.012664
1.0 0.458946 0.643750 -0.041610 0.036348 0.044694 0.024163
1.0 0.929782 -0.673298 -0.923278 -0.019078 0.047634 -0.021086
1.0 -0.202032 0.071547 -0.842838 0.043068 -0.003725 0.038747
1.0 -0.635604 -0.949900 -0.954578 0.016766 0.029853 0.006259
1.0 -0.017493 -0.061349 0.244446 0.019960 0.011913 -0.006699
1.0 0.629289 0.732084 -0.475260 -0.009265 -0.036266 0.005813
1.0 0.602027 0.218208 -0.681382 0.039395 0.037157 0.021003
1.0 -0.143886 -0.298336 0.557882 0.024423 -0.039959 -0.000263
1.0 -0.090247 -0.427593 -0.248649 0.047619 0.016447 -0.022685
1.0 -0.370935 0.748825 -0.516624 -0.030443 -0.023048 0.048108
1.0 0.239741 0.347405 0.173907 -0.027805 -0.034660 0.010749
1.0 0.205507 0.362666 0.221807 0.027203 0.028310 -0.046666
1.0 -0.132504 -0.826817 0.899815 -0.022543 -0.023528 -0.027715
1.0 0.833562 0.838662 0.362226 0.017385 0.047941 -0.021897
1.0 0.555609 -0.678193 -0.400641 -0.038957 0.008742 0.008247
1.0 -0.796693 0.750352 0.658127 0.036561 -0.029245 0.045350
1.0 0.950647 0.354439 0.654836 -0.027368 0.043375 -0.036127
1.0 0.189373 0.361762 -0.257156 0.010228 0.038701 0.013149
1.0 0.909704 -0.374209 -0.820056 -0.001895 -0.030913 0.007768
1.0 -0.425446 -0.254486 0.579872 -0.015140 -0.039619 0.049513
1.0 -0.806577 -0.028071 -0.964875 -0.007365 0.017956 -0.026196
1.0 -0.802211 0.777328 -0.248067 -0.046670 0.032771 0.039604
1.0 0.012772 0.758260 0.159275 0.016089 0.047782 -0.034765
1.0 0.177691 -0.703236 0.738245 -0.030978 -0.003305 -0.042011
1.0 -0.666207 -0.053960 0.427907 0.030456 -0.042376 -0.039137
1.0 0.021459 -0.680897 0.883703 -0.003520 -0.030856 -0.043230
1.0 -0.381437 0.719958 -0.551898 0.007662 -0.025878 -0.040890
1.0 0.408741 0.887930 -0.498100 -0.001693 -0.006598 -0.022214
1.0 -0.768766 0.364358 -0.362726 0.014073 0.045695 -0.024084
1.0 0.724683 -0.959898 0.589329 0.030029 0.004174 0.022636
1.0 0.008298 0.678457 0.721652 -0.041877 0.007176 0.029212
1.0 -0.404037 0.771350 -0.994373 0.000280 -0.031325 -0.021969
1.0 0.591382 0.616574 0.199497 0.023415 0.027091 0.023124
1.0 0.081628 -0.892100 0.010776 -0.045569 -0.001887 -0.046649
1.0 0.104994 0.686194 0.426686 0.033462 -0.011649 -0.000481
1.0 -0.777954 0.167774 -0.250171 0.004003 -0.047957 -0.037045
1.0 0.379849 0.017361 0.611204 0.049252 -0.031711 -0.012640
1.0 -0.633526 0.745985 0.466642 0.006757 -0.030554 0.019818
1.0 0.863456 -0.850928 -0.786831 0.005827 0.049202 -0.016148
1.0 0.707927 0.114156 -0.525285 0.023750 0.045607 0.027647
1.0 0.314260 0.896029 -0.678133 0.018406 -0.001992 -0.043384
1.0 -0.619042 0.848964 0.163159 0.040891 -0.031284 -0.012245
1.0 -0.403484 0.808674 -0.300171 -0.027067 0.048755 0.040540
1.0 0.618351 -0.327214 -0.408920 -0.038629 0.040418 -0.035357
1.0 0.897700 -0.857794 -0.165200 -0.030002 -0.019790 0.047063
1.0 -0.781287 -0.601498 -0.018514 -0.021683 -0.026780 0.030544
1.0 0.551320 -0.184282 0.918785 0.048413 -0.020729 -0.020572
1.0 0.816757 0.245351 0.844237 0.013553 -0.023942 0.043515
1.0 -0.114427 0.774693 -0.067206 -0.006285 -0.033887 0.022023
1.0 0.936169 0.837514 0.021984 -0.033597 0.030767 0.040312
1.0 -0.877489 -0.684106 -0.842966 -0.038540 -0.015656 -0.000622
1.0 0.918669 0.821898 0.621716 -0.049556 -0.008100 0.021615
1.0 0.660394 0.876159 0.837405 -0.014660 0.017494 -0.045681
1.0 0.972852 -0.354177 0.031308 0.003463 0.036449 -0.046704
1.0 -0.787771 -0.928082 -0.708902 0.031053 -0.019876 -0.011638
1.0 -0.689697 -0.015851 -0.659872 0.024763 -0.002774 -0.016501
1.0 -0.177684 -0.712963 0.224732 0.012606 -0.017083 -0.043900
1.0 0.771733 -0.812556 -0.227136 0.017573 -0.018226 0.007584
1.0 -0.104937 0.129774 0.563477 -0.019538 -0.023830 0.042391
1.0 -0.289082 -0.500821 -0.392122 -0.025990 0.041666 0.042408
1.0 -0.862193 0.046947 0.040075 -0.046551 -0.028058 -0.032090
1.0 -0.715418 0.674488 0.621538 -0.016318 0.032034 -0.005595
1.0 -0.352822 -0.439812 -0.781483 0.039982 0.048828 -0.007474
1.0 -0.152303 -0.392405 -0.110482 -0.037695 0.019483 0.002374
1.0 0.333686 -0.379229 -0.942369 -0.010157 -0.038036 0.009985
1.0 0.399033 0.402244 0.183011 -0.006110 0.032222 -0.044892
1.0 -0.263057 0.139062 0.587215 -0.007413 0.007075 0.006443
1.0 0.648400 -0.715115 0.504409 -0.001885 -0.022656 -0.026625
1.0 -0.962708 -0.328633 -0.891955 -0.016914 -0.045256 0.005063
1.0 -0.552309 0.992705 -0.050659 -0.047657 -0.043383 0.045505
1.0 -0.095351 0.240737 0.931812 -0.049943 -0.009335 -0.047416
1.0 -0.133923 0.580005 0.465394 -0.003422 0.003921 -0.005795
1.0 -0.994730 0.521697 -0.306417 0.001559 0.003281 -0.049966
1.0 -0.301211 0.768557 0.571065 -0.028723 -0.013630 -0.040833
1.0 -0.534980 -0.417809 -0.292105 -0.048549 -0.014371 -0.048486
1.0 -0.637708 0.423978 -0.200796 0.044332 0.038994 -0.006618
1.0 -0.245034 -0.119058 -0.570711 -0.018932 0.008091 -0.015868
1.0 0.607945 -0.499876 -0.401851 0.043196 0.018753 0.005450
1.0 0.199869 -0.923996 0.464601 0.031382 0.037475 -0.048635
1.0 -0.996861 0.977600 -0.370720 -0.028993 -0.046796 -0.000252
1.0 0.278602 0.148812 -0.002876 -0.034687 0.015875 0.043234
1.0 -0.489795 -0.308778 0.867229 0.028131 0.000159 -0.015263
1.0 -0.549735 0.732683 -0.278871 0.006566 0.010707 -0.001855
1.0 -0.583101 0.249862 0.415645 0.001953 -0.012527 0.047622
1.0 -0.342286 -0.828642 -0.370781 0.022864 0.018295 -0.012887
1.0 0.145265 0.111554 -0.838470 0.030336 0.038359 0.034279
1.0 -0.656819 0.264264 -0.831827 0.028972 0.002835 -0.038203
1.0 -0.887535 0.171946 -0.763465 0.021597 -0.005570 -0.049771
1.0 -0.507660 0.157787 -0.282815 0.048857 0.040176 0.021710
1.0 0.154055 0.492447 -0.245979 -0.042653 -0.022150 0.007259
1.0 0.397828 0.251528 0.213577 -0.007738 0.013553 -0.001714
1.0 -0.093039 0.419169 -0.890698 -0.036989 -0.033674 -0.023063
1.0 0.873396 0.169173 0.940600 0.019328 -0.007577 -0.036474
1.0 -0.509356 0.104665 0.460092 0.025190 0.037777 -0.000136
1.0 -0.110998 0.774549 0.029884 0.046683 0.008736 -0.014671
1.0 0.111525 -0.607002 -0.198353 0.046235 0.011574 0.006821
1.0 -0.766838 -0.227471 -0.412040 0.042135 0.031760 0.024851
1.0 -0.379121 0.826836 -0.608001 -0.046907 0.027392 -0.028463
1.0 0.251669 0.456858 0.228074 0.017467 0.004899 0.045509
1.0 -0.852560 -0.614178 -0.782202 0.020829 0.008812 0.011739
1.0 0.916664 -0.009249 0.407590 -0.002497 0.041458 -0.005280
1.0 0.502112 0.754222 -0.659526 -0.041770 -0.017358 0.015672
1.0 0.915326 0.505869 -0.116357 -0.044048 -0.023752 -0.007861
1.0 -0.972002 0.946244 -0.985201 -0.030514 -0.012268 0.014791
1.0 0.882310 0.023544 -0.290933 0.007913 -0.026729 -0.016486
1.0 0.051168 0.882361 -0.691884 0.030293 -0.001183 -0.028732
1.0 0.845549 -0.157248 -0.507071 0.020956 -0.027812 0.029327
1.0 -0.747895 0.557164 -0.554035 0.042095 -0.039938 0.019030
1.0 0.960382 -0.574025 -0.921429 0.011417 -0.044492 0.010154
1.0 0.975530 -0.932638 -0.598522 0.047553 0.042560 -0.038052
1.0 0.790365 0.883031 0.644591 -0.030102 0.044679 0.033285
1.0 -0.080035 0.277798 -0.504906 0.048481 0.035921 -0.029082
1.0 -0.658841 -0.980787 0.634055 -0.047176 -0.017773 0.027802
1.0 0.868072 0.975989 0.108217 -0.043833 0.041484 -0.019738
1.0 0.751509 0.902183 0.046072 -0.041783 -0.028201 0.027311
1.0 0.844812 -0.904430 0.763795 -0.004860 -0.018995 -0.042844
1.0 -0.149828 0.837190 0.818458 0.005522 -0.012381 0.040185
1.0 0.888702 -0.955380 -0.077401 -0.017113 -0.037241 0.031193
1.0 0.028198 -0.443452 -0.013274 0.026982 0.004027 0.018731
1.0 0.716236 0.135606 0.321298 -0.033332 0.017383 -0.026566
1.0 -0.871789 0.687049 0.659851 -0.033458 0.025218 -0.033085
1.0 0.656147 0.081527 -0.105366 0.046344 0.039814 -0.041173
1.0 0.321086 -0.179899 0.967335 -0.026497 0.031299 0.033047
1.0 0.413715 -0.835873 -0.730842 -0.013916 0.045638 0.041361
1.0 -0.068295 -0.966323 0.837542 0.045600 -0.026805 0.006620
1.0 -0.811494 -0.099357 0.432623 -0.000467 0.044295 -0.041556
1.0 -0.520964 0.614655 0.689610 0.018149 -0.001474 0.047172
1.0 0.709481 -0.064090 -0.992447 -0.044659 0.017042 -0.001156
1.0 0.684919 0.556352 -0.299132 0.043371 0.013537 -0.010276
1.0 -0.600770 0.565670 -0.109668 -0.017615 0.046124 -0.046269
1.0 0.146572 0.846476 -0.903023 0.036205 -0.018850 -0.007292
1.0 0.889038 0.658692 0.725159 -0.018096 -0.037790 -0.031245
1.0 0.648207 -0.887470 0.702333 -0.027751 0.008365 -0.005374
1.0 0.428993 0.512480 -0.925686 0.021272 -0.000344 -0.003222
1.0 0.315282 0.054669 0.951875 0.018007 0.018299 -0.045759
1.0 0.280019 -0.889661 0.349387 0.014955 -0.048567 -0.044916
1.0 0.482322 -0.215600 -0.516325 -0.038084 -0.041065 0.017309
1.0 -0.249965 -0.701400 -0.832144 0.040415 0.042287 0.014842
1.0 -0.057101 -0.234752 0.402828 0.044198 0.045629 0.039471
1.0 0.619850 0.666261 -0.358460 0.033880 0.017846 -0.047951
1.0 0.461754 -0.295600 -0.807512 -0.046404 -0.019814 0.047406
1.0 0.931894 -0.079246 -0.842609 0.006149 0.013087 -0.011792
1.0 -0.377160 0.227869 0.325012 -0.003782 -0.008367 -0.025152
1.0 0.856769 -0.447906 -0.879928 0.005825 -0.049127 -0.049956
1.0 0.029218 0.744608 0.116617 -0.021547 -0.040252 0.007166
1.0 -0.176774 0.972554 0.101166 0.028985 -0.009145 0.049533
1.0 -0.116390 0.679407 -0.480704 -0.022032 -0.036337 0.041631
1.0 -0.948906 -0.219551 0.213768 0.024780 -0.042050 0.005040
1.0 -0.807711 -0.493563 0.592452 -0.039557 -0.010641 -0.021583
1.0 -0.378445 -0.101771 -0.505076 0.009209 -0.047389 -0.023213
1.0 0.431745 0.093013 0.320825 0.000703 0.009448 -0.010500
1.0 0.194672 -0.477011 -0.259892 0.007928 -0.006591 -0.040533
1.0 -0.257954 0.935527 -0.637565 -0.025143 0.011484 0.016441
1.0 -0.571522 -0.101199 0.996406 0.029224 -0.030304 0.007345
1.0 -0.157557 -0.043756 -0.616489 -0.000492 0.011899 0.042835
1.0 -0.795162 0.501574 0.727671 0.007761 -0.027925 0.033487
1.0 0.620886 0.745961 0.005378 -0.009653 -0.029818 -0.012816
1.0 0.855683 -0.990650 -0.264440 -0.025841 -0.020224 -0.010005
1.0 0.580286 -0.719303 -0.368844 0.015595 0.001910 0.040816
1.0 -0.656443 -0.272194 -0.010380 0.021674 0.038565 -0.043785
1.0 -0.532794 0.130048 0.777762 0.034636 0.044412 0.047453
1.0 -0.987823 0.665089 -0.504040 -0.017150 0.024568 -0.006671
1.0 -0.166066 0.124568 0.827369 0.026254 -0.037489 0.018419
1.0 -0.687705 0.618821 0.749863 -0.028809 0.004331 0.000500
1.0 -0.947711 -0.658040 0.698953 -0.011493 0.012191 -0.032757
1.0 0.623600 0.817623 -0.108549 -0.015068 0.039611 0.046496
1.0 0.434314 0.917402 -0.633853 0.027228 -0.017471 0.025697
1.0 -0.253824 -0.702690 -0.878409 -0.006179 0.022727 0.014918
1.0 0.935642 0.935151 -0.833935 -0.015157 -0.018140 0.034777
1.0 0.139755 -0.723446 0.522007 0.047664 0.020574 -0.038182
1.0 0.105767 -0.950321 0.171430 -0.039065 0.018413 -0.011996
1.0 -0.826764 -0.051444 -0.073906 0.029964 0.049660 0.026632
1.0 -0.019423 -0.740962 0.979068 -0.038688 0.030370 -0.025452
1.0 0.474076 -0.313763 0.462717 -0.041630 0.016689 0.048108
1.0 -0.742107 -0.044952 0.145304 0.026525 -0.007065 0.031157
1.0 0.001751 -0.341413 -0.441346 0.017207 0.046094 -0.005353
1.0 -0.749287 0.492714 0.352265 -0.006509 -0.035669 0.034706
1.0 -0.788745 0.834401 -0.728199 0.010176 0.009029 0.045800
1.0 0.655204 0.286744 0.703120 -0.010899 0.016187 0.031174
1.0 0.034335 -0.392517 -0.494438 0.041082 -0.004536 -0.023795
1.0 -0.263008 -0.019303 0.811099 -0.045418 0.030810 0.044964
1.0 0.064290 0.363815 0.083635 0.018727 0.036938 -0.010556
1.0 -0.876747 0.571803 0.527622 0.007291 0.034389 -0.017408
1.0 -0.470948 -0.782390 -0.567469 0.042228 -0.021999 -0.018451
1.0 -0.998368 0.347194 0.644534 0.037351 -0.017091 0.037285
1.0 0.341738 0.891584 -0.766240 0.010519 0.011964 0.016018
1.0 -0.992377 0.728321 0.298265 0.036661 -0.014450 -0.037147
1.0 -0.937809 -0.985412 0.581400 0.044257 -0.013146 -0.028944
1.0 -0.651171 0.497843 -0.053532 -0.003717 -0.032455 0.037724
1.0 0.685134 -0.128988 0.843330 -0.027942 -0.048323 0.032847
1.0 -0.310975 -0.267200 -0.841132 0.009878 0.033076 0.016417
1.0 0.874552 -0.718225 -0.447620 0.046758 0.022061 -0.008190
1.0 -0.546710 -0.400360 0.352680 0.014432 0.020825 0.012338
1.0 -0.142929 -0.279751 0.633406 -0.028879 0.002379 0.035615
1.0 0.462340 -0.260466 -0.572744 -0.040229 -0.000565 -0.049304
1.0 0.143636 -0.739497 0.078201 0.015795 -0.025885 -0.047977
1.0 -0.853260 0.569677 0.491220 -0.041667 -0.023349 -0.019024
1.0 -0.747339 -0.357343 -0.505385 -0.003936 0.036120 0.001319
1.0 -0.923431 0.398527 0.770011 -0.042297 0.031995 -0.040393
1.0 -0.303621 0.773383 0.522466 0.016116 0.012938 0.020899
1.0 -0.632715 0.035697 -0.967324 0.025198 0.014707 -0.029165
1.0 0.893125 0.976760 0.039780 0.044893 0.034081 0.005117
1.0 -0.551063 0.298299 0.909661 0.046348 -0.007577 -0.030017
1.0 0.749726 -0.614396 -0.844386 0.016888 -0.021150 0.034992
1.0 0.069528 0.666549 -0.463573 0.033960 0.004842 -0.018943
1.0 -0.246429 0.015406 0.256104 -0.044563 -0.014128 -0.039733
1.0 0.239657 0.912891 0.140792 0.041928 -0.042869 0.003643
1.0 0.119622 0.730550 0.943876 -0.024481 0.049146 -0.007055
1.0 0.098828 -0.626826 0.840633 -0.017721 0.041636 0.030058
1.0 -0.650482 -0.266532 0.788360 -0.027696 -0.031968 0.012951
1.0 0.451579 -0.329318 -0.462047 0.048798 0.038694 0.037011
1.0 0.475723 -0.865436 -0.234759 -0.045664 -0.014374 0.041526
1.0 0.450503 0.956222 0.198949 0.041820 -0.036099 -0.043257
1.0 0.601402 -0.474967 0.735271 0.045453 0.001676 0.000358
1.0 0.800669 0.008796 -0.689909 -0.044668 -0.005793 0.019644
1.0 -0.688189 0.672457 -0.693268 -0.007795 0.034793 -0.007090
1.0 -0.471059 -0.055847 0.291636 -0.048708 0.018976 -0.012459
1.0 0.409608 -0.769474 -0.025947 -0.004841 -0.001597 0.040876
1.0 0.302772 0.644186 0.888994 -0.033347 0.007650 0.030247
1.0 0.226420 0.976831 0.097928 0.006438 -0.001758 0.014913
1.0 0.451485 0.059441 0.260056 0.043045 -0.040873 0.048336
1.0 0.753154 0.548078 0.805692 -0.015562 0.027311 -0.013962
1.0 -0.708631 -0.015298 -0.045062 0.021891 0.030139 0.029037
1.0 -0.972063 -0.131903 -0.251335 0.025070 -0.006694 0.007804
1.0 -0.473606 0.603332 -0.980572 0.006917 -0.000676 -0.042747
1.0 -0.288067 0.645745 -0.660931 -0.028580 0.014228 0.048093
1.0 -0.082178 0.099244 -0.537323 -0.013507 0.008144 -0.007494
1.0 0.219685 -0.359429 0.194171 0.001248 0.004961 -0.007517
1.0 -0.421620 -0.504129 -0.042325 0.044415 -0.037636 -0.047070
1.0 0.524691 -0.165086 -0.522472 -0.034444 -0.024533 -0.003652
1.0 -0.334159 0.536630 -0.893911 0.015730 0.032753 0.008714
1.0 -0.437693 0.420545 -0.735364 0.023857 0.024644 -0.026002
1.0 -0.812380 -0.345922 -0.166428 0.020627 0.005236 0.013112
1.0 0.687446 0.563260 -0.603951 0.028341 -0.043728 0.040143
1.0 0.470641 -0.328579 0.497314 0.049275 0.040501 0.042133
1.0 0.940083 -0.265349 0.201820 -0.027396 0.038421 -0.000915
1.0 0.322254 0.373694 -0.384873 -0.017378 0.006973 -0.042758
1.0 0.715900 0.895863 -0.333740 0.039476 0.032849 0.049401
1.0 0.309417 0.103906 -0.795861 -0.020017 -0.044414 -0.012053
1.0 0.765552 0.364751 -0.103826 0.047956 -0.044000 0.038329
1.0 0.450514 -0.756382 0.023666 0.035395 0.015075 0.004835
1.0 0.575170 0.132227 -0.312481 0.020049 0.042979 -0.001733
1.0 -0.328636 -0.636480 0.832834 0.019486 0.019407 -0.028236
1.0 -0.165925 -0.325154 -0.083320 0.049815 -0.031112 0.029883
1.0 0.229660 0.438400 0.483024 -0.044439 0.035748 0.026916
1.0 0.015814 -0.749562 -0.247447 0.038168 -0.048299 0.027331
1.0 0.148412 -0.892171 0.864640 -0.019411 -0.028827 0.045005
1.0 -0.308362 -0.177026 -0.894991 -0.045445 0.013988 -0.019077
1.0 -0.152209 -0.394450 0.776025 -0.040099 0.049443 -0.024108
1.0 -0.205059 0.040856 -0.578121 -0.045995 -0.034959 -0.036609
1.0 0.976772 -0.885045 -0.152909 -0.033063 -0.004988 0.013108
1.0 0.251194 -0.282379 -0.035221 0.044144 0.047843 -0.042398
1.0 -0.458584 -0.301589 0.537997 0.021139 -0.028841 0.000837
1.0 0.443088 0.338334 -0.236378 -0.044734 -0.023366 0.028747
1.0 0.436602 -0.015050 0.781594 0.045536 -0.000168 0.016689
1.0 -0.237510 0.626671 0.735628 -0.028590 -0.048932 0.024638
1.0 -0.435560 0.413796 -0.034468 -0.005385 0.037153 -0.002529
1.0 0.469528 -0.914169 0.473834 -0.011571 0.010484 0.007783
1.0 0.459680 -0.964917 0.778130 0.023340 0.025817 -0.038300
1.0 -0.510966 -0.283430 -0.907071 0.026003 -0.004945 -0.029296
1.0 0.216009 0.236041 0.318098 -0.039222 -0.026188 -0.038347
1.0 -0.530570 -0.813033 0.981647 -0.033171 -0.006151 0.023464
1.0 -0.795574 -0.255647 -0.842652 -0.006333 0.007725 -0.038195
1.0 -0.747962 -0.155289 0.167096 0.001155 -0.021111 0.042214
1.0 -0.448886 0.381525 0.947724 -0.018690 0.017584 0.017718
1.0 -0.858833 0.501790 0.945736 0.022804 0.046603 0.003464
1.0 0.321141 -0.813613 0.008387 -0.014212 0.010990 0.033300
1.0 -0.939435 0.013817 0.191999 -0.047179 0.019932 -0.009113
1.0 0.994631 0.136862 0.428770 0.021532 0.033542 0.042241
1.0 -0.633966 0.810012 0.766941 0.009320 -0.013526 -0.003543
1.0 0.263861 -0.599669 0.305876 0.030862 -0.038761 0.033865
1.0 -0.540930 -0.321299 0.995749 0.028516 0.001741 0.015823
1.0 -0.047972 -0.729508 0.334185 0.040671 0.031599 0.040946
1.0 -0.518613 -0.697051 0.742474 -0.046390 -0.040525 -0.004924
1.0 0.885018 0.863924 0.863082 0.020911 0.049872 -0.027467
1.0 0.659718 0.370575 -0.094529 0.037801 0.038194 -0.035493
1.0 -0.596210 0.482057 -0.006562 0.048071 0.016365 -0.028740
1.0 -0.772502 0.314024 0.925344 0.015676 0.042863 -0.036260
1.0 -0.973205 0.544386 -0.419430 0.043591 -0.034266 -0.039806
1.0 0.691067 0.239522 0.669144 0.004772 0.008772 -0.045600
1.0 0.199941 -0.279186 -0.686349 0.047716 -0.011092 0.007558
1.0 -0.199379 -0.534340 -0.542918 -0.026166 -0.037032 0.005234
1.0 -0.775954 -0.254281 0.427360 -0.049361 -0.043545 0.016777
1.0 -0.750177 0.347046 0.825160 0.030071 -0.020290 -0.029852
1.0 0.733097 -0.256875 -0.536013 0.031978 0.045922 0.037278
1.0 0.915972 -0.963864 0.910443 0.040752 0.013921 0.031202
1.0 0.526859 -0.711062 -0.202791 0.027693 0.029725 -0.007231
1.0 0.569478 -0.986404 -0.103031 0.025355 -0.030108 0.037533
1.0 -0.524028 0.342157 -0.099346 0.016908 -0.042217 -0.025865
1.0 -0.046591 0.144660 -0.745637 -0.044159 0.034422 -0.010235
1.0 0.069804 -0.334515 0.934386 0.047550 0.044718 0.024747
1.0 -0.501626 -0.093845 0.763349 0.004029 -0.048120 0.007837
1.0 -0.255497 0.886501 -0.672193 -0.004998 0.004017 0.031335
1.0 0.442271 -0.087586 0.681211 -0.013992 0.025544 -0.039510
1.0 -0.384552 0.068161 0.360782 0.037187 -0.031742 -0.014827
1.0 -0.796605 -0.294580 0.312249 0.010322 0.041374 0.026699
1.0 -0.164840 0.707731 0.635968 -0.031102 -0.030895 -0.021139
1.0 -0.721265 -0.665982 -0.998594 0.048539 0.003687 0.007297
1.0 -0.400705 0.880851 -0.002053 -0.010994 0.026578 0.020808
1.0 0.024060 0.644440 -0.407965 -0.007407 -0.025735 0.007664
1.0 -0.580185 0.497544 0.214019 0.028301 -0.031132 0.012457
1.0 0.486134 -0.812663 0.985879 0.033895 0.015100 -0.020801
1.0 0.070142 -0.232252 -0.874801 0.027480 0.037570 0.034829
1.0 0.297362 -0.576534 -0.314156 0.039355 -0.029597 -0.007861
1.0 -0.216973 -0.665604 -0.333713 -0.031353 -0.021911 0.007557
1.0 -0.050685 -0.700152 -0.277422 0.049009 -0.038908 -0.005374
1.0 -0.591205 0.449703 0.907459 -0.017018 -0.041838 -0.016882
1.0 -0.543499 0.446177 0.390869 0.046404 0.009095 0.015349
1.0 0.062736 0.012910 -0.309504 -0.008580 -0.018230 0.041248
1.0 0.489331 -0.788968 -0.557458 -0.034525 -0.023697 -0.025992
1.0 -0.663428 -0.990608 0.274143 -0.024344 -0.034705 0.040709
1.0 -0.202889 -0.487191 0.102526 -0.044351 0.047725 -0.001584
1.0 0.856808 -0.167622 -0.258996 0.022167 0.048248 -0.026524
1.0 0.780150 -0.359726 0.750705 0.005332 0.024434 -0.029660
1.0 0.593520 0.824513 -0.899707 -0.049693 -0.037338 0.045581
1.0 0.169272 -0.968520 0.546850 0.000796 0.043571 -0.019519
1.0 0.217855 0.278325 -0.006814 -0.029389 -0.016109 0.041927
1.0 -0.394520 -0.586811 -0.407017 -0.020094 0.048006 0.012131
1.0 -0.791652 -0.680954 -0.500679 0.020765 -0.047017 -0.027745
1.0 -0.534576 -0.599397 0.444058 -0.044579 -0.035986 0.000223
1.0 0.008746 0.246643 -0.416152 0.040562 0.016763 0.022124
1.0 0.138266 -0.773970 0.092153 -0.046551 0.048468 -0.021463
1.0 -0.141684 -0.388900 -0.481284 -0.038290 0.002616 0.022094
1.0 0.710397 0.241015 -0.191254 -0.037460 0.048813 0.048286
1.0 -0.330190 0.902333 0.060305 -0.029134 0.012671 -0.041978
1.0 -0.069663 0.512515 0.737027 -0.047295 -0.018373 -0.004820
1.0 -0.905691 -0.003532 0.557073 -0.001194 0.049042 0.046463
1.0 -0.531182 -0.340676 0.061826 -0.042490 -0.005595 0.030629
1.0 -0.904740 0.329197 0.379280 0.039368 -0.000804 0.045552
1.0 0.594773 -0.730042 0.350658 0.048478 0.031149 0.039503
1.0 0.824468 -0.186436 -0.432591 0.042251 -0.035590 0.014848
1.0 0.592623 0.844127 0.512218 0.028264 0.020888 0.044560
1.0 0.692604 0.086831 0.526858 0.035445 -0.037592 0.048168
1.0 0.386005 -0.067381 0.069866 -0.047281 -0.013145 0.002911
1.0 -0.404463 -0.023442 -0.821638 0.043549 0.004594 -0.013392
1.0 0.612068 -0.673586 -0.559914 0.026696 0.026490 0.030362
1.0 0.879596 0.136499 -0.171264 -0.037346 0.029644 0.014637
1.0 -0.334164 0.483109 -0.694709 -0.024736 -0.034341 -0.014259
1.0 0.687600 -0.969368 -0.222661 -0.035272 -0.045868 -0.031532
1.0 -0.997165 0.347338 -0.400178 0.034206 0.046816 -0.003685
1.0 -0.764265 -0.672179 0.619280 0.047506 0.039989 -0.038344
1.0 -0.281387 -0.153474 0.347283 -0.027276 -0.026862 0.007569
1.0 -0.684556 -0.038262 0.087474 0.041011 0.007586 -0.045235
1.0 0.207230 0.417563 -0.447362 0.024680 -0.044736 0.048527
1.0 -0.437047 -0.007896 -0.407683 -0.010559 -0.016341 -0.038313
1.0 -0.689445 -0.854235 0.905197 -0.017093 0.012265 0.034586
1.0 0.544462 -0.735948 -0.609346 0.037524 0.010860 0.012702
1.0 0.521072 0.569946 0.876435 -0.032150 0.022892 0.049065
1.0 -0.551987 0.718632 0.071108 -0.042960 0.032874 0.011274
1.0 0.561183 0.533177 0.858879 0.002631 0.000121 -0.016475
1.0 0.175617 0.713286 0.003241 0.017035 0.046565 -0.040129
1.0 -0.737798 -0.565693 -0.069429 0.032767 -0.044287 -0.035702
1.0 -0.955424 0.071613 0.848233 -0.018421 -0.042495 0.008346
1.0 0.088861 -0.813086 -0.295947 -0.001859 -0.035299 -0.001515
1.0 -0.430100 -0.455072 0.586030 -0.024237 -0.017748 -0.023136
1.0 -0.118135 -0.487260 -0.833772 -0.044404 -0.014777 -0.002422
1.0 -0.526769 0.485713 0.543734 0.007887 0.046112 -0.001102
1.0 0.268210 -0.892217 -0.743569 -0.039063 -0.016662 0.040142
1.0 0.291583 -0.820485 -0.604065 0.017917 0.033369 -0.001732
1.0 -0.359698 -0.560430 0.584156 0.002456 0.018637 -0.043051
1.0 -0.181356 -0.297783 -0.224943 0.030096 0.004726 -0.011853
1.0 0.421309 -0.563818 -0.039172 -0.045088 -0.036846 -0.038105
1.0 -0.590891 0.018613 0.223656 -0.031064 -0.033363 -0.036706
1.0 -0.108756 0.375090 0.528472 -0.023364 -0.044075 0.012794
1.0 0.669855 0.377493 0.601437 -0.031751 -0.022035 -0.017614
1.0 0.762052 0.022059 0.506118 0.042930 0.022743 0.008806
1.0 -0.187361 0.284501 0.781854 -0.039318 0.010547 -0.028788
1.0 -0.515328 0.573602 0.607217 0.018739 -0.010354 0.034211
1.0 0.165133 -0.942998 0.368398 -0.047378 -0.043839 0.031449
1.0 0.943494 0.324994 -0.137506 -0.017185 -0.009968 0.012037
1.0 -0.239127 -0.405149 0.874003 0.035550 -0.016231 0.023326
1.0 0.122995 -0.609270 -0.439650 -0.035256 0.033796 0.007168
1.0 -0.491771 -0.890011 -0.061272 -0.015685 0.022414 0.027187
1.0 0.589502 -0.444580 0.725601 0.002391 0.010660 -0.001817
1.0 0.055681 0.462337 0.870679 -0.046815 -0.025810 0.024115
1.0 0.205021 -0.179170 -0.369664 0.010043 0.024731 -0.045971
1.0 -0.796572 -0.861298 0.345345 -0.012433 0.029093 0.008075
1.0 0.365513 -0.530138 -0.110724 -0.039793 0.010728 -0.019101
1.0 0.826544 -0.540375 0.475776 0.006511 -0.047477 -0.021198
1.0 0.662032 -0.085963 -0.557040 0.018561 0.031874 0.012523
1.0 -0.431308 -0.111518 0.966179 -0.048735 -0.047923 0.022808
1.0 -0.396724 0.567072 0.509099 0.039438 0.025183 0.031822
1.0 0.801767 -0.987027 0.703982 -0.047023 0.021336 -0.048463
1.0 0.996044 0.546530 -0.105935 0.047219 0.032453 -0.022950
1.0 0.505079 -0.016264 0.353999 0.049258 -0.049117 -0.002802
1.0 0.412637 -0.020202 -0.037915 -0.029454 -0.019844 -0.035768
1.0 -0.638910 -0.079159 0.005329 -0.021744 -0.014351 -0.012312
1.0 0.440414 0.135074 0.946398 -0.005447 0.033030 0.035514
1.0 0.430230 0.503764 0.633233 0.018696 -0.036478 0.025480
1.0 -0.071395 -0.743073 0.419812 -0.041445 0.003053 0.038410
1.0 -0.245988 0.027186 -0.578581 -0.001012 0.015533 0.046958
1.0 -0.499673 0.119474 0.808056 -0.026640 0.008441 -0.026009
1.0 -0.425481 -0.864233 -0.669991 0.013232 0.008340 -0.045342
1.0 0.363190 -0.491696 0.402464 -0.014576 -0.048873 -0.039554
1.0 0.164609 0.004951 -0.510754 -0.029126 -0.017431 -0.018602
1.0 0.229144 0.522928 -0.113182 0.006018 -0.022898 0.030485
1.0 -0.880366 0.356496 -0.756761 -0.029373 -0.049991 -0.040160
1.0 -0.989235 -0.273050 0.811584 0.011647 0.038677 0.012324
1.0 0.563535 -0.205749 -0.101691 -0.012645 0.010181 -0.029472
1.0 -0.294797 0.536808 0.041456 -0.046513 -0.008502 -0.015812
1.0 0.905566 0.683351 -0.701917 -0.002580 0.002219 0.037185
1.0 -0.068425 0.774802 0.418798 -0.045993 -0.048387 0.028059
1.0 -0.953996 -0.165773 0.468140 -0.021088 0.022423 0.042139
1.0 -0.149270 0.099606 0.762943 -0.013269 0.004140 0.023816
1.0 0.924385 -0.596770 0.471647 -0.031256 0.025686 -0.049395
1.0 -0.706442 -0.065583 -0.387136 -0.038636 -0.028243 -0.001375
1.0 0.922829 -0.106921 0.041968 -0.036760 -0.019453 0.032736
1.0 0.163578 -0.675552 -0.636663 -0.002555 0.020351 -0.026855
1.0 0.144776 -0.991795 0.278623 -0.042242 0.000106 0.002673
1.0 -0.475031 -0.206145 0.154708 -0.032191 -0.005362 0.028059
1.0 0.676521 0.572005 -0.035960 -0.012023 0.047223 -0.034021
1.0 0.131847 -0.666111 -0.306689 0.014674 -0.019563 -0.046293
1.0 -0.784684 0.260968 0.499977 -0.016180 0.030090 -0.002916
1.0 0.847546 -0.915975 0.944380 -0.031153 0.033730 0.033509
1.0 0.127349 -0.526150 -0.370821 0.047482 0.015167 -0.013159
1.0 -0.742237 -0.774349 0.190677 -0.015173 0.039401 0.035538
1.0 0.775979 0.739719 0.575659 0.031656 -0.025429 -0.024981
1.0 0.310314 0.226810 0.202494 -0.043489 0.017008 -0.005232
1.0 -0.316279 0.103654 0.459214 0.048918 0.002364 -0.032281
1.0 -0.963445 0.871948 -0.154264 0.025351 -0.020984 0.022499
1.0 -0.794659 -0.064880 -0.091755 -0.045600 -0.036154 -0.010967
1.0 -0.245078 -0.907141 -0.797849 -0.017909 0.045405 0.024883
1.0 0.283431 0.275771 -0.111664 0.031044 0.006166 0.021589
1.0 -0.648471 -0.232011 -0.765292 -0.040165 0.030562 0.044979
1.0 -0.581414 0.905688 -0.878602 -0.044751 0.022109 -0.020420
1.0 0.287467 0.353735 -0.480162 0.021467 -0.014197 -0.013254
1.0 0.358808 -0.355187 -0.841656 0.012965 -0.045903 -0.022669
1.0 0.064961 0.247997 0.992261 -0.035915 0.048671 -0.027170
1.0 0.778396 0.906058 0.167067 -0.015213 0.029234 0.008427
1.0 0.779905 0.237948 -0.835316 0.008738 -0.038489 -0.011499
1.0 0.590116 0.670199 0.122700 0.041736 0.039262 0.032218
1.0 0.642116 -0.307864 0.373272 -0.008541 -0.024900 0.007056
1.0 -0.502530 0.947445 -0.131887 0.026547 -0.033087 -0.017074
1.0 0.608520 0.041505 -0.773486 0.041442 -0.023124 0.039628
1.0 -0.694927 -0.399946 -0.142497 0.037257 0.030093 0.015104
1.0 -0.952098 -0.255139 0.188280 -0.037646 -0.030709 0.046524
1.0 0.573065 -0.840109 0.811272 -0.004776 0.008295 0.016190
1.0 0.325073 -0.552093 -0.248254 0.037391 0.018584 -0.031180
1.0 -0.689145 0.254138 0.593577 -0.005800 -0.031355 -0.024854
1.0 -0.536767 0.796159 0.334363 0.030250 0.005376 -0.014732
1.0 -0.042960 -0.071089 -0.541423 0.019818 -0.015425 -0.000437
1.0 0.461263 -0.816819 -0.069376 0.044811 -0.020220 0.020540
1.0 0.915902 -0.568733 -0.986790 0.019395 0.020202 0.015180
1.0 0.404492 -0.267672 0.764877 -0.004726 -0.025918 -0.034486
1.0 0.147912 -0.707209 -0.074305 -0.012464 -0.003097 -0.041065
1.0 -0.365947 0.823907 0.627529 -0.031839 -0.001752 0.022581
1.0 0.692764 -0.883062 0.641750 -0.047976 -0.000925 -0.001685
1.0 0.889911 -0.627398 -0.827544 -0.016055 0.049601 -0.016511
1.0 -0.149388 -0.970087 0.894712 -0.043939 0.007020 -0.016752
1.0 -0.946836 -0.044554 -0.906027 0.003022 -0.007386 0.002761
1.0 0.508712 0.167507 0.524552 0.016706 0.003951 -0.048472
1.0 0.386287 0.526387 0.948199 0.027895 0.044617 0.018670
1.0 0.157924 0.625164 0.648957 0.023847 -0.029083 0.040031
1.0 0.592813 0.593472 -0.840052 -0.026900 0.019881 -0.008864
1.0 0.613566 0.711265 0.318588 0.010879 -0.001126 -0.043142
1.0 -0.207622 0.278641 0.259245 -0.032011 -0.025149 0.016628
1.0 0.010704 0.151486 0.487178 0.036816 0.009952 0.037957
1.0 0.104218 0.549704 0.796478 0.041294 -0.045695 -0.031171
1.0 -0.928402 0.365056 -0.887224 -0.049877 0.001684 0.048735
1.0 -0.316487 0.989312 0.079084 -0.002094 -0.012307 0.012681
1.0 -0.989703 0.064484 -0.995043 -0.035287 -0.026073 -0.026707
1.0 0.301109 0.390701 0.767570 0.049260 0.042296 0.046256
1.0 0.265100 -0.390640 0.034057 0.028466 -0.048846 0.041244
1.0 0.044160 0.095318 -0.217980 -0.003085 -0.019589 -0.030463
1.0 0.801882 -0.636359 -0.310393 0.007276 0.024453 0.004953
1.0 -0.313520 0.366209 0.935037 -0.041313 -0.013332 -0.024584
1.0 0.827402 0.071178 0.638118 0.033283 -0.007871 0.018919
1.0 0.670494 -0.538755 0.764350 0.040447 0.039220 -0.026050
1.0 0.595169 0.107117 -0.684358 0.015094 -0.022963 0.043648
1.0 0.517988 0.719127 -0.192345 0.030246 -0.000628 0.045622
1.0 0.783525 0.796617 -0.511243 0.036867 -0.000916 -0.027952
1.0 0.747261 0.940174 -0.295828 0.045200 0.043021 -0.005708
1.0 0.082279 -0.663403 0.708350 0.046974 0.009335 -0.047478
1.0 -0.407950 -0.676553 -0.636657 -0.046033 0.045451 -0.039090
1.0 -0.700429 -0.074914 -0.540078 -0.048350 0.024865 0.036551
1.0 0.884329 0.062393 0.744494 -0.046693 -0.032388 -0.006414
1.0 -0.266016 0.167879 -0.714479 0.004104 0.041016 -0.020876
1.0 0.659628 0.414843 -0.170034 0.007372 -0.045267 -0.030475
1.0 -0.755810 -0.805598 -0.902298 -0.019447 -0.045825 -0.011839
1.0 -0.975370 0.164586 -0.136609 0.019766 0.016020 0.031586
1.0 -0.496511 0.542464 -0.547751 0.033375 0.047171 -0.027715
1.0 -0.109842 -0.501903 0.622845 0.008478 0.040314 0.035125
1.0 -0.792082 0.839740 -0.314918 -0.006398 0.014778 -0.047738
1.0 0.138291 0.511131 0.225664 0.046815 -0.001521 -0.030001
1.0 -0.282021 0.478667 -0.538095 0.008733 0.038256 0.011264
1.0 -0.700689 -0.978956 -0.788011 -0.014267 0.036927 -0.029540
1.0 0.067584 0.943341 0.064499 -0.024840 0.029661 -0.043972
1.0 -0.474764 0.640840 -0.126064 -0.032248 0.026889 0.047723
1.0 -0.276603 0.265553 -0.150536 -0.000754 -0.034030 -0.041542
1.0 -0.335087 0.503622 -0.681565 0.043929 -0.006997 0.001027
1.0 -0.152873 0.505553 -0.336996 0.046014 0.000004 -0.042414
1.0 -0.768940 0.886900 -0.346376 -0.007775 -0.041616 0.013989
1.0 -0.566443 -0.439729 -0.410052 0.039674 0.009142 0.039103
1.0 -0.613604 0.498158 -0.724092 0.045770 -0.046764 0.014947
1.0 -0.511063 -0.903894 0.970160 -0.009671 -0.004606 0.044602
1.0 -0.293618 0.045374 -0.374405 0.025467 -0.043149 0.023894
1.0 0.497821 -0.329075 -0.146908 -0.025022 0.005871 -0.011612
1.0 -0.907151 -0.716164 -0.381817 0.008719 -0.009928 -0.042190
1.0 -0.544778 0.184354 -0.835252 -0.024274 0.021615 -0.026195
1.0 -0.940177 0.989873 0.866198 0.029752 0.023871 0.040531
1.0 0.271358 -0.668630 -0.847052 -0.017893 0.043015 0.004773
1.0 0.311684 -0.403622 0.665172 -0.029154 -0.011069 -0.017855
1.0 -0.139118 -0.940959 -0.472506 0.045858 -0.007965 0.035121
1.0 0.336540 0.030406 -0.268115 -0.022670 0.038903 0.008020
1.0 -0.096567 0.165000 0.414098 -0.032282 0.015899 0.045628
1.0 0.674257 -0.716336 0.202933 0.026380 -0.041567 -0.013223
1.0 -0.214186 -0.868759 0.988065 -0.005511 -0.016864 -0.005818
1.0 -0.166694 -0.553386 0.123091 -0.033003 -0.005129 0.015637
1.0 -0.416390 -0.972331 -0.865815 -0.034315 0.012500 0.035769
1.0 -0.188626 -0.952504 -0.153059 -0.006133 0.006540 -0.008268
1.0 -0.452544 0.897208 0.793312 0.009469 -0.042091 0.030588
1.0 0.328762 -0.647904 0.528792 0.036174 -0.006195 0.049479
1.0 -0.036573 0.547666 0.937098 0.045694 -0.024014 0.029845
1.0 0.022925 -0.877817 -0.835947 -0.016757 -0.048321 0.046310
1.0 -0.349857 0.852020 0.594593 0.038969 0.044598 0.032083
1.0 -0.249700 0.338463 -0.189418 0.028052 0.032217 0.008633
1.0 0.174166 0.814972 -0.639105 0.048369 -0.036311 0.003832
1.0 0.520482 0.582714 -0.128262 0.004219 0.023941 0.032505
1.0 0.953482 0.497294 -0.614747 -0.025307 0.004759 0.039715
1.0 -0.060524 -0.143971 0.158776 0.040101 0.048405 0.012772
1.0 -0.867684 0.398352 -0.887145 -0.008079 0.001572 -0.011509
1.0 -0.458694 0.728684 -0.351868 -0.040732 -0.013775 -0.019771
1.0 -0.106736 0.328260 -0.277387 0.012054 0.025089 0.006701
1.0 0.737291 -0.703708 0.454816 -0.046510 -0.006780 -0.014577
1.0 -0.722714 -0.537355 0.879903 0.007233 -0.001037 0.032676
1.0 0.661338 0.110887 0.356113 0.006504 0.017422 0.032566
1.0 -0.537414 -0.844775 0.527384 0.008570 0.035939 -0.003171
1.0 0.749768 0.787617 0.195636 0.020092 -0.046036 0.033447
1.0 0.646677 -0.511613 0.255144 0.043556 0.020915 -0.008772
1.0 0.764419 -0.743900 0.868187 -0.043985 0.038500 0.004764
1.0 -0.626816 0.482834 0.946103 0.024402 0.028321 0.039450
1.0 -0.610395 -0.970589 -0.713254 -0.023912 0.003963 0.047042
1.0 -0.648855 0.145368 -0.093137 -0.006766 -0.004636 -0.028883
1.0 0.852081 -0.600009 0.817852 0.031092 0.026427 0.012942
1.0 0.881238 -0.506344 -0.605886 0.028597 -0.001093 0.016561
1.0 -0.467091 0.265952 0.926013 0.019623 -0.012691 -0.015345
1.0 -0.724443 -0.485956 0.343890 0.011166 -0.024008 -0.049587
1.0 -0.392766 0.542459 -0.084499 0.012573 0.004692 -0.035041
1.0 -0.278161 -0.335924 0.398972 -0.018108 -0.043970 0.047938
1.0 0.132044 0.443242 0.026140 -0.036782 0.025375 0.020236
1.0 0.144846 -0.514324 -0.077312 0.012197 -0.000544 0.033179
1.0 0.954446 -0.438141 0.326607 0.014325 0.019217 -0.005289
1.0 -0.754945 -0.739013 -0.646112 -0.030179 -0.036414 -0.036483
1.0 0.145288 -0.518295 0.463720 0.018123 -0.010747 0.030066
1.0 -0.190616 -0.594919 0.585994 -0.022027 0.046055 -0.021969
1.0 0.945605 0.095216 -0.227322 -0.033721 -0.038772 0.040327
1.0 0.018445 0.275513 -0.721243 0.000856 0.049078 -0.046696
1.0 0.731539 0.408370 -0.006580 0.044897 0.001589 -0.031473
1.0 -0.069152 -0.144169 0.588147 0.040965 0.028126 -0.014361
1.0 0.504818 0.943118 0.113448 -0.034925 -0.002699 -0.035290
1.0 0.316408 0.030020 0.277155 -0.001601 -0.027805 0.004789
1.0 -0.376323 -0.769112 -0.982669 -0.030129 -0.044491 -0.021836
1.0 -0.055440 0.469965 0.254264 -0.021309 0.049071 -0.035295
1.0 0.815694 0.059062 -0.504096 -0.046359 0.022076 0.020578
1.0 -0.384877 0.941981 0.965848 0.021246 0.030782 0.031548
1.0 0.834756 0.389391 0.117372 -0.027016 -0.001129 -0.002478
1.0 0.102800 0.643924 -0.825437 0.035133 0.028962 -0.045214
1.0 0.058811 -0.766528 -0.392340 0.043293 0.027051 0.015542
1.0 0.099099 0.627913 0.049030 0.035173 -0.017217 0.002189
1.0 0.793390 0.695996 -0.300122 0.029200 -0.027744 -0.006225
1.0 -0.623185 0.264247 0.216554 0.027191 -0.003240 -0.003805
1.0 -0.473393 -0.051565 0.172320 0.014396 0.035286 -0.036890
1.0 0.074282 0.134253 0.616030 0.024990 -0.019422 0.044891
1.0 -0.597753 0.648617 -0.410804 -0.023704 -0.001045 0.031098
1.0 -0.839991 -0.953966 -0.066008 0.038208 -0.012775 -0.032566
1.0 -0.065251 -0.326705 0.685525 -0.035431 -0.006725 0.044521
1.0 0.001806 0.755970 -0.243484 -0.046393 -0.011424 0.022134
1.0 -0.596232 -0.413329 0.233177 0.014016 0.003571 -0.027752
1.0 -0.556878 -0.334866 -0.858125 0.029421 0.000378 0.005680
1.0 -0.380589 0.944076 -0.645595 -0.003927 -0.015921 -0.031484
1.0 -0.741453 -0.461144 0.601930 0.020503 -0.045507 -0.034135
1.0 -0.737934 0.565979 -0.887514 -0.048997 0.030183 0.018505
1.0 0.342722 -0.505344 0.244293 -0.037718 -0.009708 0.022087
1.0 0.466415 -0.481631 0.710050 0.016353 0.040368 0.036727
1.0 -0.625869 -0.013840 -0.114026 -0.008681 -0.048585 0.009617
1.0 -0.083189 -0.490724 0.260689 -0.023629 0.001169 0.042145
1.0 0.309433 0.976014 0.318694 0.001742 0.009608 -0.042517
1.0 0.091241 0.305956 -0.130859 -0.025845 -0.034893 -0.010319
1.0 0.740859 0.211636 -0.542085 0.034446 0.007011 -0.047845
1.0 0.607110 -0.390433 0.448238 -0.035719 0.042275 0.016194
1.0 -0.371763 0.302017 -0.773110 0.020154 0.024124 0.001358
1.0 -0.757945 -0.383382 0.335354 -0.022664 -0.026699 0.044771
1.0 0.147289 0.079227 0.662703 -0.006854 0.005957 0.037683
1.0 -0.577768 -0.337953 -0.851156 -0.045240 0.001100 0.040170
1.0 0.017059 -0.426388 -0.653819 -0.032392 0.013069 0.021167
1.0 0.372135 -0.116535 0.411522 0.011861 0.009270 0.031511
1.0 -0.422246 -0.674492 -0.881408 0.004482 0.043816 -0.027868
1.0 0.888684 -0.765389 -0.032678 -0.003587 0.044125 0.044030
1.0 -0.499643 -0.578742 -0.651293 -0.038797 -0.035218 0.004901
1.0 0.371114 0.488757 -0.899206 -0.026186 0.011432 0.033133
1.0 0.376359 -0.074885 -0.238927 0.031362 -0.039184 -0.038177
1.0 0.553117 0.890258 0.674399 0.024573 0.032350 -0.001669
1.0 -0.683568 -0.728232 0.861744 0.023666 -0.005650 -0.010475
1.0 -0.399078 0.383004 0.350062 0.006782 0.041772 0.010388
1.0 0.314208 -0.153095 -0.976694 -0.004557 -0.036781 -0.035877
1.0 0.230406 -0.604572 -0.083212 -0.046499 -0.037118 -0.023133
1.0 0.532031 0.502931 0.649879 -0.042752 -0.005592 0.018171
1.0 -0.886606 0.455460 -0.507178 -0.043537 -0.041399 -0.005495
1.0 -0.032847 0.821696 -0.076027 0.036418 -0.049333 0.041209
1.0 -0.156175 0.711772 0.886518 0.040859 0.012649 -0.034230
1.0 0.702914 -0.574465 -0.646349 0.014585 -0.018042 0.017586
1.0 0.262503 -0.718813 -0.433106 -0.040795 0.013891 -0.001632
1.0 -0.345472 -0.589584 -0.576942 -0.031990 -0.016678 0.044931
1.0 0.678693 -0.479025 -0.131289 -0.014470 -0.000116 -0.040967
1.0 0.316525 -0.131754 0.461585 -0.012543 0.018465 0.026201
1.0 0.246681 0.640629 -0.961061 -0.013056 0.029077 0.048354
1.0 -0.407352 -0.757980 -0.205408 -0.044581 -0.041562 -0.004492
1.0 -0.184849 0.850413 0.900183 0.020129 0.039629 0.008028
1.0 0.841139 -0.854449 -0.510181 -0.043242 -0.034425 -0.031840
1.0 0.657178 0.307164 -0.949549 0.002630 -0.049059 -0.015628
1.0 -0.588721 -0.126371 0.448690 -0.019241 -0.020998 0.040991
1.0 0.247601 0.027188 0.753426 -0.007977 -0.033261 0.010325
1.0 -0.406345 -0.465594 0.209609 -0.041980 -0.020021 0.034951
1.0 -0.233957 -0.968589 -0.270460 -0.016125 0.012802 -0.034731
1.0 0.042289 0.468748 0.666677 -0.040809 -0.019689 -0.000160
1.0 -0.138611 -0.991256 0.626114 0.035993 -0.032003 0.038555
1.0 -0.088511 -0.442832 -0.693892 -0.011007 -0.023332 0.029687
1.0 -0.641567 -0.042389 0.735324 0.028751 -0.017927 -0.040241
1.0 -0.649012 0.787998 -0.093552 -0.006093 -0.024627 0.011044
1.0 0.034336 0.452988 0.502453 -0.037461 -0.038424 -0.012223
1.0 -0.215419 0.645945 -0.963148 -0.002062 0.011787 0.028953
1.0 -0.638522 0.223891 0.361376 -0.003356 0.030716 -0.032029
1.0 0.626333 0.733252 -0.912673 -0.004546 -0.031425 0.019834
1.0 -0.972279 -0.428800 -0.137324 -0.004132 -0.042836 0.014213
1.0 0.239840 0.168934 0.994466 -0.011022 -0.049507 -0.041004
1.0 0.761658 -0.556799 -0.612670 -0.046266 0.037415 0.035565
1.0 0.705101 0.248510 0.153922 -0.035505 0.029938 -0.004986
1.0 0.361281 0.516654 0.406568 -0.032524 0.043416 -0.039921
1.0 -0.825574 -0.738405 0.568094 -0.028072 -0.024194 -0.020040
1.0 0.688610 0.293156 -0.669848 -0.047152 -0.025510 0.022752
1.0 -0.077856 -0.425679 -0.647657 0.001775 0.038895 -0.006483
1.0 0.968986 -0.441642 -0.055057 0.023399 -0.047259 -0.011405
1.0 -0.496093 -0.260184 -0.570015 0.048680 -0.010758 0.020930
1.0 0.787330 -0.080575 -0.229294 0.007723 0.002744 0.029486
1.0 0.853012 -0.303269 -0.119426 -0.021493 0.028598 0.035246
1.0 0.562354 -0.458190 -0.905318 -0.046351 0.013895 -0.049592
1.0 -0.406200 0.693602 0.084182 0.025120 -0.012422 0.025351
1.0 -0.319783 0.193243 -0.809838 -0.014215 -0.024076 0.036638
1.0 -0.735873 0.150759 -0.244562 0.023706 -0.012243 -0.002762
1.0 -0.990164 0.164242 0.436788 0.024160 0.025541 0.032168
1.0 0.563429 -0.406869 0.288423 -0.008227 -0.026954 -0.024822
1.0 -0.269699 -0.935198 -0.304262 0.010578 0.010658 -0.014045
1.0 0.230762 -0.923633 0.604001 0.000767 -0.018546 -0.049440
1.0 0.125763 -0.080161 0.960241 0.027448 0.006239 0.008318
1.0 -0.743600 0.921920 0.680873 0.010817 -0.022794 0.019770
1.0 -0.691204 -0.514983 -0.719995 -0.002934 -0.018714 0.003378
1.0 -0.568828 -0.564930 -0.478859 -0.032930 0.012839 0.027234
1.0 -0.022875 -0.632874 -0.516749 -0.044479 -0.046328 -0.041321
1.0 -0.298411 -0.980821 0.935723 0.047628 0.003764 -0.030573
1.0 -0.887488 0.835497 0.359586 0.039274 0.048612 0.000066
1.0 -0.497299 -0.783810 -0.650787 -0.006343 0.007690 0.000999
1.0 -0.900122 -0.481405 0.839721 0.041249 -0.024987 0.013718
1.0 -0.588053 0.693510 -0.769060 -0.030072 -0.000002 -0.028620
1.0 -0.810888 0.243004 -0.616945 -0.018944 0.018994 0.007411
1.0 -0.535007 -0.042482 0.569936 0.027921 0.002937 0.028476
1.0 -0.285311 -0.028540 0.575223 0.018082 0.025017 0.028557
1.0 0.777759 0.822621 -0.959804 0.033812 0.021350 -0.027668
1.0 0.305728 0.476458 -0.634762 -0.007961 0.039601 0.046260
1.0 -0.536811 -0.589511 0.875761 0.006958 0.032288 0.041684
1.0 -0.305826 -0.302605 0.177706 -0.024832 0.018759 0.009750
1.0 0.858015 -0.183485 0.542857 -0.045351 0.010627 0.045020
1.0 -0.583877 -0.991569 0.287690 -0.041217 -0.038948 0.005258
1.0 -0.783736 0.576363 -0.405561 -0.043736 0.028795 0.042668
1.0 -0.418203 -0.265345 0.111527 -0.016489 0.036795 0.047980
1.0 -0.670289 -0.956128 -0.640478 -0.007934 -0.026080 -0.027659
1.0 0.850974 -0.606013 0.827339 -0.030585 -0.006999 -0.020784
1.0 0.620385 0.830699 -0.041379 -0.016459 0.036043 0.024106
1.0 -0.367822 0.726722 -0.901430 -0.037625 -0.024796 0.046157
1.0 -0.781872 0.389433 0.764399 0.025522 0.023569 -0.016785
1.0 -0.002595 0.560649 0.198736 0.041165 -0.047513 0.017284
1.0 0.593126 -0.976661 -0.404372 -0.040405 -0.037711 -0.038561
1.0 -0.963406 -0.963590 0.282766 -0.049494 0.004984 0.008710
1.0 0.599613 0.294453 -0.814321 0.016106 0.042130 -0.024231
1.0 0.969297 -0.871197 0.249225 -0.006674 -0.009385 0.007534
1.0 0.703170 -0.291852 -0.074596 -0.007309 0.007462 0.010003
1.0 -0.516671 -0.197980 -0.377273 -0.040649 -0.022263 -0.014632
1.0 -0.754744 -0.447306 -0.724373 0.049044 -0.041199 -0.032605
1.0 0.997826 0.460758 -0.431310 0.017989 -0.013507 -0.046420
1.0 0.259962 0.765340 -0.071773 0.040390 -0.026557 -0.023243
1.0 0.212959 -0.379031 0.531557 0.014689 0.005850 0.042215
1.0 0.330997 -0.128968 -0.561107 0.008709 -0.014865 0.010611
1.0 0.291330 -0.547856 -0.146345 -0.002583 -0.001157 0.014585
1.0 0.910289 0.475035 0.914111 -0.009797 0.048071 -0.038255
1.0 0.301138 -0.389737 -0.125797 -0.019457 -0.027104 0.042597
1.0 -0.684807 -0.219930 -0.626610 0.001923 0.018617 -0.046655
1.0 -0.876215 -0.346937 0.386532 -0.006808 -0.015291 0.033241
1.0 -0.708034 -0.173229 -0.880888 0.022719 -0.038050 0.049689
1.0 -0.151845 0.945791 -0.683757 -0.015434 -0.019087 0.043020
1.0 0.127479 0.981523 -0.738915 -0.023897 0.011002 0.000212
1.0 -0.918546 -0.427326 0.033448 0.034568 -0.022710 0.044853
1.0 -0.519851 0.376566 -0.584607 -0.016311 0.035387 -0.023411
1.0 -0.573026 -0.640475 -0.761937 -0.045112 0.012443 0.010116
1.0 -0.341359 -0.259380 0.293669 -0.000674 -0.010662 0.049335
1.0 0.521119 -0.183464 -0.709735 0.022544 0.010545 0.024623
1.0 -0.228230 0.208264 0.483016 0.026075 0.048213 0.019162
1.0 -0.371221 0.452222 -0.907846 -0.001531 0.007206 0.034862
1.0 0.280262 0.616768 0.895002 0.011525 0.047374 -0.004436
1.0 -0.458657 0.121037 -0.847416 0.047091 0.013340 -0.039092
1.0 0.179809 -0.941611 -0.464609 0.018277 0.007401 0.036760
1.0 0.369992 0.479991 -0.665935 -0.011549 -0.039177 -0.043231
1.0 0.101944 -0.238960 0.258096 -0.048830 -0.010025 0.037239
1.0 0.148763 -0.596504 -0.433780 0.023024 0.040828 0.043073
1.0 -0.057631 0.101153 -0.478036 -0.009092 0.003372 0.047446
1.0 0.510845 -0.591692 -0.932923 0.030276 0.004586 -0.010124
1.0 0.008636 0.650120 0.085886 -0.036345 -0.042334 -0.042434
1.0 -0.943164 -0.118110 0.571603 0.019279 -0.012837 -0.042255
1.0 -0.925190 0.591572 -0.708649 -0.033649 -0.028192 -0.039058
1.0 -0.033542 0.157992 0.184258 -0.022160 -0.047491 0.012764
1.0 0.749803 -0.402274 0.260858 0.032606 0.001952 -0.002835
1.0 -0.481344 0.222154 -0.343286 0.016132 0.049908 -0.046994
1.0 -0.998262 0.540624 -0.142781 0.014418 0.047448 0.003190
1.0 0.856297 0.820263 -0.094627 0.004380 0.037555 0.021211
1.0 -0.478553 0.716379 0.205105 -0.045469 0.039627 0.020718
1.0 -0.797835 -0.178840 0.692863 0.006000 -0.014200 0.037748
1.0 0.875482 -0.250926 0.708290 -0.034287 0.011906 -0.004440
1.0 0.877167 -0.927122 -0.150797 -0.005175 -0.004071 0.019243
1.0 0.979977 -0.896241 0.633858 0.035418 -0.032160 0.009404
1.0 0.335689 0.121009 -0.163663 0.034311 0.046272 -0.035202
1.0 0.031834 0.890568 -0.320081 -0.003989 -0.029145 0.036822
1.0 -0.807971 0.987345 -0.970023 -0.046799 -0.007914 -0.020346
1.0 -0.465185 -0.934522 0.194679 -0.041181 0.004238 -0.005424
1.0 -0.712926 0.821526 0.915159 0.039948 -0.020548 -0.021326
1.0 0.379386 0.699217 0.315596 0.023257 0.009499 0.046917
1.0 -0.916124 0.151176 0.254673 -0.010534 -0.037332 -0.008754
1.0 0.911347 0.105990 -0.058765 0.034989 0.042563 0.023640
1.0 0.126532 -0.920890 0.241606 0.018658 0.046586 0.015558
1.0 -0.619431 0.603109 0.759224 0.023679 -0.048004 -0.002096
1.0 0.493609 -0.228830 -0.566446 -0.026850 0.000362 -0.043114
1.0 0.577392 -0.171436 -0.522827 0.042918 0.021180 -0.019327
1.0 -0.110264 -0.775359 -0.586966 0.047494 -0.049186 -0.009712
1.0 0.942839 -0.250772 0.139667 -0.048683 0.030759 -0.044451
1.0 -0.831535 0.236483 0.044828 0.038477 -0.025241 -0.012963
1.0 0.844475 0.615994 -0.054620 0.003393 0.017574 0.003779
1.0 0.097586 -0.788270 0.424907 0.016307 -0.017446 -0.016197
1.0 -0.575801 -0.748490 0.289739 0.022486 -0.046566 0.018118
1.0 -0.408483 0.973067 -0.408266 0.009566 -0.034951 -0.044683
1.0 0.840911 0.557531 -0.162194 0.009410 -0.023166 -0.021562
1.0 0.998234 0.944275 -0.556766 0.041601 0.009670 -0.000588
1.0 -0.718528 -0.059315 0.188618 -0.036533 -0.043812 0.049594
1.0 0.146916 -0.998564 0.393835 -0.040848 0.002033 0.015917
1.0 -0.171385 0.130259 -0.876990 -0.030544 -0.048425 -0.028554
1.0 0.938465 0.212739 -0.007697 -0.037435 0.045006 -0.011364
1.0 -0.238408 -0.322284 0.870813 -0.017510 0.001174 0.046195
1.0 -0.912560 -0.844495 0.991719 -0.008278 -0.048116 -0.027514
1.0 0.617137 0.443487 0.689928 0.049704 -0.047534 0.012197
1.0 -0.272136 -0.591254 0.099139 -0.034136 -0.047200 -0.018915
1.0 0.713935 0.760220 0.408013 0.009546 0.008408 0.030446
1.0 0.952143 -0.091234 0.687310 0.001169 0.042454 0.034616
1.0 0.164441 -0.690975 0.988941 0.019992 0.031268 0.013262
1.0 0.040032 -0.675323 0.509604 -0.017268 -0.047208 -0.001568
1.0 0.621521 0.797600 -0.142524 -0.038389 -0.025549 -0.022782
1.0 0.083079 -0.984235 0.126954 0.001850 -0.046549 0.028837
1.0 -0.105738 -0.958598 0.519463 -0.042899 -0.023266 0.029482
1.0 0.580491 -0.579109 0.378612 0.024315 0.042667 0.026053
1.0 -0.574571 -0.720204 0.756261 -0.049083 -0.027348 0.012382
1.0 0.815145 -0.788491 0.115149 -0.016123 0.006432 -0.023774
1.0 -0.791002 -0.904563 0.394268 -0.003619 0.045907 0.008595
1.0 -0.774991 -0.523797 0.047126 -0.002342 -0.029503 -0.012397
1.0 0.549305 -0.241554 -0.949546 0.040551 0.011400 0.044711
1.0 -0.658560 -0.299999 -0.488542 -0.000714 0.011428 0.037623
1.0 0.629558 -0.402928 0.856915 0.013415 -0.038274 -0.007156
1.0 -0.576828 0.678095 -0.861454 0.027275 0.006386 0.004552
1.0 0.728760 -0.535972 -0.700877 -0.003983 -0.029879 -0.014890
1.0 -0.008550 0.789593 0.545862 -0.041022 -0.033146 0.045137
1.0 0.572281 0.030589 -0.160278 -0.043660 0.013284 -0.007670
1.0 0.182345 0.983018 -0.078389 -0.022249 -0.012150 -0.031471
1.0 -0.380809 0.607987 -0.719286 0.034522 -0.007525 0.006908
1.0 0.988464 0.888187 -0.679753 -0.000769 0.042047 -0.004685
1.0 0.212141 0.586132 -0.609184 -0.019607 -0.035175 0.022019
1.0 0.016651 0.604108 -0.797207 -0.042428 0.003898 -0.027463
1.0 -0.759688 -0.435036 -0.199694 0.039707 -0.043490 0.012762
1.0 0.328911 -0.362883 -0.173255 0.033277 -0.036153 0.015338
1.0 0.849430 0.711443 -0.973565 0.033597 -0.017924 0.006346
1.0 0.358558 0.415363 0.428653 0.010527 0.049339 -0.011625
1.0 0.850718 -0.011906 0.703780 -0.046217 0.019313 -0.040887
1.0 -0.468264 -0.825307 0.334724 0.020788 0.029859 -0.004638
1.0 -0.369854 -0.382361 0.669072 -0.048940 0.011208 0.006679
1.0 -0.045130 0.083794 0.917907 0.030956 0.049006 -0.030847
1.0 -0.956707 0.683581 -0.171632 0.046749 -0.036132 0.044478
1.0 0.479588 0.101681 0.832547 -0.009978 -0.027686 0.007272
1.0 -0.530852 0.404074 0.114494 0.024499 -0.007663 0.045892
1.0 0.924560 0.032328 -0.751127 0.044605 0.028656 0.003195
1.0 -0.745037 -0.873851 0.519044 0.023185 0.023022 -0.026403
1.0 0.834009 -0.070183 0.194514 -0.000842 0.024030 0.039948
1.0 -0.201280 -0.019718 0.151979 0.015061 -0.007828 0.026993
1.0 0.201865 -0.331738 0.836455 -0.015187 -0.047822 -0.015374
1.0 -0.160978 -0.889612 -0.011279 0.034485 0.005521 -0.040059
1.0 0.752745 -0.009133 -0.507982 0.030537 0.001945 -0.020167
1.0 0.021621 -0.060040 -0.012791 -0.018274 -0.019880 0.021613
1.0 0.805011 0.524032 -0.581670 -0.003640 0.022216 -0.004637
1.0 0.972869 0.682437 0.919873 0.039738 0.041416 -0.046643
1.0 0.550929 -0.708639 -0.273586 0.006603 0.028493 -0.031781
1.0 -0.633044 -0.649183 0.019249 -0.012344 -0.025880 -0.036113
1.0 -0.223535 -0.489125 -0.318780 -0.039935 -0.043124 -0.000597
1.0 -0.719122 0.127322 -0.664721 -0.049170 -0.021194 -0.015906
1.0 0.813941 0.471230 -0.373533 -0.047629 -0.010878 0.013547
1.0 0.598889 0.800242 0.444505 0.000407 0.049999 -0.019400
1.0 -0.987542 -0.625484 -0.389880 0.009026 0.003996 0.036326
1.0 -0.381560 -0.010006 -0.406775 0.030809 -0.004732 0.033413
1.0 -0.996354 -0.381363 0.192951 0.007601 -0.033634 -0.009451
1.0 -0.966102 0.579447 -0.677828 0.043659 -0.023427 0.002971
1.0 0.173499 -0.824591 -0.257209 0.038984 -0.020516 -0.035375
1.0 0.386722 0.854210 -0.993715 -0.049938 -0.019014 -0.038250
1.0 0.046823 -0.482410 0.799670 -0.015111 -0.031442 0.040630
1.0 0.001545 -0.174409 0.340133 0.009674 0.014856 0.023595
1.0 -0.130172 0.540101 -0.573003 -0.015994 0.012967 0.028199
1.0 -0.496303 -0.133129 0.968600 -0.040563 -0.048462 -0.013186
1.0 -0.091084 0.890057 0.383830 0.016042 0.030957 0.014534
1.0 -0.945947 -0.678698 0.290863 -0.022930 -0.019441 0.025168
1.0 0.681506 0.138037 0.196233 -0.007940 -0.036621 -0.001776
1.0 -0.279362 -0.558323 0.977638 -0.022390 -0.024240 0.010535
1.0 -0.768640 0.257405 -0.116955 0.031674 -0.039083 -0.019086
1.0 -0.341529 0.209056 0.270310 0.009392 0.043596 -0.007787
1.0 0.311386 -0.140814 -0.980033 -0.004885 -0.041142 -0.018643
1.0 -0.178365 0.389174 -0.892841 0.042795 0.029514 0.007515
1.0 0.921838 -0.565304 -0.200002 -0.034487 0.007176 0.011793
1.0 0.622179 -0.885609 0.446845 0.025681 0.002996 -0.002181
1.0 0.820311 0.313158 -0.891242 -0.003701 0.019049 -0.016873
1.0 0.080476 0.668577 0.673367 0.042355 0.011604 0.013110
1.0 -0.029542 -0.786950 -0.364132 -0.009867 0.047161 0.018666
1.0 0.764723 -0.342235 0.208699 0.046337 0.009816 0.049795
1.0 -0.522728 -0.338855 0.408369 -0.027852 -0.010464 0.041114
1.0 -0.905173 -0.839057 0.760521 -0.005918 0.020989 -0.004519
1.0 -0.223875 0.465626 0.038213 0.049154 0.002668 0.046137
1.0 0.036992 -0.723871 0.763382 0.015313 0.030522 0.034757
1.0 -0.723098 0.208135 0.932692 0.049281 0.024695 0.031964
1.0 0.226504 -0.267460 -0.551042 0.021747 -0.033507 0.031316
1.0 -0.631548 0.387311 -0.720825 0.001061 0.000662 0.008940
1.0 0.345173 0.743978 0.476941 0.044878 0.049077 -0.025740
1.0 0.236943 -0.824910 0.221729 0.010513 -0.008305 0.048635
1.0 0.535005 0.984003 0.168540 -0.029198 -0.016863 -0.047566
1.0 0.463107 -0.806090 -0.560644 -0.036344 0.048809 0.031975
1.0 -0.945420 0.239075 0.773258 0.010265 0.049881 0.039607
1.0 0.011005 0.580869 -0.716511 -0.030504 -0.016752 -0.003157
1.0 -0.218742 -0.326323 -0.180670 -0.039375 0.016294 0.017051
1.0 0.185816 0.908209 0.430102 -0.012820 -0.036599 0.024881
1.0 0.896662 0.423285 0.658300 0.025482 -0.011064 0.048056
1.0 0.122466 0.134670 0.349271 -0.031778 -0.020903 0.010771
1.0 0.020616 -0.221912 0.221678 -0.022155 0.031265 0.041325
1.0 -0.185880 -0.052081 -0.495062 -0.007549 -0.044459 0.046930
1.0 -0.663270 -0.042864 0.817010 -0.002347 -0.048241 -0.049157
1.0 0.843936 -0.391630 -0.802674 0.015022 0.019943 0.026976
1.0 -0.587627 -0.101023 0.677211 -0.033176 -0.019986 -0.036463
1.0 -0.770671 -0.758658 -0.375473 -0.043321 0.013567 0.032577
1.0 -0.028588 0.493901 0.576799 0.032498 0.041163 0.022780
1.0 0.404554 0.952267 0.655914 -0.022404 0.012445 -0.034474
1.0 -0.707200 -0.705585 0.238119 -0.032232 -0.002040 0.016230
1.0 -0.201828 -0.939586 0.603401 -0.033560 0.046627 0.033948
1.0 0.874972 0.049402 -0.697686 -0.004357 0.006134 -0.032433
1.0 -0.459476 -0.653561 0.782298 0.037654 0.036827 -0.026482
1.0 -0.612952 -0.607961 0.335292 -0.021202 -0.036128 -0.023966
1.0 -0.347043 0.689105 0.614346 -0.022674 -0.014812 -0.017340
1.0 0.626350 0.614278 -0.658276 0.041067 0.012488 -0.046571
1.0 -0.223029 -0.991084 -0.569346 -0.027473 -0.044771 0.042791
1.0 -0.483338 0.999268 -0.124217 -0.047903 -0.035465 0.028086
1.0 0.982320 -0.180486 0.598492 0.018697 -0.032675 -0.011112
1.0 0.747270 -0.510393 0.167844 -0.025548 0.016684 -0.034554
1.0 -0.755925 -0.073522 0.022557 0.037791 0.016115 -0.020929
1.0 -0.435977 -0.534985 0.420723 0.001673 0.044928 -0.002341
1.0 -0.543349 -0.293075 -0.759854 -0.034493 0.016269 -0.019612
1.0 -0.726904 -0.507222 -0.093703 -0.037107 0.006047 -0.016086
1.0 0.923703 0.960622 0.513337 0.035231 -0.005059 -0.028574
1.0 0.143837 0.704548 0.257222 -0.005580 0.049682 0.042176
1.0 -0.544764 -0.957029 0.134925 -0.021499 0.004237 -0.004092
1.0 -0.096154 -0.837082 0.100704 -0.047896 -0.028827 -0.043062
1.0 0.179324 0.761483 0.857679 0.030238 0.005892 -0.006169
1.0 0.815482 -0.579844 -0.191437 0.022650 -0.024293 0.034588
1.0 -0.735664 0.655829 -0.994231 0.001588 0.034858 0.015506
1.0 0.769695 -0.634236 0.560602 0.035051 0.009048 0.011296
1.0 -0.715884 0.594106 -0.959052 0.041177 0.012432 0.034926
1.0 -0.955810 0.978452 0.558582 0.011431 0.034659 -0.030822
1.0 -0.027982 0.345826 0.942482 0.008950 -0.049817 0.008703
1.0 -0.593969 0.634444 0.188258 -0.004712 0.021205 0.010475
1.0 -0.883849 0.200923 0.864697 -0.015041 -0.045535 -0.004586
1.0 0.416483 -0.549766 0.257109 -0.041637 -0.024991 -0.049558
1.0 0.325349 -0.816646 0.437735 0.015119 -0.024911 0.045993
1.0 -0.286832 0.008911 -0.181831 -0.022442 -0.015115 0.003722
1.0 0.962086 -0.632427 -0.239433 0.001338 -0.009548 0.011379
1.0 0.498929 0.375391 -0.071032 0.031395 0.049300 0.010270
1.0 0.112921 -0.482952 0.610140 -0.037001 -0.020438 0.047838
1.0 0.697470 0.619030 0.927912 0.007396 0.016000 0.047035
1.0 0.235430 -0.993389 0.290982 -0.007772 0.025525 0.035282
1.0 -0.725574 -0.412717 0.235294 0.002657 -0.037317 0.027730
1.0 0.091266 0.170053 -0.210154 0.040621 -0.016661 0.018045
1.0 -0.577374 -0.457016 -0.372095 -0.035721 -0.001958 -0.041523
1.0 0.362550 0.424308 0.694609 0.018214 0.008358 0.022529
1.0 -0.811109 -0.401361 -0.428842 0.046288 -0.044231 -0.048152
1.0 -0.905998 -0.272834 0.442821 -0.041693 -0.041908 0.037777
1.0 0.636377 -0.051752 -0.340296 -0.015922 -0.022102 0.020061
1.0 0.871016 -0.989222 0.163637 -0.019388 -0.033344 0.015226
1.0 0.068802 0.826636 -0.032733 -0.005655 -0.043228 0.045035
1.0 -0.937436 -0.518753 -0.971072 0.042939 0.019904 0.037561
1.0 0.104430 0.655538 0.680639 0.010596 0.030530 -0.016914
1.0 -0.066457 0.939858 0.924698 0.034719 0.029793 0.010345
1.0 -0.400951 0.552175 -0.409878 0.032644 -0.000550 0.003789
1.0 -0.717415 0.345525 -0.915742 0.008476 -0.023779 -0.010303
1.0 0.760195 -0.321460 0.585189 0.029157 0.014359 0.013037
1.0 0.213452 -0.474554 0.995315 -0.020456 0.036178 -0.044150
1.0 0.198896 0.318419 0.677978 -0.013103 0.015086 0.049308
1.0 -0.077238 -0.837176 -0.880089 -0.009774 -0.022099 -0.019007
1.0 -0.198031 -0.601876 -0.744481 -0.032683 -0.037767 0.043326
1.0 -0.878537 -0.160416 0.471539 -0.023771 -0.035627 0.029208
1.0 -0.196046 0.106511 -0.367827 -0.046115 0.034806 0.032065
1.0 0.911951 -0.581422 0.448575 0.035658 -0.020424 0.028435
1.0 -0.632098 0.870091 0.661912 -0.028031 -0.011445 -0.025028
1.0 0.722085 -0.799653 0.127132 0.027396 0.048485 -0.034305
1.0 -0.707383 -0.802932 0.501167 -0.046250 0.021572 -0.020261
1.0 0.755851 0.318065 0.432328 0.030715 0.010790 -0.021457
1.0 -0.900326 -0.640734 -0.569363 -0.024875 0.008901 0.049496
1.0 -0.281060 0.096583 -0.261135 0.036664 0.008417 0.029012
1.0 0.910555 -0.416599 0.616292 0.006304 -0.003220 -0.025369
1.0 0.414048 0.524861 -0.236410 0.046932 0.015316 0.028943
1.0 -0.751059 -0.114322 0.752393 -0.009950 0.014320 -0.038455
1.0 0.967820 0.551666 -0.086707 0.011954 -0.004227 0.039451
1.0 -0.139324 0.600865 0.822066 -0.017062 0.038462 0.043888
1.0 0.389901 0.352113 -0.788357 -0.016629 -0.000974 -0.039261
1.0 0.720589 0.585163 -0.175330 -0.045644 -0.038344 -0.013028
1.0 0.049618 -0.488788 -0.881498 0.039434 -0.035476 0.038301
1.0 -0.741213 -0.153385 0.152877 -0.022989 0.017432 0.027161
1.0 -0.959907 0.190229 -0.431162 -0.038766 -0.021358 0.012753
1.0 -0.677688 -0.130546 -0.918446 -0.004807 0.037098 0.024749
1.0 -0.996459 -0.515523 0.381283 0.047011 -0.010003 0.016849
1.0 0.124984 -0.288739 -0.639463 -0.038441 0.045618 -0.022019
1.0 0.440006 0.214918 0.092657 -0.046715 -0.045271 -0.048669
1.0 -0.591268 -0.165358 -0.268034 -0.029061 -0.030712 0.010838
1.0 -0.741133 -0.037181 0.253816 -0.006942 -0.038436 0.016811
1.0 -0.403050 -0.344343 -0.713701 -0.025877 -0.037573 -0.032940
1.0 0.265469 -0.770068 -0.173512 -0.005138 -0.007180 0.036671
1.0 -0.612014 0.204732 -0.967135 -0.032706 0.004864 0.038352
1.0 -0.564057 -0.147799 -0.079607 0.013207 0.009792 -0.029343
1.0 0.844629 -0.140784 0.628223 0.040199 -0.011575 -0.016259
1.0 0.665088 0.133283 0.495278 0.043236 -0.009710 0.038098
1.0 0.573009 -0.705702 0.943079 -0.028177 -0.039194 -0.046447
1.0 0.453947 0.971098 -0.809315 0.002569 -0.020727 0.034278
1.0 -0.931981 0.621539 -0.496060 0.008455 -0.006477 0.012264
1.0 0.073867 0.996782 -0.607285 0.032703 0.040707 0.034047
1.0 0.624099 -0.713890 0.706823 0.023471 0.030883 -0.006424
1.0 -0.575384 0.428528 0.706853 0.027461 0.035262 0.010421
1.0 0.969187 -0.106966 0.288319 0.035210 0.032930 -0.049957
1.0 -0.527046 -0.086070 0.359937 -0.021728 0.032243 0.034771
1.0 -0.022877 -0.515037 0.724534 -0.033291 -0.020189 -0.024770
1.0 -0.268445 -0.536210 0.049957 -0.003834 0.020839 0.019143
1.0 0.414717 -0.171833 -0.101448 -0.032938 -0.027686 0.025981
1.0 0.505067 -0.654569 0.989276 -0.020273 0.005169 -0.047684
1.0 -0.419524 -0.949268 -0.793667 0.022186 -0.049425 -0.027112
1.0 -0.427982 0.102775 -0.829690 0.016311 -0.042071 -0.006936
1.0 0.309483 0.758499 0.504973 -0.035869 0.040791 0.036677
1.0 0.084679 0.446787 0.949795 0.039674 -0.025584 -0.039985
1.0 0.561608 -0.560067 -0.994689 0.011868 0.002003 -0.030465
1.0 0.427628 0.349068 0.611634 0.007315 -0.019854 -0.035359
1.0 -0.890976 -0.997607 -0.760356 0.019218 0.042373 -0.027980
1.0 0.062106 0.849453 -0.852881 -0.028580 0.014784 0.020803
1.0 0.395351 -0.733449 0.326034 -0.002771 -0.005952 -0.026338
1.0 0.741488 -0.384405 -0.763474 0.005732 -0.041036 0.003124
1.0 0.891613 0.355462 0.486687 -0.006393 -0.028520 -0.030444
1.0 -0.349166 -0.357766 -0.904232 -0.036851 -0.006655 0.047289
1.0 -0.801198 -0.956623 0.418695 0.023108 -0.033514 0.031589
1.0 0.128418 -0.354995 -0.537130 0.018354 -0.011190 -0.012642
1.0 -0.936697 -0.188885 0.659697 0.048685 -0.047257 0.030988
1.0 0.474488 0.722373 0.220977 -0.037066 -0.010104 0.033957
1.0 0.692990 -0.768350 -0.054341 0.027530 -0.006225 0.027837
1.0 0.017587 0.076954 0.854171 0.011878 -0.003801 -0.028007
1.0 0.621561 -0.958479 0.633541 -0.022240 0.011394 -0.018720
1.0 0.178901 0.911739 -0.221960 -0.024713 -0.018459 0.015434
1.0 -0.488440 -0.335073 -0.177749 0.025695 -0.024378 0.012292
1.0 0.117866 0.099957 0.837326 0.042196 -0.001671 -0.015197
1.0 -0.372699 0.711835 0.735889 -0.021472 0.010033 0.020840
1.0 -0.215738 -0.222446 -0.188418 -0.033903 0.025047 -0.027974
1.0 -0.299879 0.501189 0.964631 0.022892 -0.016776 0.001859
1.0 0.275228 -0.589769 -0.167894 -0.031231 0.039299 -0.021372
1.0 -0.279873 -0.658123 -0.429888 -0.011437 0.024735 0.023492
1.0 -0.514229 -0.311116 -0.341074 -0.027943 0.008593 0.028917
1.0 -0.972544 0.957619 0.307667 -0.025716 0.026502 -0.020244
1.0 0.815374 -0.983260 0.340670 0.040753 -0.036060 0.000679
1.0 -0.090356 -0.165428 -0.350542 -0.007165 0.024150 0.005693
1.0 -0.144943 -0.694577 -0.082736 -0.022619 -0.009387 -0.006548
1.0 -0.733180 -0.966584 -0.089697 -0.029256 -0.008935 0.040628
1.0 0.120383 0.019294 -0.008459 0.008178 -0.042764 -0.001454
1.0 0.160763 -0.699232 0.753436 -0.029635 0.038524 -0.019499
1.0 -0.184908 0.152342 -0.105907 -0.043673 -0.016459 0.014883
1.0 -0.987686 0.430203 0.459045 0.038492 -0.024056 -0.001897
1.0 -0.784709 -0.351543 -0.413383 0.028918 -0.002850 -0.009693
1.0 -0.323743 -0.951789 -0.508438 -0.016486 -0.024935 0.044588
1.0 0.859714 0.349192 -0.148728 -0.033699 0.004254 -0.048158
1.0 0.887218 0.920688 -0.746683 -0.049992 0.021507 0.028214
1.0 0.838551 0.279208 0.269038 -0.038408 -0.049271 -0.040933
1.0 -0.725899 -0.592487 0.528844 0.039989 0.029763 -0.000487
1.0 -0.341858 0.320128 0.766944 0.013461 0.004632 0.016375
1.0 0.769923 -0.785838 -0.195999 -0.032058 0.033124 -0.006846
1.0 0.193698 -0.711153 0.734129 0.010311 0.022670 0.037741
1.0 0.164740 -0.065333 0.844423 0.025560 0.036066 -0.035074
1.0 0.348085 0.819835 -0.355836 -0.010418 -0.026430 0.028705
1.0 0.804299 0.478685 0.283703 0.038407 0.028404 0.048790
1.0 -0.137390 -0.704450 -0.070051 -0.015691 -0.032729 -0.034034
1.0 -0.804247 0.116871 0.497584 0.032870 -0.027404 -0.021057
1.0 -0.563916 -0.892017 0.246457 -0.000698 0.022057 0.020373
1.0 -0.847675 0.019211 -0.560113 0.029832 -0.018349 0.034592
1.0 0.603771 0.301857 -0.489309 0.025197 -0.017665 0.000604
1.0 -0.753743 -0.749348 -0.331130 -0.011462 -0.006247 -0.047190
1.0 0.670827 0.211536 -0.923505 0.048658 0.042025 0.024163
1.0 0.212202 0.043806 -0.915898 -0.004572 0.034003 -0.013038
1.0 -0.078474 0.745641 0.554359 -0.022470 0.048240 0.048439
1.0 0.510042 0.714679 0.608218 0.021241 0.010115 0.021276
1.0 0.142200 -0.727040 0.457560 0.031258 0.020997 0.031218
1.0 -0.842851 0.805243 0.613050 -0.043530 0.040160 0.039472
1.0 -0.861769 -0.048395 0.801797 -0.023629 -0.037269 0.022713
1.0 0.505955 0.846581 -0.843711 -0.030705 0.015852 0.048237
1.0 0.017544 -0.710456 -0.433006 0.030380 0.016703 -0.036271
1.0 -0.862999 0.433090 -0.586631 -0.044568 0.044600 -0.010418
1.0 0.847690 0.431633 -0.137702 -0.049879 0.017909 0.037314
1.0 -0.177763 0.906490 0.052470 0.000943 -0.004801 -0.032263
1.0 -0.658019 -0.373146 -0.422231 0.018852 0.003713 -0.022066
1.0 -0.314502 0.381777 -0.529825 -0.003222 0.013026 0.013238
1.0 0.188656 0.994845 -0.774050 -0.026211 -0.045125 -0.032710
1.0 -0.728225 0.705758 0.117551 0.020510 -0.049509 0.007623
1.0 0.643212 -0.758916 -0.250712 0.007076 -0.017436 0.017841
1.0 0.855258 -0.330807 0.347052 -0.003895 -0.005357 -0.014634
1.0 -0.388421 -0.834731 -0.781100 -0.012254 0.023143 0.023712
1.0 0.875571 0.627987 0.418002 0.014792 0.041161 -0.024938
1.0 0.904178 0.099563 0.701401 0.030245 0.021298 -0.043551
1.0 0.150438 -0.201113 -0.648566 0.002709 -0.007044 -0.004892
1.0 0.692279 0.266636 0.529190 0.015810 0.006999 -0.003215
1.0 -0.703940 0.829767 -0.428936 -0.001024 0.013867 0.049930
1.0 -0.614403 -0.003247 0.528036 0.046858 0.018651 0.023431
1.0 -0.072372 -0.223035 -0.113090 0.015702 0.002601 0.025175
1.0 0.373341 -0.181206 0.738990 -0.042396 0.022358 0.034559
1.0 -0.288780 0.591023 0.677711 0.030575 0.019002 -0.007524
1.0 -0.219966 -0.444081 -0.932607 0.039243 0.037159 0.025882
1.0 -0.214001 -0.058711 -0.705311 0.041569 0.001551 -0.039570
1.0 0.994480 0.256890 -0.319066 0.042311 -0.017974 0.014928
1.0 -0.162055 0.246871 0.766879 -0.030313 0.023806 -0.029535
1.0 -0.860578 -0.890607 0.244641 0.025138 -0.005013 -0.017811
1.0 0.507923 -0.072868 -0.855926 0.019583 -0.004010 -0.040105
1.0 -0.077558 0.771574 0.162697 0.016778 0.034073 0.035479
1.0 0.775751 0.812094 0.498236 0.011497 0.004303 0.004301
1.0 0.460584 0.150451 0.699256 -0.013465 0.034642 0.007355
1.0 -0.830903 -0.389758 -0.231886 0.043636 -0.014531 0.045908
1.0 0.516157 -0.687476 -0.527432 0.048627 -0.019160 0.009448
1.0 -0.262690 -0.258461 -0.624583 -0.039430 -0.007003 -0.000532
1.0 -0.280884 -0.358993 -0.038747 0.031719 -0.045449 0.036456
1.0 0.296619 -0.441399 -0.433305 0.049239 0.009136 0.031249
1.0 -0.970373 0.662273 -0.234877 -0.009565 -0.028815 0.049198
1.0 0.249567 0.591302 -0.705363 -0.042709 -0.039505 0.037747
1.0 -0.899793 -0.489681 0.202049 -0.024680 -0.037064 -0.027337
1.0 0.057445 -0.789233 -0.153186 -0.040482 -0.011997 0.030532
1.0 -0.467893 0.655555 0.819293 0.008018 -0.040376 -0.005151
1.0 0.793944 0.102943 -0.921258 -0.019704 -0.039773 0.034635
1.0 -0.447041 0.787737 -0.319104 0.037853 0.004207 -0.000981
1.0 -0.216317 -0.924396 -0.119258 -0.028879 -0.048227 -0.009358
1.0 -0.700356 -0.333713 0.870300 -0.019967 -0.011724 0.006554
1.0 -0.358238 0.334165 0.857535 0.036997 -0.008127 -0.026163
1.0 0.417642 -0.696022 0.408210 0.026636 -0.010372 -0.041727
1.0 0.572371 0.553237 0.033682 0.046785 0.018085 0.004861
1.0 0.032964 0.333187 -0.351049 0.009717 0.029239 0.031307
1.0 0.591508 -0.960948 0.236794 0.009017 0.014669 0.000322
1.0 -0.790713 0.918593 0.559241 -0.048015 0.049237 0.022977
1.0 0.337111 -0.653987 -0.900790 0.012545 0.032367 -0.003909
1.0 0.515697 -0.820487 -0.671840 0.014471 -0.003931 0.034729
1.0 -0.547682 -0.832446 0.688945 0.035268 -0.007287 -0.004810
1.0 0.569205 -0.530079 0.050412 -0.003192 -0.044576 -0.035633
1.0 -0.963443 0.969166 -0.868129 -0.005249 -0.005419 0.018838
1.0 -0.195949 -0.162405 0.955983 -0.038750 -0.045415 0.023976
1.0 -0.123813 0.647537 -0.372333 -0.043406 -0.019122 -0.037060
1.0 -0.768326 0.348452 -0.199106 -0.024478 -0.049608 -0.024876
1.0 0.099842 -0.430747 0.840108 -0.011926 0.026323 -0.003111
1.0 0.418184 0.774726 -0.941738 -0.029627 -0.041602 -0.020104
1.0 -0.826987 0.343183 0.092876 -0.017384 0.036795 -0.043826
1.0 0.895423 -0.722713 -0.654570 0.007305 -0.035536 -0.009966
1.0 0.681997 0.943814 0.167217 0.029958 -0.032380 -0.030570
1.0 0.517226 0.095160 0.815184 -0.030493 0.035138 0.045872
1.0 -0.667182 0.385431 -0.325041 -0.037688 -0.030619 0.013835
1.0 0.145494 0.140674 0.208987 0.011294 0.016416 -0.033942
1.0 0.849765 0.689291 0.880169 0.034523 0.030822 0.040085
1.0 0.839940 0.313141 -0.783597 0.040257 -0.046077 0.017270
1.0 0.579442 -0.361455 -0.518402 0.028037 0.049872 0.024787
1.0 -0.071378 0.038104 -0.707091 -0.012349 -0.039822 0.031534
1.0 0.422279 -0.562064 0.983062 0.014948 -0.024713 0.039466
1.0 -0.386795 -0.544217 -0.985287 0.001035 0.010230 -0.037573
1.0 0.092944 -0.309527 0.298169 0.025912 -0.038185 -0.038606
1.0 0.058214 -0.170525 0.217690 -0.030902 0.014645 0.015776
1.0 -0.880584 0.442077 0.768362 0.007319 -0.041712 -0.005646
1.0 -0.455308 -0.035678 0.556517 -0.045651 0.017799 -0.025965
1.0 -0.771979 -0.010993 0.104628 -0.044229 -0.044369 -0.005461
1.0 0.113222 0.066741 -0.023840 0.003715 0.048916 0.018656
1.0 0.766050 -0.894348 0.758103 0.008672 0.043732 0.041579
1.0 -0.480931 -0.230031 -0.672345 -0.036603 -0.025906 0.035480
1.0 -0.473776 -0.972402 0.802454 -0.027403 0.006991 -0.030317
1.0 -0.371471 -0.769681 -0.414161 0.041554 -0.022396 -0.020739
1.0 -0.154394 0.044940 0.410268 0.043228 0.007009 0.019878
1.0 0.973111 0.615624 0.618302 -0.023599 0.009847 -0.005107
1.0 -0.825041 0.183736 -0.982508 0.003486 0.033527 -0.047803
1.0 -0.806997 0.039527 -0.618971 0.023610 -0.003635 0.030102
1.0 -0.167700 0.258827 0.739905 0.014272 0.030364 -0.038860
1.0 0.716706 0.589233 -0.133538 0.041143 -0.040983 0.045982
1.0 0.190294 -0.538628 0.767481 -0.027955 -0.002551 -0.013867
1.0 -0.794393 -0.961377 -0.133580 0.044654 -0.013211 0.042857
1.0 -0.940367 0.025653 0.045032 -0.007435 0.017676 -0.034730
1.0 0.409570 -0.073823 -0.895472 0.036453 -0.019463 0.039861
1.0 0.189588 0.844830 -0.495586 -0.001359 0.034496 -0.045988
1.0 0.928747 0.599505 -0.709585 -0.009060 0.028884 0.032878
1.0 0.269581 0.192232 -0.649690 0.007355 0.040817 -0.028344
1.0 -0.651262 -0.083934 -0.293547 -0.016494 -0.009062 -0.042551
1.0 -0.342802 -0.074632 -0.755222 -0.034970 -0.000565 -0.016099
1.0 0.446963 0.190732 0.761437 -0.038203 -0.016831 0.016395
1.0 0.312361 -0.203176 0.071973 -0.022994 -0.000809 -0.033795
1.0 -0.947619 -0.714604 0.008594 -0.014839 0.005858 0.019438
1.0 0.077372 -0.758236 0.671437 0.036794 0.031451 -0.047093
1.0 -0.865019 -0.861632 0.049669 0.011590 0.001927 0.040448
1.0 -0.014781 0.814437 -0.211224 -0.021646 0.043796 0.026589
1.0 0.397309 -0.084895 0.960100 -0.043553 0.045977 -0.023748
1.0 0.510446 0.188174 0.149865 0.032375 0.037903 -0.041914
1.0 -0.713067 -0.232221 -0.152437 0.030956 0.046897 0.036038
1.0 0.195302 0.977215 -0.383020 0.027051 -0.018118 -0.019690
1.0 -0.999290 0.144967 -0.054957 0.041287 0.020653 0.012256
1.0 -0.817957 -0.147497 0.506301 -0.042378 0.019385 0.025719
1.0 -0.936989 0.997006 -0.036963 0.028308 -0.011561 0.010023
1.0 0.100155 0.352602 0.968602 0.042922 0.007397 -0.048986
1.0 0.376017 -0.020721 -0.889461 -0.029514 0.021245 0.020807
1.0 -0.841428 -0.254612 -0.817274 -0.014871 0.012245 0.016273
1.0 0.763631 -0.332314 0.750951 -0.046147 0.026963 -0.034905
1.0 0.419120 0.919044 -0.402700 -0.035328 0.013335 -0.040951
1.0 -0.281244 0.128032 -0.451109 0.042001 -0.031607 0.028008
1.0 -0.825401 -0.850891 -0.277519 0.007079 0.004671 -0.036948
1.0 -0.974553 -0.852169 0.420260 0.042806 -0.018359 -0.037321
1.0 -0.353969 0.607040 -0.433817 -0.001562 0.047322 -0.015078
1.0 -0.366682 -0.723187 0.158641 0.037616 -0.049545 -0.029951
1.0 0.121573 0.918102 -0.630917 0.011465 -0.004461 0.038332
1.0 -0.495968 -0.153174 -0.982005 0.009273 -0.018031 -0.046758
1.0 0.392481 -0.318918 -0.130335 -0.022143 0.008580 0.045634
1.0 0.457434 -0.545361 0.176210 0.032388 0.015180 0.026756
1.0 -0.494983 -0.003996 -0.264971 0.032078 -0.039223 0.022420
1.0 -0.307137 -0.446443 -0.162879 -0.014640 0.010553 0.001854
1.0 0.023533 -0.480258 -0.037517 -0.027299 -0.046176 0.016952
1.0 0.733050 0.180285 0.337517 -0.009823 0.027391 0.034030
1.0 -0.104434 -0.806216 -0.165871 0.049071 -0.048810 -0.027507
1.0 -0.840568 0.823388 0.065096 0.008465 0.003655 -0.006830
1.0 0.810829 0.753808 0.164070 0.007862 0.004356 -0.000903
1.0 0.225904 0.760909 0.444321 0.047018 -0.026145 -0.041082
1.0 -0.742384 -0.006382 0.890430 0.016633 0.009434 0.042603
1.0 0.290456 0.935088 -0.291287 -0.040684 -0.003969 -0.004510
1.0 0.012513 0.789589 -0.499981 0.020897 -0.031673 0.018162
1.0 0.511950 0.716569 -0.155805 0.012899 0.031050 0.040471
1.0 0.142296 0.270373 -0.669008 0.019250 0.009573 -0.037625
1.0 0.746744 -0.999611 0.111785 0.002308 0.017039 0.013579
1.0 -0.658497 0.383574 -0.584085 0.033259 0.012213 -0.040722
1.0 0.126684 -0.765059 -0.904683 -0.047910 0.009872 0.016593
1.0 -0.005295 0.757938 -0.290088 0.004014 0.003709 0.010473
1.0 -0.054878 0.860403 0.991808 -0.023128 -0.039571 -0.029114
1.0 -0.886806 0.206192 0.390644 0.019217 0.021085 0.020341
1.0 0.446120 -0.774266 -0.202746 -0.012644 -0.029877 -0.049331
1.0 0.124672 -0.335626 0.692194 -0.046288 0.022931 -0.032262
1.0 -0.789761 0.919379 0.199331 0.044326 0.032728 -0.014435
1.0 -0.755072 0.324630 0.596875 -0.028180 -0.035971 0.003010
1.0 0.851107 -0.233385 0.798113 -0.040844 -0.016309 -0.027218
1.0 -0.203694 -0.270272 -0.812051 -0.049872 -0.042027 -0.006297
1.0 -0.780215 -0.556763 0.882796 0.043039 -0.048907 -0.012429
1.0 -0.079316 -0.741007 -0.638694 -0.035957 0.027958 -0.044667
1.0 -0.441253 -0.843256 0.217507 -0.024944 0.027900 0.025414
1.0 -0.647593 -0.986090 -0.613037 0.012175 -0.010887 0.036343
1.0 0.596162 -0.220664 0.901342 -0.026688 0.022146 0.042025
1.0 0.339534 -0.135178 -0.381876 -0.005011 -0.015779 -0.036508
1.0 -0.406653 -0.878785 -0.829245 -0.022222 -0.048689 0.032636
1.0 -0.376187 0.593440 -0.208270 0.023769 -0.038479 -0.035503
1.0 -0.703528 0.577850 -0.139359 -0.020271 0.034105 0.006291
1.0 -0.496397 0.242688 0.223075 0.043906 0.035110 0.039104
1.0 0.657683 0.303490 0.916893 0.043410 0.045472 -0.038881
1.0 0.221585 -0.261881 0.564637 0.012986 -0.004962 0.000624
1.0 -0.769072 -0.114707 0.215798 0.003576 -0.048299 -0.037517
1.0 0.891720 0.360702 0.102056 0.043911 0.022830 -0.003694
1.0 0.370706 -0.617566 0.018032 0.029071 0.039190 -0.009600
1.0 0.129770 -0.584703 -0.685016 0.016526 -0.047339 -0.004213
1.0 -0.955827 0.163940 0.062245 0.030853 -0.033861 -0.045759
1.0 -0.636945 -0.642459 -0.389707 0.036182 -0.004269 -0.017654
1.0 -0.060503 0.811178 0.192617 -0.001809 0.023575 -0.019568
1.0 -0.881240 -0.958741 0.467302 0.041003 0.048669 -0.001600
1.0 0.759950 -0.530284 -0.725546 0.020067 0.023474 -0.002981
1.0 0.829193 -0.419185 -0.566187 0.017354 0.001150 -0.030627
1.0 -0.774606 0.554183 -0.735994 -0.022568 -0.007883 -0.047728
1.0 -0.011638 -0.291962 0.577561 0.035576 -0.042579 0.010012
1.0 0.258834 -0.789100 0.664677 -0.048661 -0.018986 -0.023612
1.0 0.069834 0.194760 -0.841187 -0.010941 0.015433 0.034651
1.0 -0.952563 -0.518117 -0.958933 0.000490 0.007084 0.042625
1.0 -0.616302 0.908388 0.316988 0.004025 0.023083 0.002528
1.0 -0.716117 -0.854430 -0.218645 0.025294 -0.033002 -0.034405
1.0 -0.214232 -0.496243 -0.926437 -0.002850 -0.010915 -0.031857
1.0 -0.295962 -0.874851 0.027598 0.020782 0.020139 -0.005512
1.0 0.502143 0.058985 0.430272 -0.019363 0.014308 -0.036373
1.0 0.123095 -0.997245 0.509682 -0.015571 0.003466 0.038014
1.0 -0.540515 -0.324491 -0.355488 -0.041509 0.009550 -0.015569
1.0 -0.971724 0.576142 -0.828899 -0.040879 -0.011776 0.029149
1.0 -0.648199 0.325844 0.924227 -0.044941 0.042559 -0.025892
1.0 -0.442920 -0.275536 -0.044097 -0.003874 0.038338 -0.021092
1.0 -0.996573 -0.350271 -0.857152 -0.049784 0.008748 -0.020721
1.0 0.533263 0.366321 0.451190 0.039378 0.018023 0.013768
1.0 0.317152 -0.440384 0.593195 0.028273 -0.035273 0.028993
1.0 0.904872 0.361366 -0.396422 0.003718 -0.003262 0.039577
1.0 0.790739 -0.427762 0.568150 -0.012514 -0.017649 -0.007226
1.0 0.087729 0.568290 -0.540174 -0.004772 -0.023537 -0.043629
1.0 0.492654 0.144430 -0.885715 0.012336 0.013682 0.010301
1.0 0.480885 -0.224350 0.902368 -0.015569 0.014989 -0.010970
1.0 0.893988 0.497244 -0.651958 0.012208 -0.047459 0.004150
1.0 0.317508 0.893326 0.770879 0.028254 0.004244 -0.022479
1.0 -0.083144 -0.912752 -0.400070 -0.020687 0.027176 0.037576
1.0 0.052704 -0.433776 -0.814083 -0.033204 0.012555 -0.019417
1.0 0.837473 0.427168 0.048742 -0.044225 0.001192 -0.044195
1.0 0.892045 -0.691048 -0.479594 0.036667 -0.024933 0.014409
1.0 0.339522 -0.430802 0.490616 -0.044623 -0.011865 -0.013906
1.0 0.698673 0.528060 0.925474 -0.018677 0.012923 0.040003
1.0 0.304238 0.130230 -0.967807 -0.015095 0.040815 -0.002607
1.0 -0.770639 0.138392 -0.367124 0.005947 0.049339 0.026626
1.0 -0.416935 -0.666164 -0.201482 -0.033480 0.030710 -0.022365
1.0 -0.980847 -0.523067 0.488075 -0.044878 -0.031890 0.049373
1.0 -0.276943 -0.446492 -0.607028 0.017487 -0.039825 0.007309
1.0 -0.687182 0.111634 0.798755 -0.018460 0.007494 0.041466
1.0 -0.641815 -0.161457 -0.942615 0.026961 0.010162 -0.044324
1.0 -0.815462 -0.567588 0.398254 -0.004892 0.047661 -0.028237
1.0 0.931775 -0.552255 0.584698 0.022086 -0.037686 0.043870
1.0 -0.701988 -0.504303 0.311283 0.020025 0.044356 -0.003460
1.0 -0.556855 0.540688 0.559501 0.037257 0.031448 0.009984
1.0 -0.170404 -0.604963 0.813466 -0.023640 -0.047210 0.027469
1.0 0.272241 -0.512490 -0.739002 -0.004089 -0.023693 -0.006562
1.0 0.559203 -0.543955 0.036742 -0.012005 -0.025918 0.013616
1.0 -0.370180 0.849831 -0.266851 0.022115 0.004269 -0.039576
1.0 -0.453822 -0.795807 -0.844898 -0.048463 0.005372 -0.023634
1.0 -0.572373 -0.164001 -0.444876 -0.009392 0.001917 0.040942
1.0 -0.233479 0.875765 0.109886 0.001514 -0.047326 0.039177
1.0 0.188724 -0.017305 -0.476591 0.024205 -0.006940 -0.013176
1.0 -0.220513 0.575610 -0.683104 0.048019 -0.004269 -0.006158
1.0 0.210596 -0.899786 -0.547414 0.036784 -0.005201 0.041306
1.0 -0.701341 -0.003362 -0.759108 -0.041871 -0.010400 -0.006106
1.0 0.404081 0.336935 -0.954770 0.016566 -0.030778 -0.011853
1.0 -0.954687 0.232597 0.884792 -0.004465 -0.049284 0.022339
1.0 -0.698899 -0.769990 0.866483 -0.012735 0.016377 -0.047440
1.0 -0.905319 0.633604 0.854866 -0.008250 0.033374 0.038512
1.0 0.261608 -0.174062 -0.947070 0.004318 0.026671 -0.007775
1.0 -0.156551 0.421702 -0.696894 -0.014110 -0.048721 0.043262
1.0 -0.707415 0.614140 0.069382 -0.046446 0.018703 -0.019278
1.0 -0.896749 -0.763532 0.427924 -0.000913 0.001762 -0.044029
1.0 0.401081 0.461790 0.362225 -0.002121 -0.015124 -0.000285
1.0 0.317198 -0.114765 -0.826160 -0.045808 -0.031704 0.035981
1.0 -0.853278 0.017379 0.835975 0.031063 0.001233 0.026995
1.0 -0.178646 -0.853864 -0.507635 0.044770 0.025914 0.005280
1.0 0.503877 0.287180 -0.446110 -0.004474 -0.035795 0.006029
1.0 0.315642 -0.044480 -0.196226 -0.005129 0.012275 -0.044702
1.0 0.406121 0.307381 0.396697 -0.007937 -0.034460 0.007661
1.0 -0.010720 0.988190 -0.257132 -0.042688 -0.037031 -0.010457
1.0 -0.495314 0.265854 -0.623303 0.048678 0.032382 0.006134
1.0 -0.931389 -0.848390 -0.757014 -0.027319 -0.019856 -0.041678
1.0 0.989332 -0.288089 -0.383557 0.018114 0.021990 -0.019285
1.0 0.802731 0.566131 0.186827 -0.002740 -0.001682 -0.008763
1.0 0.917455 -0.000316 -0.434457 -0.029756 -0.001754 -0.031509
1.0 0.585509 0.261731 -0.862785 -0.047607 0.034057 0.008272
1.0 0.717364 -0.811667 -0.878603 -0.014706 -0.005611 0.038887
1.0 0.309215 0.536376 0.364426 0.015755 0.036427 0.025309
1.0 0.610629 -0.259960 -0.983654 -0.010965 -0.028419 -0.003891
1.0 -0.344884 -0.978774 -0.734672 -0.038013 0.019147 0.029436
1.0 -0.643635 0.436462 -0.307078 -0.002376 0.046076 -0.039442
1.0 -0.162521 -0.832391 -0.182577 0.004236 -0.032375 0.024802
1.0 -0.839031 0.404734 -0.748690 -0.026698 0.047185 -0.025094
1.0 0.285675 -0.998839 0.579263 -0.010698 -0.014769 0.015708
1.0 -0.816052 0.994178 0.023172 0.043311 0.034818 0.026821
1.0 -0.829119 -0.098733 0.712545 -0.038224 -0.043268 0.043677
1.0 -0.545780 -0.467803 -0.606753 -0.037061 0.007057 -0.008482
1.0 -0.975450 -0.801618 0.571191 -0.014019 -0.023554 0.016058
1.0 -0.382121 -0.611367 -0.790609 -0.005451 0.036077 0.037037
1.0 -0.668888 -0.132299 0.927321 -0.002187 -0.022137 -0.028954
1.0 -0.264704 -0.566158 0.379215 -0.021542 0.001157 0.031151
1.0 0.021713 -0.041966 0.734098 -0.023721 -0.000585 0.031110
1.0 -0.754705 -0.182121 -0.938420 -0.042442 -0.045533 0.022988
1.0 0.387714 0.589331 -0.705940 0.016641 -0.033628 -0.012353
1.0 0.742758 0.780004 0.989921 0.013044 0.028984 0.041883
1.0 -0.200758 0.186193 -0.285841 -0.038804 -0.020157 -0.042520
1.0 -0.798430 -0.262177 0.777718 -0.034079 -0.029984 -0.040221
1.0 0.474310 -0.442382 -0.857744 -0.040024 0.025643 0.008346
1.0 0.958426 0.475237 -0.334962 -0.024037 0.043947 -0.027598
1.0 0.172655 -0.273660 0.878663 0.049624 -0.045500 0.000298
1.0 0.734608 -0.740874 0.474207 0.016344 0.032155 0.029906
1.0 0.999261 0.587570 -0.503855 -0.049772 -0.014026 0.023768
1.0 0.502732 -0.344539 -0.661200 -0.046236 0.029882 -0.046101
1.0 -0.704987 0.622998 0.865210 -0.036408 0.001918 0.037399
1.0 0.172977 0.195357 0.334989 -0.043717 0.024945 0.015124
1.0 -0.309274 0.422707 -0.936307 0.038592 -0.005213 -0.019192
1.0 -0.852577 0.828858 -0.689529 0.044107 0.022368 0.043160
1.0 0.013043 0.325712 -0.408980 0.038413 -0.049133 0.020635
1.0 -0.079723 -0.645417 0.713927 -0.036841 -0.021778 -0.034571
1.0 0.792916 0.128073 0.692361 0.021509 -0.006765 0.023583
1.0 -0.449510 0.901550 -0.406285 0.049657 -0.012209 0.018733
1.0 -0.628362 0.542761 0.784584 -0.022811 -0.017342 0.047288
1.0 0.659662 0.650259 0.088757 -0.010250 0.015463 -0.029530
1.0 0.795984 0.948677 -0.176565 0.047224 -0.038843 0.010230
1.0 -0.473267 -0.119708 -0.988202 -0.015022 0.036478 -0.046986
1.0 0.439070 0.721736 0.688054 0.011332 0.018524 -0.040701
1.0 0.430674 0.228737 0.775572 0.035501 -0.011569 0.010458
1.0 -0.059174 -0.476887 -0.618088 -0.019968 0.000646 -0.024037
1.0 0.324995 0.895267 -0.846754 0.027688 0.042120 0.038739
1.0 -0.963196 -0.869810 0.025244 0.021180 0.033506 -0.026834
1.0 -0.229204 0.359877 0.542949 0.013964 -0.014686 -0.003973
1.0 0.377815 -0.055167 0.995930 -0.003681 -0.006382 -0.026309
1.0 -0.055322 0.666837 0.074544 -0.014229 -0.020965 0.019304
1.0 0.681140 0.684631 -0.660803 -0.047597 -0.020741 0.018055
1.0 -0.187664 0.722085 -0.011453 -0.005005 0.010835 0.008227
1.0 0.036747 -0.148170 0.230770 0.011671 -0.024998 0.023835
1.0 0.422393 -0.065486 0.104383 -0.000529 -0.015043 0.047735
1.0 -0.787863 0.855312 0.286065 0.024346 0.029171 -0.038264
1.0 0.006380 0.466883 0.850500 0.001408 -0.028463 0.026556
1.0 0.368746 -0.304617 -0.946038 -0.020497 -0.046947 0.009134
1.0 -0.108261 -0.268022 0.301499 -0.031479 0.012824 -0.049832
1.0 -0.470029 -0.484876 0.619220 0.038203 0.040846 -0.011182
1.0 -0.479291 0.398778 -0.925163 0.015396 0.031037 -0.008982
1.0 -0.765924 -0.735729 -0.729703 0.019757 -0.032305 -0.006559
1.0 -0.405642 -0.509691 0.672838 -0.002756 0.003731 0.020128
1.0 0.525556 -0.215527 0.779293 0.033347 -0.026135 -0.015806
1.0 0.639878 0.687170 0.352685 0.042113 0.047622 0.045933
1.0 -0.419187 -0.792489 0.570485 0.005647 0.010970 0.042486
1.0 0.866581 0.202633 -0.401058 0.046385 0.047279 0.018173
1.0 0.308285 0.797906 -0.678373 0.005094 -0.019703 0.007265
1.0 0.797883 0.945367 -0.267870 0.012863 -0.045579 -0.042835
1.0 -0.839803 0.541826 0.059806 -0.005953 -0.046851 -0.030666
1.0 0.263747 0.223873 -0.342087 -0.044437 0.016221 0.024472
1.0 -0.697803 -0.350521 -0.525173 -0.011769 0.047078 -0.022948
1.0 -0.056303 -0.786923 -0.044651 -0.035845 -0.028534 -0.004446
1.0 0.560085 0.017706 -0.669319 -0.005020 0.016336 -0.046976
1.0 -0.595864 -0.328204 -0.415882 0.002688 0.039673 -0.048279
1.0 -0.219797 -0.304258 0.019133 -0.039527 -0.014360 0.023334
1.0 -0.529247 0.144078 0.776367 0.035669 0.000336 0.015916
1.0 0.673974 0.792289 0.792403 0.039411 0.015041 -0.040947
1.0 -0.210586 0.817165 0.472675 0.020943 0.020084 -0.043849
1.0 0.254745 0.189926 -0.047836 -0.019999 0.025541 -0.031175
1.0 0.881462 0.966786 0.087614 0.006064 0.009453 -0.013267
1.0 -0.904398 -0.714562 0.536016 0.007597 -0.038989 0.025399
1.0 0.586862 0.188459 0.713483 -0.032564 0.049517 -0.021744
1.0 0.867399 -0.174662 0.068054 -0.043286 -0.003562 -0.033105
1.0 -0.212025 0.104125 0.695175 -0.021140 0.003340 0.008944
1.0 -0.056504 0.068757 -0.280820 -0.046129 -0.021959 -0.035517
1.0 -0.766201 -0.105671 -0.567157 0.001049 -0.039611 0.011674
1.0 -0.533312 0.847689 0.492766 -0.048559 -0.010085 0.018433
1.0 0.142304 -0.260926 -0.374938 -0.039245 0.021638 -0.039074
1.0 -0.828617 0.617843 0.871380 0.006389 0.030004 -0.028403
1.0 -0.044420 0.077380 0.862662 -0.014177 0.005969 -0.003786
1.0 0.194982 -0.040294 0.432137 0.028759 0.046506 0.006616
1.0 0.627903 0.098237 0.103530 -0.008394 0.028839 -0.012987
1.0 0.427969 -0.791370 -0.344010 -0.019376 -0.005768 0.003751
1.0 0.861859 0.736511 0.808744 0.014559 0.045666 -0.040133
1.0 -0.490910 -0.652629 0.914744 -0.011716 0.023416 -0.009762
1.0 -0.010951 0.824151 -0.284897 0.015120 0.047885 0.049794
1.0 -0.973366 0.285606 -0.739262 0.009047 0.026204 -0.036904
1.0 -0.029137 0.113049 0.926734 -0.042153 0.043925 0.032894
1.0 0.257113 -0.979389 0.403781 0.026158 0.043540 0.039242
1.0 0.554734 -0.949110 0.180289 0.008458 0.029477 -0.006576
1.0 0.105689 -0.536999 0.528190 -0.035115 -0.022080 0.014211
1.0 0.372739 0.513874 -0.102262 -0.022267 -0.011724 0.033655
1.0 -0.374188 -0.430639 0.124258 0.000900 0.026546 -0.011962
1.0 0.897080 0.024183 0.616920 0.038934 0.044771 -0.021746
1.0 0.727278 0.296428 -0.519714 0.035538 -0.022241 0.004565
1.0 -0.122777 0.349515 0.546519 -0.038751 -0.029389 0.024244
1.0 0.199877 0.768719 0.051801 0.023938 -0.025232 -0.018061
1.0 -0.538625 0.433357 0.559712 -0.037569 0.012865 0.005735
1.0 -0.283263 0.065123 0.250322 -0.031116 -0.034943 0.014547
1.0 -0.934390 0.918643 0.941949 -0.009295 -0.045724 0.010565
1.0 -0.676868 0.893240 -0.264793 -0.000420 0.038025 0.043256
1.0 -0.757261 -0.833044 -0.597753 0.048121 0.034301 -0.046485
1.0 0.598768 -0.221471 0.081358 0.015792 -0.002283 0.030185
1.0 0.828070 0.128152 0.652682 -0.019299 0.019072 0.038310
1.0 -0.558606 0.123853 -0.630557 -0.036223 -0.040128 -0.005118
1.0 -0.341182 0.585212 0.524679 -0.003796 0.041349 0.045166
1.0 -0.625459 0.353769 -0.569675 0.009235 -0.033811 -0.004084
1.0 0.011212 -0.596888 0.112144 -0.029419 -0.041308 -0.013927
1.0 0.179953 -0.629402 0.116375 -0.022762 0.017493 -0.018533
1.0 0.778835 0.344410 -0.535530 -0.011283 -0.031992 0.000442
1.0 -0.862243 -0.196493 -0.888813 -0.021301 0.004739 -0.025961
1.0 -0.663693 0.378597 0.040562 -0.009320 0.016155 0.036889
1.0 -0.750303 -0.861637 0.402177 0.041261 -0.026455 0.041135
1.0 -0.391763 -0.249586 -0.911477 0.032443 0.046753 0.017093
1.0 -0.236347 0.693728 0.924946 0.039391 0.036623 -0.048978
1.0 -0.747345 -0.553696 0.754177 0.048222 -0.044329 -0.044432
1.0 -0.481122 -0.427633 0.334034 0.033237 -0.046553 0.024203
1.0 0.227607 -0.728054 -0.804214 -0.017799 -0.022607 -0.044184
1.0 0.806831 0.070337 -0.145976 -0.044307 -0.035576 0.008461
1.0 0.455242 0.857851 -0.029240 0.024438 -0.039031 0.019408
1.0 0.714835 -0.950777 0.592519 0.039101 0.036168 0.036066
1.0 -0.751150 -0.264164 0.885485 -0.013284 -0.025920 -0.047518
1.0 -0.259189 0.560736 -0.309599 -0.027345 0.013963 0.004674
1.0 -0.661316 -0.932975 0.839862 -0.019696 -0.043554 0.022761
1.0 0.495038 -0.918996 0.880637 -0.017726 0.025494 -0.025536
1.0 -0.670264 -0.642068 -0.248343 0.009192 -0.038205 0.034095
1.0 -0.774968 0.257997 0.175916 -0.041996 0.005331 -0.033560
1.0 -0.520421 0.317966 0.166665 0.045923 0.012859 -0.023394
1.0 -0.560817 -0.704166 0.450974 0.034215 0.013081 -0.003293
1.0 0.182496 -0.481228 0.996972 0.033677 0.011977 -0.019353
1.0 0.386247 -0.707082 -0.079184 0.031101 -0.016217 -0.040932
1.0 0.656497 0.635049 0.740660 -0.035922 -0.015825 -0.002290
1.0 -0.709360 -0.931600 -0.007206 -0.022509 -0.047930 -0.023515
1.0 0.202006 -0.410914 0.029589 -0.031782 0.005734 -0.014679
1.0 0.707112 0.627448 -0.193251 -0.040987 0.034515 -0.017244
1.0 -0.143788 0.571918 -0.838730 -0.034456 0.001196 0.022916
1.0 0.315127 0.309731 0.648053 -0.023977 -0.007744 -0.022636
1.0 0.781833 -0.189742 -0.571865 0.042832 0.044139 -0.012373
1.0 0.626632 0.178423 -0.937833 0.018560 0.021408 0.023315
1.0 -0.468696 0.440432 -0.254391 0.029998 -0.029985 -0.025383
1.0 -0.263801 -0.642303 0.741947 -0.012869 0.020509 -0.016263
1.0 -0.361727 0.689349 -0.379407 0.014547 -0.045118 0.049513
1.0 0.077453 -0.663467 0.415774 -0.049119 -0.004988 0.037300
1.0 0.196327 -0.574883 -0.259225 0.012186 -0.020851 0.048561
1.0 0.353850 0.661382 -0.399804 -0.006936 -0.040163 -0.009720
1.0 -0.306498 0.071390 0.172644 0.025303 -0.043198 0.016287
1.0 0.256018 -0.096960 0.949428 0.000873 0.047821 0.043056
1.0 0.722961 0.310792 -0.084788 -0.004087 0.022660 0.012709
1.0 0.286180 0.694604 -0.108422 -0.014254 -0.022671 0.041211
1.0 -0.942892 -0.759901 0.032128 0.002139 -0.009394 0.017063
1.0 -0.156832 -0.762545 -0.621535 -0.028634 0.010852 -0.007555
1.0 0.878043 0.772106 -0.947398 0.036149 -0.026209 -0.046077
1.0 0.696356 0.315159 0.117145 -0.028499 -0.014999 -0.027417
1.0 -0.294352 -0.530296 0.326311 -0.006959 -0.047355 0.032086
1.0 0.680787 0.980426 0.236180 0.011008 0.003273 0.025758
1.0 -0.041890 0.601992 0.748053 -0.038917 -0.011949 0.026478
1.0 0.480115 -0.118199 0.912435 -0.029258 0.034299 -0.041809
1.0 0.355525 0.645860 0.227277 -0.030531 0.018722 -0.041487
1.0 0.424964 0.138797 -0.741305 -0.031032 -0.049032 -0.031872
1.0 0.224914 0.210040 -0.678245 0.017765 0.037390 -0.015985
1.0 -0.525066 0.026120 -0.298179 0.021856 -0.015398 0.044315
1.0 0.638499 0.785999 -0.483740 0.006240 -0.025138 -0.022159
1.0 -0.684846 -0.102748 0.552156 0.049739 0.048273 -0.008143
1.0 -0.896650 0.587170 0.198209 -0.014435 0.048509 0.002934
1.0 -0.439005 -0.376698 -0.260249 -0.029429 -0.026378 -0.034503
1.0 0.370708 -0.543273 0.144697 0.044807 -0.048906 -0.010187
1.0 -0.334130 -0.840328 -0.977453 0.007879 -0.042139 -0.023581
1.0 0.066393 0.286334 -0.196776 0.037490 -0.044928 0.039996
1.0 -0.958158 -0.134758 0.039075 0.023342 0.029189 -0.025420
1.0 0.323755 0.857417 0.614100 -0.049868 0.036013 -0.025968
1.0 0.200106 0.733465 -0.757422 -0.005733 -0.013206 -0.038716
1.0 0.227399 -0.139480 -0.654444 -0.033031 -0.041801 -0.013290
1.0 -0.274968 -0.818474 0.639283 0.043647 -0.035007 -0.004952
1.0 -0.153875 -0.988202 -0.778717 0.029463 -0.049827 0.005266
1.0 0.597706 0.403235 -0.497442 0.031569 -0.017126 -0.048591
1.0 0.920469 -0.089421 0.543116 0.033311 -0.041416 0.021654
1.0 0.242033 0.793679 -0.914998 -0.008001 0.042619 0.005815
1.0 -0.439803 -0.940926 0.369207 0.035261 0.040185 -0.014481
1.0 -0.129727 -0.810678 -0.319687 -0.031042 -0.040550 -0.048300
1.0 -0.478891 0.805808 -0.147005 0.009328 0.037540 0.045383
1.0 0.816825 0.132300 -0.317170 0.023621 -0.009963 0.038476
1.0 0.953060 -0.512857 -0.436871 0.035700 -0.004720 -0.024189
1.0 0.155575 -0.981697 0.245665 -0.020388 0.048720 -0.013778
1.0 -0.105956 -0.727534 -0.061544 -0.038236 0.031578 -0.035575
1.0 -0.244646 0.944215 0.367244 0.029337 -0.015536 -0.001507
1.0 -0.049282 -0.968477 0.004672 0.024478 0.049560 -0.002228
1.0 -0.703340 0.967271 -0.462952 0.013917 -0.044607 -0.031330
1.0 -0.175927 0.237982 0.871888 -0.026627 -0.007214 0.031542
1.0 -0.576963 0.024658 -0.183823 -0.014413 -0.047348 0.007266
1.0 0.835567 -0.741685 0.067055 -0.022589 0.032583 -0.034541
1.0 0.778168 0.630544 0.736010 -0.031898 -0.033515 -0.013958
1.0 0.047147 0.204875 0.543931 -0.039295 -0.012393 -0.003964
1.0 -0.409432 0.216300 0.300777 0.031152 -0.001134 -0.020436
1.0 -0.064703 -0.709155 -0.326915 -0.001146 -0.037918 0.006992
1.0 0.664073 -0.099504 -0.184826 -0.044108 0.026469 0.033269
1.0 -0.903349 0.086181 0.989581 0.028751 -0.011261 -0.042415
1.0 0.605284 -0.985473 -0.003079 -0.041857 0.022053 -0.005738
1.0 -0.687875 0.328398 -0.875890 0.012591 -0.028227 0.043033
1.0 0.503989 -0.143180 -0.095737 -0.027511 -0.031475 -0.032961
1.0 -0.364890 -0.859784 -0.508218 0.031236 0.037023 0.014231
1.0 0.005136 -0.597336 0.626633 -0.040282 -0.019512 -0.021623
1.0 0.361189 0.091622 0.476066 0.023071 0.041405 -0.002066
1.0 -0.908096 -0.790991 -0.659897 0.032455 0.005781 -0.043197
1.0 0.819358 0.016177 -0.822012 -0.042701 0.020853 0.024752
1.0 0.290134 0.433844 0.273208 -0.017866 0.000865 -0.009340
1.0 -0.090749 0.787339 -0.812852 0.049351 0.023414 -0.046944
1.0 -0.754133 -0.535493 -0.713786 -0.013476 -0.009174 -0.017203
1.0 0.661248 -0.834942 0.410897 0.039381 0.013792 0.028914
1.0 0.966865 0.527392 0.558994 -0.015701 -0.003661 -0.026584
1.0 -0.139616 -0.440971 -0.737588 -0.006992 -0.036337 0.013984
1.0 0.516701 -0.525649 -0.961709 0.023309 0.049304 0.013752
1.0 0.227751 0.930147 0.138869 -0.001797 0.042231 0.000879
1.0 0.793139 -0.013229 -0.839068 0.012931 -0.034718 0.047104
1.0 0.960312 0.414922 0.984546 0.015059 -0.025394 -0.008461
1.0 -0.406260 -0.437313 0.477782 -0.001273 -0.047682 0.006366
1.0 -0.078480 0.748153 0.310998 -0.033803 0.028533 -0.012270
1.0 0.575986 -0.367071 0.809129 0.033964 -0.021834 0.020306
1.0 -0.537662 -0.372260 0.877424 0.034341 -0.004364 0.015806
1.0 0.722465 -0.777173 0.840319 0.034264 -0.025667 -0.025374
1.0 -0.009400 0.281144 -0.913420 -0.049735 0.048994 0.030609
1.0 -0.873453 -0.274119 0.180497 0.025695 -0.040919 0.014966
1.0 -0.681187 0.682010 0.501026 0.018716 -0.043553 0.021366
1.0 -0.813094 -0.885892 0.869797 0.039041 0.011885 0.022462
1.0 0.459436 -0.892951 0.785212 0.009338 -0.016451 -0.010900
1.0 0.567747 -0.037732 0.984603 0.026206 -0.036873 0.019393
1.0 -0.355997 0.724958 -0.441166 -0.002542 0.044904 -0.007667
1.0 -0.826718 -0.536258 -0.094017 0.027676 -0.029651 0.003924
1.0 -0.775032 0.279106 -0.947929 0.021116 -0.024509 0.003662
1.0 0.273283 0.101673 -0.596544 -0.034613 -0.044348 -0.038407
1.0 -0.408009 0.024773 -0.699310 -0.023436 0.036831 0.017025
1.0 -0.626141 0.953563 -0.734337 -0.006853 0.043346 -0.008800
1.0 -0.165246 -0.779619 0.885537 -0.046454 0.034607 -0.010082
1.0 -0.785130 0.030022 0.127972 -0.049862 0.006971 -0.049835
1.0 -0.947493 0.652358 -0.978398 -0.028356 0.016970 0.045357
1.0 -0.301778 -0.900199 -0.435108 -0.007196 -0.008567 0.034668
1.0 0.775342 -0.054523 -0.596496 0.028131 0.047838 -0.005198
1.0 -0.148267 0.745017 0.869853 0.023950 -0.008221 -0.035977
1.0 -0.295700 0.934012 -0.024151 0.018527 0.021498 0.036699
1.0 -0.311943 0.332876 -0.276306 0.042188 0.043380 -0.043069
1.0 0.877189 0.441818 0.766286 0.003933 -0.012321 -0.043504
1.0 -0.651641 0.334994 -0.379832 0.028032 -0.013827 -0.043055
1.0 0.378250 0.957479 0.816480 -0.042197 -0.008961 0.032786
1.0 -0.064317 0.333333 -0.137493 -0.014665 -0.009113 -0.033028
1.0 -0.466143 -0.700442 0.458808 -0.047812 0.007570 -0.016839
1.0 -0.845942 -0.350243 0.421536 -0.000541 0.039627 -0.001724
1.0 -0.826926 -0.164572 0.810671 0.004959 -0.034600 0.009075
1.0 0.332197 -0.116277 -0.214398 0.030772 -0.043359 -0.048833
1.0 -0.846763 -0.917692 -0.233090 -0.044133 -0.016360 0.017357
1.0 0.064327 -0.529383 -0.487081 -0.010631 -0.043341 -0.025780
1.0 -0.894647 -0.165122 0.364494 0.039218 0.020956 -0.015973
1.0 0.415279 -0.795363 0.176476 0.047593 -0.024376 0.019078
1.0 -0.097532 -0.479278 -0.351813 -0.028532 0.047187 0.046934
1.0 -0.966861 -0.917998 -0.353267 -0.010430 -0.049731 -0.046467
1.0 0.806269 0.135254 0.894705 0.016064 -0.038676 -0.000624
1.0 -0.698130 -0.100395 0.986209 0.003552 0.026245 0.040535
1.0 -0.199003 -0.885224 -0.468514 0.022602 0.040751 0.046965
1.0 -0.423894 -0.469931 0.890888 -0.036007 0.023024 -0.009969
1.0 -0.014847 -0.792842 -0.664026 0.047810 0.011903 0.014142
1.0 -0.883984 -0.452240 0.305147 -0.030666 -0.001318 0.015530
1.0 0.913173 -0.589426 0.695513 -0.007794 0.043133 0.010411
1.0 -0.708446 0.045416 -0.510027 0.046168 0.011100 -0.037399
1.0 -0.871935 0.599588 0.774059 0.033830 0.009171 0.036169
1.0 -0.545433 0.056812 0.209641 0.005095 0.001260 -0.015153
1.0 0.965205 -0.910876 -0.829447 -0.043661 -0.005017 -0.001059
1.0 -0.966644 -0.909911 0.061972 -0.027326 -0.016298 -0.022905
1.0 -0.133058 -0.299271 -0.183914 0.004711 -0.043140 -0.046634
1.0 -0.215370 0.043018 0.228556 0.031865 0.008517 0.044370
1.0 -0.873019 -0.784717 0.242092 -0.001040 -0.036800 0.010443
1.0 0.057399 -0.150553 0.713163 -0.018515 -0.026598 0.029948
1.0 -0.088183 -0.067852 0.391446 -0.017569 0.003901 -0.005241
1.0 -0.469781 0.177094 0.411119 0.005972 0.012944 0.021022
1.0 0.229684 0.493337 -0.492915 -0.027198 0.017709 0.034654
1.0 -0.340683 0.619541 0.481830 -0.028600 0.030855 0.034334
1.0 0.642006 0.600442 0.366396 -0.039164 0.000361 0.026401
1.0 -0.819335 0.117825 -0.427754 0.035935 -0.020754 0.004951
1.0 -0.821328 0.130075 -0.353511 -0.030858 0.026376 0.040090
1.0 0.508892 0.879474 -0.161384 0.003269 0.023183 -0.028979
1.0 -0.013336 0.486372 -0.858994 0.025968 0.010097 0.002902
1.0 0.098155 0.937787 0.248585 -0.011417 -0.021408 0.040693
1.0 0.868091 -0.312084 -0.195525 0.026264 -0.017301 -0.048807
1.0 -0.427038 -0.519272 -0.544612 0.041650 0.043114 -0.034159
1.0 0.354521 0.916518 -0.542567 -0.049376 -0.049794 0.042517
1.0 -0.063084 0.231793 -0.591296 0.038566 0.012442 0.006046
1.0 0.026545 0.500954 0.046339 0.034586 -0.023479 0.022486
1.0 -0.813604 -0.420174 -0.912328 0.028384 -0.037947 -0.025019
1.0 -0.954606 -0.439394 -0.945559 0.028661 -0.036581 -0.001286
1.0 -0.267584 0.757868 0.377038 0.046285 -0.018779 -0.000271
1.0 0.477025 -0.493720 0.463503 0.046584 -0.046002 0.048198
1.0 -0.751495 -0.262020 0.183818 0.010515 -0.005937 0.042787
1.0 0.786462 0.213971 0.406329 -0.048031 -0.001812 0.039560
1.0 -0.904063 -0.498733 0.686183 -0.000911 -0.009619 -0.010332
1.0 0.175146 0.850843 0.553515 0.004060 0.044708 0.031817
1.0 -0.591310 0.903964 0.491059 0.041203 -0.014119 -0.047381
1.0 -0.904804 0.798969 -0.166113 -0.004144 0.035799 -0.008348
1.0 0.390421 0.286292 -0.260214 -0.001601 -0.037683 -0.034401
1.0 -0.400972 -0.619270 0.147986 0.025964 -0.013053 -0.015304
1.0 0.149406 -0.729652 -0.684321 0.047357 -0.018859 -0.014434
1.0 -0.672451 0.035764 0.590691 0.017140 0.032895 0.039633
1.0 -0.207770 -0.914654 0.523179 0.044285 -0.007921 0.045479
1.0 0.151465 -0.237821 -0.646047 0.018851 -0.049452 0.019283
1.0 0.953677 0.971178 0.144075 0.039761 -0.003021 -0.026634
1.0 -0.004980 0.630772 0.189325 -0.034983 0.004570 0.033205
1.0 -0.188429 -0.831485 0.688206 -0.026738 -0.014504 -0.004537
1.0 -0.857260 -0.246103 0.564795 0.019745 0.033101 0.014181
1.0 -0.994187 0.087124 0.835010 0.031644 0.014051 -0.026359
1.0 0.893502 -0.045633 -0.202368 -0.001636 0.039091 0.036339
1.0 0.658650 -0.360159 -0.287845 -0.009575 0.018508 0.020665
1.0 -0.945793 -0.375640 0.752286 0.025758 0.037668 0.049070
1.0 0.092140 -0.250481 -0.316877 -0.035241 -0.048463 0.013821
1.0 0.390793 -0.087792 0.484540 0.031524 0.007675 -0.009650
1.0 -0.520628 -0.389038 -0.766041 -0.047580 -0.002758 -0.035683
1.0 -0.339805 -0.392946 -0.127490 0.015512 -0.005978 -0.025192
1.0 0.975231 0.166174 -0.306964 0.027335 0.040856 -0.039768
1.0 0.095630 0.915662 0.993258 -0.034366 0.013902 -0.019254
1.0 0.598561 0.825061 0.935346 0.001904 0.033158 0.039637
1.0 0.486004 -0.444039 -0.150685 -0.009739 0.029085 0.017980
1.0 -0.523821 0.838422 -0.903124 -0.000437 -0.043196 -0.005865
1.0 -0.438145 0.523683 0.163167 0.027415 -0.042535 0.016451
1.0 -0.890283 0.696088 -0.932450 -0.004342 -0.045533 -0.049201
1.0 -0.855750 -0.979437 0.640066 0.001929 -0.006669 -0.013635
1.0 -0.845131 0.968413 0.290920 0.022992 -0.046622 0.021678
1.0 0.148929 -0.794904 -0.757535 -0.031765 -0.018213 0.040834
1.0 0.945196 -0.148151 0.907772 -0.002713 -0.014451 0.049823
1.0 -0.868215 -0.753763 -0.117961 -0.045804 0.043535 0.012947
1.0 0.685652 0.580702 0.879464 -0.028290 -0.014608 0.019991
1.0 0.474202 -0.873558 0.880842 0.043590 0.045563 0.048156
1.0 -0.307097 0.946758 -0.405475 -0.019583 -0.037334 -0.009917
1.0 -0.938883 0.020460 0.869115 -0.001761 -0.019035 -0.044578
1.0 0.184122 -0.073121 -0.313527 -0.033922 0.031879 -0.000929
1.0 0.029164 -0.486724 -0.959805 -0.003499 -0.037605 -0.020613
1.0 -0.596623 0.324228 0.922093 -0.018994 -0.022270 0.030829
1.0 -0.861800 -0.046361 0.677374 0.043268 0.005149 -0.038641
1.0 -0.883072 0.310446 0.605368 0.025769 -0.006229 0.018375
1.0 -0.473040 0.252423 -0.850025 -0.024839 -0.004158 0.015041
1.0 -0.734160 0.050045 0.452281 0.043988 0.034596 -0.041109
1.0 -0.339925 0.789584 -0.506659 -0.022822 -0.044976 0.034417
1.0 -0.617548 -0.697465 0.000684 -0.023814 -0.036616 -0.024352
1.0 0.422856 -0.169625 0.920705 0.039674 -0.048464 -0.012246
1.0 0.194589 -0.377459 -0.495270 0.035350 -0.004129 0.000624
1.0 -0.578681 0.701655 -0.586193 -0.048547 0.040986 0.003780
1.0 0.060085 0.839977 -0.178915 -0.033916 0.006283 -0.029324
1.0 -0.231064 -0.389740 -0.576635 -0.036464 -0.019636 0.020881
1.0 -0.155665 0.079153 -0.911039 0.039705 0.044367 0.031054
1.0 0.926760 -0.128350 0.777153 0.023872 -0.004883 -0.034681
1.0 0.884597 0.378469 0.022277 0.028073 -0.001957 0.037744
1.0 0.057880 -0.088940 -0.581082 0.009674 -0.012432 0.033032
1.0 0.663063 -0.236002 0.674011 0.010713 0.049133 0.019253
1.0 -0.833478 0.090797 -0.664652 -0.001631 -0.015668 0.033178
1.0 0.344304 0.346956 0.862972 0.036694 0.049718 -0.017961
1.0 -0.896393 0.048990 -0.119193 0.019894 0.000873 0.005523
1.0 -0.098003 0.626683 0.226630 -0.006697 -0.018639 -0.043017
1.0 0.116454 -0.708979 -0.481668 0.007156 0.035063 -0.019436
1.0 0.102046 0.625645 -0.167271 0.048332 -0.029438 0.006355
1.0 0.529909 0.148965 0.255929 0.026015 0.035123 -0.040979
1.0 0.260058 -0.184422 -0.247837 0.019302 0.010922 -0.031585
1.0 -0.445924 0.441101 0.616324 -0.018353 -0.046509 0.028615
1.0 -0.326071 0.021326 0.266230 -0.025583 0.009510 0.014893
1.0 -0.324122 0.913051 -0.581280 0.040321 0.010804 0.021849
1.0 0.000806 0.371951 0.633199 -0.014451 0.040859 0.039018
1.0 -0.440575 -0.026103 -0.811752 -0.033858 -0.004779 0.012141
1.0 -0.445362 0.785338 -0.645597 -0.005936 0.014605 0.030404
1.0 -0.417931 -0.081172 -0.962114 -0.035231 -0.007127 -0.032003
1.0 0.073215 -0.550889 -0.904653 -0.030089 0.032407 0.030769
1.0 -0.804338 -0.260661 0.296508 0.041174 0.008099 -0.009980
1.0 0.901229 -0.813617 0.873097 -0.026293 0.041011 -0.024855
1.0 -0.860771 -0.252682 -0.621898 -0.029948 0.022023 -0.032982
1.0 -0.878910 -0.882395 0.562175 -0.005919 -0.046455 0.003266
1.0 0.485809 0.229484 0.820929 0.001746 -0.026464 0.012255
1.0 0.139422 -0.108341 -0.838636 0.001413 -0.035512 0.006351
1.0 -0.414099 0.215340 0.848030 -0.043519 0.002647 -0.003865
1.0 -0.580149 0.259228 0.331282 0.031418 0.021067 0.013753
1.0 -0.556982 0.638480 -0.812974 -0.027397 0.026906 0.031605
1.0 -0.171468 0.675406 0.251907 0.041312 -0.026334 -0.019541
1.0 -0.476262 -0.794979 -0.108827 0.029380 -0.029125 -0.012792
1.0 -0.170496 -0.205912 0.201742 0.021188 -0.001984 0.001042
1.0 -0.348576 0.684203 -0.359085 0.047524 -0.012200 -0.047724
1.0 -0.128533 -0.095631 0.759662 0.017409 0.049567 -0.011652
1.0 -0.357546 -0.166043 -0.579235 0.009775 -0.012426 0.024087
1.0 0.491650 0.374656 -0.712386 0.039235 -0.041878 -0.002211
1.0 -0.415248 -0.529867 -0.755740 -0.010773 -0.007580 0.048629
1.0 0.989785 0.838405 0.352423 0.023769 -0.017242 0.036525
1.0 -0.487663 0.996196 0.802952 -0.026304 0.031869 0.013910
1.0 0.710903 0.675568 -0.306880 0.043698 0.045976 -0.049918
1.0 -0.223048 0.459892 0.517164 0.030708 -0.028705 -0.033576
1.0 0.023379 0.550674 -0.519859 -0.001614 0.035425 -0.004342
1.0 0.215214 -0.606432 0.178134 -0.041153 0.030139 0.043329
1.0 0.163708 0.264581 -0.184660 0.008231 0.025405 0.022657
1.0 0.465333 -0.759686 -0.658263 -0.018119 -0.046839 -0.049561
1.0 0.594057 -0.397104 0.262921 -0.007537 -0.017253 0.020880
1.0 0.580936 0.242673 0.368316 0.037205 -0.034590 0.044372
1.0 -0.083979 0.117576 -0.326310 0.008072 0.042199 0.037010
1.0 -0.728973 0.009373 0.082849 -0.025378 -0.009519 0.023464
1.0 0.880378 -0.723148 -0.463456 -0.008043 -0.014850 -0.029173
1.0 0.378396 0.304909 -0.643054 -0.047343 -0.033861 -0.022454
1.0 -0.330434 0.721029 0.629367 -0.019285 -0.041962 -0.020617
1.0 -0.399470 0.380535 -0.713021 -0.023474 -0.041550 -0.020522
1.0 0.054491 -0.584454 -0.853512 0.005657 0.034136 0.023358
1.0 -0.573783 -0.792678 -0.284871 0.047441 -0.040932 0.021605
1.0 0.710264 -0.558922 -0.301547 0.041295 -0.019332 0.011441
1.0 -0.499678 0.646144 0.540433 -0.009624 0.026048 0.047116
1.0 0.223004 -0.866559 0.612944 -0.030531 0.003418 0.012040
1.0 -0.076344 0.613413 0.918425 -0.014301 -0.010839 -0.005419
1.0 -0.861488 -0.060099 0.127851 -0.017489 0.008362 0.016164
1.0 -0.529753 -0.858768 -0.509272 -0.029689 -0.030128 -0.013019
1.0 -0.061958 0.093196 0.112902 0.040677 0.030616 0.009189
1.0 0.051182 0.018566 0.583637 0.007503 -0.006250 0.042277
1.0 0.973423 0.136062 -0.431727 0.043563 0.002967 0.012816
1.0 -0.074612 0.241604 0.158489 0.043194 0.001910 -0.002808
1.0 -0.375024 0.860904 0.234173 0.003862 -0.031661 -0.021709
1.0 -0.823862 -0.072896 0.709238 0.016575 0.037753 -0.040406
1.0 0.018354 0.352732 -0.300092 -0.024722 -0.047534 -0.002399
1.0 0.874536 -0.207992 -0.768556 0.013580 0.040284 -0.010557
1.0 0.836718 -0.509865 0.655329 -0.029265 -0.013806 0.000861
1.0 -0.924223 0.782074 0.953288 0.024789 -0.005559 -0.031265
1.0 -0.623986 0.748292 -0.010229 -0.029566 0.035326 0.035704
1.0 -0.930148 0.329643 0.653594 -0.012248 -0.032572 0.035670
1.0 -0.044278 0.396484 -0.850920 0.037075 0.027350 -0.042265
1.0 0.385068 -0.824023 0.458409 -0.035747 0.017119 0.024792
1.0 0.425361 -0.312216 -0.787582 0.049237 -0.039662 0.016450
1.0 -0.011672 0.675763 0.998002 -0.009165 0.009472 -0.040211
1.0 -0.180864 -0.473156 -0.139564 0.024621 0.033955 0.046573
1.0 -0.881080 -0.942505 -0.418180 0.034087 0.014066 -0.002385
1.0 -0.220726 -0.780324 0.261288 -0.029752 0.017614 0.023153
1.0 -0.694187 0.186912 -0.086852 0.013684 -0.034109 0.014689
1.0 0.059058 0.746136 0.689385 -0.038644 -0.043505 -0.043017
1.0 0.401253 -0.571235 -0.423960 0.032277 0.017119 0.014076
1.0 0.386772 -0.875805 -0.735614 -0.042390 -0.022051 0.043290
1.0 0.710208 -0.517909 -0.969629 -0.042819 -0.048664 -0.045364
1.0 0.444823 0.694047 -0.876584 -0.028323 -0.019949 -0.010591
1.0 0.164927 0.343828 -0.747044 0.025781 0.043606 -0.028910
1.0 -0.104914 0.003199 -0.389282 0.011188 0.026341 0.014905
1.0 0.679108 0.780076 -0.151170 -0.048177 -0.026323 0.041624
1.0 -0.839798 -0.237017 0.832799 0.002333 -0.041282 -0.039555
1.0 0.745247 0.418831 0.123432 0.035092 0.029773 0.047206
1.0 0.778478 0.893445 -0.162378 -0.045223 0.015319 -0.044873
1.0 0.534235 -0.386297 -0.328286 0.044375 0.035690 0.033770
1.0 0.174517 0.949492 0.229381 -0.045334 0.017081 0.033697
1.0 -0.915523 -0.480223 0.400000 0.021028 -0.004053 0.034337
1.0 0.962189 0.827221 0.399858 -0.019373 0.018752 0.003227
1.0 0.568889 0.664790 0.924497 0.029377 -0.031739 0.047596
1.0 -0.269762 -0.790585 0.210067 0.000190 -0.005824 -0.008095
1.0 0.509060 -0.173741 -0.323884 -0.034545 -0.035491 -0.017073
1.0 -0.867425 -0.219540 -0.595747 -0.029228 0.003408 -0.003767
1.0 0.170402 -0.954126 -0.185447 -0.032114 0.049892 -0.009420
1.0 0.549711 -0.048479 0.072040 0.047515 0.022027 0.000163
1.0 -0.726568 -0.739363 -0.521290 0.016787 0.012862 0.045746
1.0 -0.099180 -0.619140 0.037190 -0.030099 0.019915 0.009677
1.0 0.927457 -0.512908 0.738055 -0.027684 -0.040239 -0.028258
1.0 0.535575 -0.531581 -0.489324 -0.031562 -0.020207 -0.015864
1.0 0.229586 -0.249393 0.260918 0.041752 -0.040329 0.024592
1.0 0.578535 -0.735342 0.922786 0.016285 -0.028502 0.022894
1.0 0.767335 -0.784246 0.099792 0.001770 -0.010187 -0.010645
1.0 -0.765673 0.529076 -0.785215 0.030256 0.001992 -0.001861
1.0 0.191151 -0.451193 -0.945605 -0.030984 0.017480 -0.044315
1.0 -0.947510 0.249348 -0.992113 0.042511 0.023072 0.040157
1.0 -0.685097 0.235582 0.112725 0.046922 0.034842 0.021089
1.0 -0.728965 -0.556560 -0.118700 0.013269 -0.025109 0.039354
1.0 -0.401081 0.744150 0.752856 0.016889 -0.018557 0.035517
1.0 -0.246381 0.180927 -0.765989 -0.013249 0.016237 -0.015479
1.0 -0.047229 0.186639 0.547988 0.031196 -0.015821 -0.006962
1.0 -0.368862 -0.516839 -0.639037 0.014761 -0.016002 -0.021792
1.0 0.200287 0.645142 0.824657 -0.014292 -0.034052 0.049213
1.0 -0.999628 0.840604 -0.331656 -0.041036 -0.029742 0.018873
1.0 -0.711122 -0.421222 -0.725862 -0.018167 -0.019684 0.019500
1.0 -0.813359 -0.766787 -0.774783 -0.033922 -0.014509 -0.046576
1.0 0.871270 0.809063 -0.266293 0.017204 0.002877 0.017641
1.0 -0.437654 0.416770 0.476272 0.013746 0.036017 0.044521
1.0 0.418562 -0.180482 -0.890664 -0.044511 0.002363 0.027297
1.0 0.366825 0.477379 0.412250 0.001204 0.042802 -0.041932
1.0 -0.197352 0.215788 -0.155035 -0.005972 0.043963 -0.006147
1.0 0.335485 0.616050 0.211490 0.026156 0.007188 -0.034288
1.0 0.484655 0.364196 0.804046 -0.022274 0.000590 0.016446
1.0 -0.546243 -0.666466 0.603177 -0.009659 0.026924 0.011368
1.0 -0.425460 0.977532 -0.473044 -0.034230 0.025951 -0.024355
1.0 0.639739 -0.686426 0.127002 -0.040027 0.045111 -0.029166
1.0 -0.543399 0.865714 -0.699984 0.021675 0.031049 0.021113
1.0 0.019173 0.726856 0.189256 0.022631 0.049436 -0.045373
1.0 -0.812382 -0.981370 0.193075 -0.020004 0.016003 -0.029366
1.0 0.625078 -0.714023 0.519733 -0.036466 0.017501 0.003703
1.0 -0.767121 0.986132 -0.291489 0.009267 0.042604 -0.034893
1.0 0.127848 0.706545 -0.581113 -0.042989 -0.021922 -0.041485
1.0 0.580653 0.337862 0.488647 0.026644 -0.049669 0.009850
1.0 0.615889 -0.582249 -0.747818 -0.023456 -0.044918 0.039683
1.0 -0.601125 -0.856482 0.992343 0.001454 -0.044389 -0.007756
1.0 -0.565431 -0.159079 -0.306707 0.020112 0.007857 -0.012321
1.0 0.755476 0.812280 0.679919 -0.025017 -0.018430 -0.039860
1.0 -0.383820 -0.524029 -0.564685 0.040582 -0.018552 -0.017609
1.0 0.977294 -0.016844 0.582515 -0.012794 -0.017678 -0.000973
1.0 0.636756 -0.110886 0.742437 -0.048083 0.046385 -0.017532
1.0 -0.957321 0.689938 -0.472288 -0.007385 -0.000443 0.033226
1.0 0.232275 -0.989506 -0.496864 -0.026934 0.012721 -0.004740
1.0 0.788601 -0.719698 0.456800 0.034192 -0.018572 0.035994
1.0 -0.620494 -0.769328 -0.851641 0.020717 0.014876 -0.048890
1.0 0.294782 -0.959907 0.759163 0.042047 0.026143 0.000935
1.0 0.584144 0.535288 0.837157 -0.021622 -0.008290 -0.011963
1.0 0.913598 0.687140 -0.908935 0.041200 0.025297 0.034422
1.0 -0.668889 0.173321 0.967961 -0.010785 0.002281 -0.014350
1.0 0.248476 0.738393 -0.996660 0.024795 0.030620 -0.033957
1.0 0.858214 0.368840 -0.769761 -0.033417 0.029345 -0.003378
1.0 -0.805727 0.548047 0.646006 -0.018856 0.021102 -0.013679
1.0 -0.606896 -0.158675 -0.914647 0.039936 -0.022632 0.018918
1.0 0.408344 -0.081325 0.864133 0.045482 0.035998 0.020322
1.0 -0.503727 -0.835843 0.777641 -0.040449 -0.037636 -0.023344
1.0 -0.407646 -0.929222 -0.729272 -0.009073 -0.006545 -0.009259
1.0 0.526344 0.573830 -0.541415 0.032391 -0.002373 0.002311
1.0 0.197388 -0.625495 0.125880 0.008344 0.047514 0.045367
1.0 -0.618271 0.998925 0.750767 0.009037 0.017534 -0.008695
1.0 0.211429 -0.058713 -0.671875 0.017882 0.047162 0.000872
1.0 -0.041064 -0.230404 -0.083663 -0.002202 0.023658 0.046427
1.0 0.311926 -0.416123 -0.332163 -0.021381 0.044286 -0.033230
1.0 0.394613 -0.499555 0.258660 -0.026878 -0.004787 0.029686
1.0 0.526807 -0.372116 0.154842 0.019047 0.019329 -0.001124
1.0 0.268922 0.582773 -0.684417 -0.023719 0.029015 0.014461
1.0 -0.039444 0.104175 0.313338 0.016771 -0.033013 0.031204
1.0 0.931002 -0.626243 -0.288938 0.040775 -0.019572 -0.042022
1.0 0.312034 0.923958 -0.207638 0.007256 -0.044113 -0.023113
1.0 -0.284603 -0.649649 0.446570 -0.049385 0.013880 -0.006871
1.0 -0.062168 0.213135 -0.108319 -0.024765 -0.006007 -0.030350
1.0 -0.823060 0.200747 0.031589 0.048286 -0.037152 0.030997
1.0 0.296429 0.018184 -0.250019 0.023657 -0.027645 -0.041019
1.0 0.390114 -0.956760 -0.693797 -0.034254 0.004118 -0.047121
1.0 -0.738555 0.572023 -0.604090 0.049773 0.036560 0.028301
1.0 -0.866332 0.315425 0.432778 -0.028961 -0.027024 0.046296
1.0 0.592232 -0.518499 0.646483 -0.016604 -0.034006 -0.017988
1.0 -0.301713 0.310018 -0.295430 -0.022407 -0.036693 -0.020177
1.0 -0.016839 -0.580493 0.407450 0.049704 -0.009094 -0.007596
1.0 0.234897 0.850222 -0.236549 -0.025103 -0.034089 0.011172
1.0 -0.846085 -0.242552 -0.716838 0.029460 -0.006474 0.001868
1.0 0.511647 -0.070018 -0.069521 0.035502 -0.040462 -0.004036
1.0 0.677558 0.377046 0.571251 0.043207 0.016197 -0.012104
1.0 0.833327 0.440148 0.017759 -0.036779 0.029326 0.029849
1.0 -0.634642 0.253205 -0.071541 0.045125 -0.037396 0.012334
1.0 -0.326764 -0.770085 -0.487043 0.045897 0.043312 0.042839
1.0 -0.947030 -0.441028 -0.616106 0.004948 0.014344 0.036521
1.0 0.764049 0.025000 -0.290051 0.006735 0.012504 -0.020098
1.0 -0.850167 0.764240 -0.074107 0.024072 0.027035 -0.016055
1.0 -0.403021 -0.880685 -0.966611 -0.004824 -0.041623 -0.030077
1.0 0.796424 0.731771 -0.730103 0.004083 0.010206 0.011853
1.0 0.898185 0.537406 0.269092 -0.037632 -0.019016 0.041297
1.0 -0.418493 -0.311548 -0.410921 0.024035 0.006303 0.009266
1.0 0.767291 -0.031318 -0.242677 -0.041844 0.044428 0.013782
1.0 -0.035906 0.303278 -0.080742 -0.043827 0.010802 0.044000
1.0 -0.203211 0.674430 0.504219 0.001092 -0.011948 0.041955
1.0 0.010379 0.505131 -0.108778 -0.044592 0.025562 -0.011788
1.0 -0.281693 -0.903958 -0.719266 0.027644 0.004848 0.013235
1.0 0.180307 -0.277809 -0.712657 -0.026882 -0.001707 -0.026614
1.0 -0.336257 -0.038005 0.344969 0.021687 0.042382 0.039275
1.0 0.909641 0.213526 -0.989811 0.006944 -0.002255 0.033075
1.0 0.009329 0.518261 0.733438 -0.036325 0.029878 -0.025435
1.0 0.269021 -0.253311 -0.041819 -0.007234 -0.006669 0.004933
1.0 -0.113390 0.712252 0.371300 -0.006317 0.025995 -0.039940
1.0 0.891466 0.153644 -0.670119 -0.030810 -0.020613 -0.014276
1.0 0.854538 -0.913659 -0.732275 0.048945 -0.010479 0.045206
1.0 -0.924717 0.689937 -0.854475 0.045091 0.041690 0.028550
1.0 0.168592 0.852525 0.979237 -0.042199 -0.006307 -0.010871
1.0 -0.922513 0.293331 -0.249120 0.016012 -0.014008 -0.049168
1.0 0.573027 0.419399 -0.830614 0.030754 -0.006329 -0.036394
1.0 0.193659 0.845488 -0.529178 -0.041115 -0.045744 0.028172
1.0 -0.522872 0.003765 0.235316 0.039018 -0.016881 -0.024453
1.0 0.364998 -0.664367 -0.903496 -0.002990 0.034119 -0.029339
1.0 0.189468 -0.168597 0.936744 0.034635 -0.009543 -0.008635
1.0 -0.322600 -0.098247 -0.927863 -0.016628 0.042734 -0.028602
1.0 -0.060024 -0.681595 0.883262 0.029291 0.044990 0.032158
1.0 -0.089033 -0.186028 0.334611 0.043760 0.018538 0.007340
1.0 -0.095111 0.882871 -0.221904 -0.018147 0.043108 -0.007511
1.0 0.170614 -0.417041 -0.622511 0.031352 -0.010313 0.043775
1.0 0.072616 0.351016 0.522168 -0.012086 0.048684 0.023381
1.0 0.907466 0.828280 -0.675207 -0.017604 -0.002966 0.011917
1.0 0.675856 0.272701 0.361073 0.014759 -0.027681 0.044644
1.0 -0.013515 0.637651 -0.765445 -0.025252 -0.047524 -0.000121
1.0 0.158558 -0.634315 0.477284 -0.029298 0.049781 -0.027279
1.0 0.176290 -0.047178 0.231646 -0.009119 -0.026467 -0.037818
1.0 -0.977381 -0.674661 -0.967816 -0.001396 -0.019869 0.043836
1.0 -0.954428 -0.545494 0.128503 -0.024445 -0.047515 -0.036415
1.0 -0.857542 0.658446 0.544963 0.034216 -0.035753 0.031362
1.0 -0.268749 -0.941518 0.052890 -0.021931 -0.016025 0.021923
1.0 0.811507 0.793866 -0.376447 0.048436 0.031693 0.036085
1.0 0.610755 0.695755 -0.066358 0.046637 0.012207 -0.035467
1.0 0.172790 -0.447850 -0.721539 -0.006739 0.031868 0.006232
1.0 -0.223600 0.415018 -0.106089 -0.019611 -0.044472 -0.043116
1.0 -0.356845 0.913571 -0.263332 -0.005136 -0.001751 -0.025923
1.0 -0.289336 -0.687067 -0.848315 0.006942 0.045266 0.042663
1.0 0.010759 -0.865863 -0.868268 0.045363 0.000154 -0.031666
1.0 0.999240 0.328943 0.076304 0.044688 0.019365 0.027527
1.0 -0.241592 -0.963659 -0.731322 0.034565 0.030073 0.030113
1.0 -0.399234 -0.884410 0.938071 -0.012089 -0.011218 -0.006442
1.0 -0.039141 0.940043 0.634860 -0.047264 -0.000640 -0.038817
1.0 0.825729 0.816056 -0.924152 0.001899 0.000929 -0.014747
1.0 -0.744884 0.581312 0.888645 0.049155 -0.033062 0.027071
1.0 -0.246132 -0.408321 -0.150246 -0.013734 0.041097 0.037361
1.0 0.715512 0.882759 -0.266772 -0.029489 -0.044077 0.016059
1.0 0.755863 0.205684 0.523508 -0.019244 -0.007448 -0.029399
1.0 -0.432388 0.947096 0.496542 0.038025 -0.036746 -0.041017
1.0 -0.131169 0.805653 -0.862547 0.011796 -0.014947 0.042652
1.0 -0.748730 0.239256 -0.628739 0.041696 0.039167 -0.009519
1.0 0.375710 0.774620 0.268320 0.002138 -0.032425 0.041860
1.0 0.384299 -0.988946 0.782146 -0.008540 0.013241 -0.014156
1.0 0.808666 -0.586069 -0.359664 -0.015329 0.008746 -0.049092
1.0 -0.819375 0.465113 -0.186182 -0.042656 0.005308 -0.049005
1.0 -0.582881 -0.171325 0.947664 -0.040064 -0.048430 0.003720
1.0 0.560178 0.318371 0.134706 -0.003807 0.046854 -0.011440
1.0 0.023900 0.768578 0.817584 0.004196 0.010648 0.049362
1.0 -0.833294 0.511659 0.777070 -0.044552 -0.036649 -0.017591
1.0 -0.375092 0.098082 -0.544373 -0.019386 0.021274 0.001331
1.0 0.617040 0.145181 -0.661025 -0.031585 -0.001216 0.011149
1.0 0.871744 -0.007809 0.474016 0.029447 -0.007912 0.001550
1.0 0.227448 0.503488 0.856941 0.025964 0.030890 -0.029504
1.0 0.011514 0.518047 0.406747 0.036227 -0.043936 -0.031661
1.0 -0.355803 0.359507 -0.307589 0.042979 0.046822 -0.025084
1.0 -0.124452 0.493370 0.236741 0.031426 0.009469 -0.003866
1.0 -0.329663 -0.244688 -0.214861 0.024004 0.007865 0.010651
1.0 0.190994 0.400685 -0.946523 0.048620 -0.033557 -0.047103
1.0 -0.694373 0.675391 0.361173 -0.033079 0.030187 -0.017014
1.0 -0.831419 0.121755 0.812358 0.022654 -0.022528 0.045084
1.0 0.347153 -0.613703 -0.665975 -0.049223 0.034257 -0.010754
1.0 -0.517377 0.423181 0.245448 -0.011066 -0.013099 0.017758
1.0 -0.211499 -0.411016 -0.838717 -0.005082 -0.027432 -0.032903
1.0 -0.138190 -0.807383 -0.235955 -0.017811 0.000075 0.008646
1.0 0.530142 0.077536 0.084486 0.028484 0.020882 -0.003926
1.0 0.144549 -0.616221 0.981336 0.008744 0.033268 0.023863
1.0 -0.456538 -0.424160 0.294258 0.017586 -0.029423 0.011158
1.0 -0.086770 -0.722189 0.832606 0.044685 0.039173 -0.045057
1.0 -0.814268 0.872801 -0.808560 -0.001985 0.023174 0.014553
1.0 -0.498097 0.110900 -0.838378 0.033290 0.028116 -0.040506
1.0 -0.678739 0.057548 -0.723119 -0.014171 0.000910 0.011822
1.0 -0.219330 -0.521271 0.816354 0.029280 -0.041104 0.041194
1.0 -0.885742 0.551827 -0.164687 -0.031069 0.033765 0.026303
1.0 0.035827 -0.688766 -0.148465 0.047857 -0.028825 0.002457
1.0 0.652797 0.273677 0.317195 0.036213 -0.027996 -0.028821
1.0 -0.707331 0.583414 -0.470139 -0.029432 0.008068 -0.023926
1.0 0.702384 -0.938012 -0.909267 0.016409 -0.014496 -0.041583
1.0 -0.666462 0.957866 0.759970 0.031077 -0.016199 0.030859
1.0 0.284793 0.834615 -0.922212 -0.042316 0.036038 -0.040316
1.0 -0.087281 0.681280 0.997579 -0.017738 0.021632 -0.018602
1.0 0.811393 -0.310314 0.716502 -0.033709 -0.044962 0.010405
1.0 -0.845390 0.864208 0.610280 0.021422 0.046578 -0.038767
1.0 -0.072464 0.466132 -0.517320 -0.030475 -0.029996 0.020967
1.0 0.850515 -0.454781 -0.954122 -0.010654 -0.030038 -0.019887
1.0 0.215246 -0.610641 0.100431 -0.047748 -0.022168 0.030449
1.0 0.905884 -0.120864 0.455496 -0.034425 0.022311 0.020639
1.0 0.552586 0.487732 -0.371144 -0.016635 -0.014427 0.006028
1.0 -0.760423 -0.725697 -0.410461 0.016622 -0.035328 -0.028388
1.0 0.273930 0.310764 0.420842 -0.007754 0.019485 0.034190
1.0 -0.938814 -0.593155 -0.286467 0.013091 0.005672 0.025141
1.0 0.078915 0.513613 0.908082 0.040681 -0.036554 -0.046446
1.0 -0.120588 0.257150 -0.491786 -0.037472 0.013511 0.048437
1.0 -0.504752 -0.953419 -0.100077 -0.029687 0.048720 -0.031638
1.0 -0.969993 0.554142 -0.821376 0.016241 0.030216 0.004328
1.0 0.126968 -0.721659 -0.333731 -0.044588 0.040235 0.040451
1.0 -0.089449 0.117725 0.934532 0.008931 -0.049089 -0.029844
1.0 -0.683101 0.418505 -0.998241 0.002544 -0.030404 -0.027154
1.0 -0.928966 -0.496215 -0.910305 -0.026088 0.038822 -0.036184
1.0 0.928500 -0.285908 -0.632988 0.031914 0.031448 -0.027938
1.0 0.273501 -0.987846 0.746491 -0.031396 -0.021839 0.014592
1.0 0.462911 -0.519361 0.870833 0.010156 -0.001494 -0.001661
1.0 -0.494345 0.902129 0.087036 -0.037358 -0.010819 0.018630
1.0 -0.527130 0.194810 0.502348 -0.013923 -0.022158 -0.032788
1.0 0.130530 0.334788 0.484706 0.031154 -0.008073 -0.021172
1.0 -0.555285 0.247388 -0.228731 -0.008231 0.016999 -0.036121
1.0 0.731548 0.468162 0.797436 -0.041394 0.032886 0.025850
1.0 -0.826311 0.246495 0.464183 -0.019822 0.030428 -0.006176
1.0 0.770128 0.810685 -0.700561 0.011245 0.039925 -0.000584
1.0 0.268326 0.298588 0.606534 -0.043139 0.017499 -0.019073
1.0 0.475490 -0.525431 -0.959176 0.004003 0.031910 -0.044146
1.0 -0.490288 -0.633199 0.232537 0.047297 0.041139 -0.034399
1.0 -0.296184 0.502285 0.427523 -0.021198 -0.048444 -0.006533
1.0 0.894490 0.597966 -0.962565 0.022371 -0.043417 0.031192
1.0 0.409577 0.653592 -0.433310 -0.021378 -0.008521 0.021509
1.0 -0.352768 -0.497464 -0.928604 0.038350 0.027195 -0.046631
1.0 0.144593 -0.847880 -0.512420 -0.027522 0.042148 0.040362
1.0 -0.311340 -0.450868 -0.413630 0.042672 -0.049548 0.028545
1.0 -0.598234 0.314548 0.481698 0.003103 -0.037555 -0.029104
1.0 0.344636 -0.090025 -0.597879 0.024342 -0.003644 0.004889
1.0 0.315037 -0.029297 0.797356 0.014442 0.017470 0.044136
1.0 0.540195 0.024596 -0.378301 0.006899 -0.007988 -0.031319
1.0 -0.383668 -0.981517 -0.274728 0.031303 -0.024737 -0.017047
1.0 -0.104248 0.959613 -0.820349 -0.036621 0.033190 0.013663
1.0 -0.662854 -0.021183 0.651974 0.003998 0.000841 0.040605
1.0 -0.864515 0.045828 -0.325022 0.043723 -0.019034 -0.008620
1.0 -0.951505 -0.719321 0.282775 -0.020125 0.021912 0.033368
1.0 0.347726 -0.358614 0.101286 -0.038344 -0.025069 0.007117
1.0 -0.696665 0.225901 0.844012 0.014580 0.043164 -0.034907
1.0 -0.506811 0.712408 0.423293 -0.032982 -0.026759 -0.019435
1.0 0.129633 0.570357 0.984416 -0.022171 0.016533 -0.037018
1.0 -0.443068 0.215976 -0.962940 -0.012411 -0.020863 0.037646
1.0 -0.512367 -0.940883 -0.223536 0.028880 0.009260 0.000902
1.0 0.833901 -0.010143 0.181287 0.034651 -0.031211 0.025035
1.0 -0.031247 0.743439 -0.815181 -0.012147 -0.009491 0.026114
1.0 -0.722853 0.395946 0.462659 0.023430 -0.031249 0.047358
1.0 0.982659 -0.181246 0.757639 0.022913 0.037002 0.039373
1.0 -0.865803 0.489172 -0.266413 -0.035174 0.023910 -0.022137
1.0 -0.150186 -0.861499 0.812750 -0.029377 0.028326 0.016060
1.0 -0.009367 0.328399 0.418127 -0.010629 -0.040238 -0.026140
1.0 -0.986715 -0.948818 0.590029 -0.022225 -0.009248 0.037460
1.0 0.643054 -0.701871 -0.353692 -0.017374 0.045847 -0.000395
1.0 -0.141645 0.118351 -0.341179 0.005424 -0.007085 -0.018938
1.0 -0.390914 -0.941391 0.403719 -0.044389 -0.044946 0.011572
1.0 -0.030680 -0.322595 0.225424 0.002190 -0.008301 0.015998
1.0 0.063715 0.813976 -0.251429 0.011207 0.014555 -0.043909
1.0 -0.216047 -0.699116 0.277153 -0.035285 0.025754 -0.020624
1.0 -0.731860 -0.718618 0.628017 0.032150 -0.002423 0.025771
1.0 0.966185 -0.527165 -0.547305 0.025132 0.031788 0.042406
1.0 -0.661914 0.568080 0.392971 -0.001479 0.015277 0.004514
1.0 0.013589 -0.666063 -0.977177 0.019614 -0.005092 -0.045587
1.0 -0.630110 0.991886 -0.684833 0.031304 0.034448 0.009498
1.0 -0.599611 -0.887027 -0.565909 -0.012468 0.010618 -0.025241
1.0 -0.807233 0.211591 0.102339 -0.036210 -0.004977 0.024200
1.0 -0.424558 -0.533448 -0.617665 0.036668 -0.038718 -0.045944
1.0 -0.910272 0.358321 -0.088349 0.002425 0.037139 -0.015212
1.0 -0.979477 0.031645 -0.008629 0.016235 0.006492 0.009797
1.0 -0.582289 -0.899783 -0.111104 -0.005900 -0.004534 -0.034039
1.0 0.297191 0.610360 -0.867645 0.004859 -0.000053 -0.028457
1.0 -0.433113 -0.674106 0.534749 0.001721 0.006203 0.041489
1.0 0.231045 -0.020558 -0.838615 -0.047831 0.008512 -0.024148
1.0 0.391514 -0.458694 0.503003 0.034220 -0.040942 -0.003055
1.0 -0.394797 -0.546428 -0.943820 0.048557 -0.014873 0.030515
1.0 0.219878 0.767249 0.408388 0.008243 -0.037412 -0.003196
1.0 0.639778 0.783459 -0.198307 -0.003366 -0.001359 0.019603
1.0 0.067019 0.956540 0.534333 0.003301 -0.036459 0.032195
1.0 0.838459 0.866361 0.961760 0.044795 -0.018614 0.048956
1.0 0.798187 -0.140824 -0.312880 -0.005477 -0.046044 -0.002940
1.0 -0.187325 0.944328 0.697481 0.037516 0.003181 0.033596
1.0 -0.621184 0.545803 0.735485 0.008133 0.044403 0.049869
1.0 0.740119 -0.161713 -0.056611 -0.037729 -0.043131 -0.027361
1.0 0.261109 0.847473 -0.398950 -0.010966 0.011237 0.018956
1.0 -0.303779 -0.715901 -0.840160 0.013584 0.045303 -0.016479
1.0 -0.577163 0.440184 0.151292 0.007219 -0.024524 -0.003180
1.0 0.244360 0.298516 -0.945536 0.006416 0.046045 -0.023068
1.0 -0.478122 0.200002 0.068474 0.040495 0.048210 0.025838
1.0 -0.779349 -0.954084 0.718319 0.035700 -0.028975 0.000417
1.0 0.741215 -0.614345 -0.812220 0.036117 -0.036911 -0.029808
1.0 -0.217789 0.360842 0.139079 -0.002224 -0.025526 -0.004862
1.0 -0.851610 0.064382 0.553903 -0.045623 0.030591 0.046943
1.0 0.851754 -0.886321 -0.992795 0.000003 0.040698 -0.021598
1.0 0.322951 0.347246 0.267521 -0.004186 0.012619 -0.035022
1.0 0.921976 0.534157 -0.977695 0.009672 -0.003660 -0.042187
1.0 0.896268 -0.989157 -0.619980 0.016355 -0.044492 0.011406
1.0 -0.449713 -0.050251 0.634786 -0.027579 -0.012337 0.032776
1.0 0.656456 0.621062 -0.097092 0.029209 0.049829 -0.019663
1.0 0.947950 0.939183 -0.249903 -0.049954 -0.029696 -0.000163
1.0 0.937341 -0.579517 0.780233 -0.041041 -0.000560 0.018160
1.0 -0.874565 0.890023 -0.194878 0.036122 -0.033141 0.018545
1.0 0.937139 0.443945 -0.683669 0.007984 -0.027154 -0.007785
1.0 0.459220 0.981296 0.694327 0.037665 0.035680 0.025729
1.0 -0.162108 -0.645904 0.190056 0.000004 -0.000756 0.048545
1.0 0.896289 -0.841199 0.216980 -0.016154 -0.008401 -0.037463
1.0 0.317847 0.699077 0.728061 -0.013844 0.018168 -0.014851
1.0 -0.987786 0.367532 -0.254104 -0.040514 0.041351 0.010554
1.0 -0.190346 0.446385 -0.783162 -0.022770 0.025001 -0.027521
1.0 0.014862 -0.486397 0.964339 0.039148 0.049370 0.006983
1.0 -0.051998 0.277482 0.663987 -0.009184 0.032304 -0.011214
1.0 -0.595471 0.213491 0.784790 0.005495 0.015853 -0.021662
1.0 0.151362 0.639120 -0.263273 -0.048672 0.003369 -0.017301
1.0 -0.811071 0.689092 0.526289 -0.002226 -0.024577 0.030890
1.0 -0.943147 -0.170019 0.068424 -0.033842 0.028304 -0.021485
1.0 -0.673225 -0.291647 0.826613 0.028994 -0.031960 -0.024667
1.0 -0.825230 -0.075562 0.111270 0.000593 0.010276 0.002712
1.0 0.224904 0.409202 0.977891 -0.034543 0.007322 0.039488
1.0 -0.969738 0.654301 0.527933 0.033121 0.047126 0.039402
1.0 0.782116 0.165893 0.316780 0.004148 -0.045748 -0.026926
1.0 0.770401 -0.247465 -0.543554 0.027073 0.011701 -0.009616
1.0 0.256199 -0.180785 -0.287681 0.009662 -0.007912 -0.006474
1.0 0.777587 0.263168 0.204351 0.042908 0.018083 0.048034
1.0 0.511209 0.117989 -0.258990 0.031682 -0.014305 -0.034530
1.0 -0.479140 -0.010056 0.711395 0.007709 -0.013343 0.031260
1.0 0.468443 0.974427 0.855391 0.009429 -0.035719 -0.021709
1.0 -0.594841 0.097012 -0.909462 -0.010053 -0.001906 -0.043625
1.0 -0.979623 -0.213593 0.778069 -0.049616 0.014152 -0.016863
1.0 -0.547197 -0.927596 -0.033747 0.008100 0.022833 -0.039189
1.0 -0.858296 0.480478 0.364594 0.018511 -0.012025 0.017707
1.0 0.341575 -0.168386 0.986346 0.021325 0.045977 0.005789
1.0 -0.472109 -0.740026 0.756049 0.016588 0.036036 0.033078
1.0 -0.228183 -0.673661 -0.600587 0.004188 0.028965 0.006260
1.0 -0.410720 -0.500230 0.642023 0.040273 -0.015874 -0.039201
1.0 -0.649865 -0.206751 0.146975 0.048615 -0.003492 0.040572
1.0 0.470956 0.382528 0.813762 -0.033467 0.024772 -0.020826
1.0 -0.513516 0.201017 0.590684 0.003396 0.036302 0.044126
1.0 0.117449 0.357472 -0.248997 0.027352 -0.010698 -0.029606
1.0 0.770286 -0.461099 -0.283442 0.047283 -0.019129 -0.002456
1.0 -0.669332 -0.609153 -0.035336 0.033826 0.040151 0.044976
1.0 0.876513 -0.195117 0.270750 0.024944 -0.031521 -0.010883
1.0 0.571754 0.111161 0.627994 -0.020134 -0.042822 -0.027283
1.0 0.093562 0.070124 -0.744235 0.037296 -0.048289 0.041419
1.0 -0.695090 0.426101 0.421084 0.000907 0.030282 -0.048917
1.0 -0.745931 -0.920117 0.176315 0.030397 -0.006795 0.012139
1.0 0.975785 -0.995232 -0.713830 0.018426 -0.006701 0.023294
1.0 0.295875 -0.264868 0.192984 0.037177 0.047218 0.024651
1.0 -0.334198 -0.799994 -0.341207 0.023040 0.034591 -0.024733
1.0 -0.011829 0.576602 0.943689 0.002137 -0.043708 0.018703
1.0 0.711620 -0.000069 -0.689218 0.012450 0.008143 0.023093
1.0 -0.205125 0.721035 0.360895 -0.003237 -0.027088 0.043308
1.0 -0.857286 -0.996208 -0.671177 -0.032280 -0.029965 0.011539
1.0 0.792686 -0.835501 0.676513 0.041769 0.000244 0.027384
1.0 -0.139010 0.172933 0.522162 -0.046616 0.017183 0.012220
1.0 -0.380938 0.079781 -0.432436 0.018740 0.021421 -0.026076
1.0 0.509045 0.050174 0.271881 0.020194 -0.039367 -0.016205
1.0 -0.712054 -0.321245 -0.297382 0.031225 -0.033948 0.031912
1.0 0.584006 -0.829389 0.874901 -0.022297 -0.042134 0.049521
1.0 -0.315084 0.168829 -0.377416 -0.031333 0.029464 -0.039834
1.0 0.952734 0.141386 -0.453894 0.006473 0.017101 -0.025067
1.0 -0.321939 -0.856259 0.602264 -0.015086 0.047440 -0.047726
1.0 0.659358 0.872703 -0.363563 0.032728 -0.041973 0.040964
1.0 0.966258 -0.360768 -0.535742 0.037408 0.042072 0.020255
1.0 -0.961071 0.229747 -0.833640 -0.040583 0.026344 0.045574
1.0 0.823812 -0.366728 -0.993931 -0.040981 -0.021421 0.041732
1.0 -0.894195 0.416450 -0.208180 -0.001847 -0.004864 -0.023739
1.0 0.823269 0.138862 0.690080 0.008640 0.006329 0.012942
1.0 -0.519869 -0.389251 0.847228 -0.034057 -0.022247 -0.002927
1.0 0.005415 0.815186 0.106672 -0.046774 0.049252 0.018766
1.0 -0.036341 -0.302723 0.629482 0.018845 -0.039481 -0.037844
1.0 -0.498255 -0.669658 -0.790570 0.017506 0.018124 -0.009369
1.0 -0.116645 0.606463 0.127802 0.018178 -0.025085 -0.019842
1.0 -0.838085 -0.868834 -0.079933 -0.003085 0.006074 0.033717
1.0 0.800419 -0.487888 0.782220 -0.024025 -0.026735 0.012912
1.0 -0.539247 0.541537 -0.382328 0.030258 -0.010924 -0.004274
1.0 0.322370 -0.502420 -0.605992 0.041238 -0.027253 0.032652
1.0 0.511746 0.994734 0.093182 -0.040609 -0.018515 -0.000260
1.0 -0.051619 -0.321197 -0.272007 0.014663 -0.040761 -0.011467
1.0 -0.642721 -0.088406 -0.587714 0.018076 0.000377 0.030290
1.0 0.243382 0.024641 0.974887 -0.038139 -0.001253 -0.015235
1.0 0.092859 -0.500040 0.745979 -0.009178 -0.037666 0.044500
1.0 0.155934 0.316474 -0.582012 -0.018290 0.040515 -0.019936
1.0 -0.906991 0.454472 -0.678898 0.001406 0.033467 0.045222
1.0 -0.219496 -0.460965 -0.907246 0.044454 -0.024739 -0.029422
1.0 -0.095039 0.370876 0.732978 -0.015521 -0.004408 -0.013726
1.0 -0.151307 0.126647 -0.445677 -0.018458 -0.031402 -0.005332
1.0 -0.965293 -0.252457 0.924429 -0.000786 -0.044109 -0.034849
1.0 -0.773347 -0.168823 -0.196929 0.009627 -0.025760 0.033793
1.0 -0.060784 0.503243 -0.777427 0.001350 0.011525 -0.039655
1.0 -0.120048 0.503390 -0.986745 0.042642 -0.009319 0.015155
1.0 -0.670838 0.858540 0.610558 0.006863 -0.010232 -0.031002
1.0 0.597795 -0.531893 0.582249 -0.018410 0.021073 -0.013153
1.0 0.849593 0.735373 -0.461052 0.017617 0.018869 -0.025247
1.0 0.758940 0.609326 0.873351 0.047523 -0.000745 -0.013118
1.0 0.723672 0.844091 0.058592 -0.014928 0.029734 -0.012615
1.0 0.851224 -0.348528 0.053576 -0.023068 -0.033472 -0.026918
1.0 -0.531212 -0.137074 -0.687059 0.019518 -0.008901 0.030718
1.0 0.526914 -0.061980 0.940454 -0.015195 0.048090 0.037324
1.0 -0.846926 -0.069411 0.484948 -0.045145 0.042019 -0.011301
1.0 -0.291103 -0.984737 0.218690 -0.013378 -0.037045 0.039699
1.0 0.148116 0.701072 -0.429971 -0.021741 0.029206 0.033230
1.0 0.563082 -0.176890 -0.042895 0.035294 0.040437 0.047439
1.0 0.476329 -0.469142 0.848027 -0.041743 0.028359 0.012396
1.0 -0.195755 0.277349 0.634646 -0.024430 -0.009137 0.021294
1.0 0.967032 0.085067 0.981627 0.032918 -0.028381 0.001096
1.0 -0.544117 -0.989593 0.044116 0.005532 -0.028600 -0.006787
1.0 -0.384553 -0.072190 -0.067750 -0.011291 -0.026901 0.011537
1.0 -0.904350 0.588949 0.655596 0.038024 -0.025781 0.024741
1.0 -0.173129 -0.659135 -0.960595 -0.043553 -0.033156 0.010486
1.0 -0.228986 -0.950516 -0.544534 0.015298 -0.022319 -0.047063
1.0 0.091736 -0.228221 -0.563988 -0.039951 -0.005428 0.026463
1.0 0.751911 -0.434371 -0.127639 -0.049544 0.044800 -0.013363
1.0 -0.049235 -0.476830 0.043286 0.002799 0.049467 0.034110
1.0 -0.768979 -0.911016 -0.212141 0.035113 0.023153 -0.006775
1.0 -0.141474 0.979777 0.389961 -0.021724 0.041762 0.006312
1.0 -0.083794 0.698817 0.802844 0.049375 -0.041845 0.047601
1.0 -0.451778 0.198011 0.825479 0.004417 -0.023929 0.036134
1.0 -0.790328 -0.800332 0.877545 -0.048439 0.027456 0.036050
1.0 0.365437 0.520853 -0.106114 0.038287 -0.014653 0.025170
1.0 0.331291 -0.788655 -0.603112 -0.015238 -0.023241 0.017343
1.0 -0.281541 0.102256 -0.331335 -0.011418 0.030957 -0.015654
1.0 0.805886 -0.546571 -0.820444 -0.046922 0.035894 -0.023980
1.0 0.423859 -0.923087 0.626913 -0.024446 -0.025047 -0.019505
1.0 -0.022378 -0.767888 0.862707 0.003737 -0.042528 0.039274
1.0 -0.253359 0.941249 -0.386803 -0.025060 0.016117 0.004537
1.0 -0.448836 -0.824170 -0.317755 -0.022780 -0.044970 0.021942
1.0 -0.793536 -0.428860 -0.691917 -0.011119 0.005624 -0.001863
1.0 -0.430003 -0.326430 0.289590 0.032993 0.011539 -0.045885
1.0 0.653642 -0.128821 0.331324 -0.013933 0.010587 -0.026184
1.0 0.891765 -0.980109 0.053488 -0.001146 -0.009745 -0.027484
1.0 0.831505 -0.017348 -0.575397 -0.009367 -0.042947 0.025300
1.0 0.285011 -0.606394 0.888543 -0.014528 0.040985 -0.028906
1.0 -0.446373 0.378179 -0.967022 -0.015123 -0.046546 -0.010093
1.0 0.615303 0.473543 0.663373 -0.037776 0.005326 0.002067
1.0 0.294538 -0.418194 0.405493 -0.042403 -0.024570 -0.017402
1.0 0.868325 -0.671061 0.357576 -0.045615 -0.025628 0.049932
1.0 0.028381 -0.235578 0.002489 -0.039270 -0.003059 0.029637
1.0 0.871935 0.826054 0.890752 -0.002540 -0.003708 -0.019879
1.0 -0.907920 -0.305809 -0.879604 -0.042284 -0.028650 0.047339
1.0 0.372198 -0.563256 -0.613341 0.046527 -0.018678 0.040604
1.0 0.062985 -0.210274 0.735252 0.032286 -0.007844 0.003276
1.0 0.692500 -0.873030 0.684304 0.038227 0.047718 -0.044154
1.0 -0.832110 -0.263607 -0.579307 -0.023360 -0.012113 -0.009985
1.0 0.233922 0.164712 -0.274905 0.021944 0.021365 0.006088
1.0 -0.437015 0.564360 -0.584932 0.049266 0.012431 -0.031191
1.0 -0.673509 0.145662 -0.782756 0.018394 0.044126 0.031406
1.0 -0.636403 -0.942609 0.274728 0.034653 -0.023497 0.008911
1.0 -0.555703 -0.089626 0.553732 -0.021091 0.008987 -0.043280
1.0 -0.135925 -0.951830 -0.403783 -0.005692 -0.049464 -0.008129
1.0 0.444561 0.199096 -0.849098 -0.004223 -0.037608 -0.001366
1.0 -0.487667 -0.138926 0.719420 -0.037708 0.040400 0.006320
1.0 -0.116685 0.062620 -0.255899 0.017794 -0.007756 -0.010239
1.0 0.411064 -0.572666 0.181363 -0.014061 0.048649 -0.008757
1.0 0.580566 -0.930188 0.013237 0.031552 -0.016867 -0.045199
1.0 0.611284 -0.036610 -0.413483 0.008711 -0.017675 0.003316
1.0 0.062471 0.074907 -0.406465 0.019677 0.028722 0.016935
1.0 -0.934604 -0.820076 -0.265421 0.028466 -0.008746 -0.022847
1.0 -0.915681 -0.603405 0.545357 -0.009315 0.048838 0.019787
1.0 0.096318 0.055324 -0.547666 -0.012267 0.034918 -0.047398
1.0 0.335361 -0.269730 -0.937032 0.044370 -0.038954 0.030193
1.0 0.541448 0.401215 -0.725244 -0.036957 -0.038741 0.001263
1.0 -0.940975 -0.697960 -0.362288 0.014233 -0.030763 -0.046596
1.0 0.735155 0.632004 -0.072324 -0.010995 -0.032000 -0.003274
1.0 -0.139087 0.141160 -0.865032 -0.034246 -0.014948 -0.005977
1.0 -0.032616 0.052074 0.575181 0.043497 0.003980 0.007481
1.0 0.405292 0.721030 -0.354528 -0.034378 -0.001041 0.043168
1.0 0.719975 0.378338 0.033522 0.029415 0.032124 -0.000305
1.0 -0.728146 0.365362 0.043391 -0.005028 0.006136 -0.041187
1.0 0.663862 0.085309 -0.349643 0.039859 -0.002223 -0.004554
1.0 0.679301 0.568948 -0.647835 -0.018909 0.031512 -0.014170
1.0 0.862920 -0.717938 0.771219 0.049021 -0.009828 -0.045132
1.0 0.415490 -0.777225 -0.031582 0.010273 0.025726 -0.049220
1.0 -0.656135 -0.887814 -0.545820 0.032200 -0.007039 0.027113
1.0 -0.007084 0.822324 -0.400916 0.044606 0.042709 0.049208
1.0 0.804043 0.906187 -0.890371 0.024101 -0.002620 0.029883
1.0 -0.830646 0.733173 -0.989267 0.043026 0.000400 -0.005428
1.0 0.121708 -0.494693 -0.894347 -0.049652 0.000919 -0.035644
1.0 -0.293400 0.956577 -0.527049 0.034836 0.042708 0.000847
1.0 0.760661 0.525514 -0.246860 -0.031518 0.007104 -0.046250
1.0 0.075496 -0.713567 0.723583 -0.009405 -0.023084 -0.030680
1.0 0.895675 0.917920 0.537644 0.023635 -0.013829 -0.047285
1.0 0.095851 -0.919737 0.598475 -0.012823 -0.031736 -0.005554
1.0 0.251822 -0.799788 -0.384476 -0.048428 -0.031942 -0.047578
1.0 0.972552 0.467469 -0.887865 -0.012498 -0.048223 -0.037831
1.0 0.744728 -0.273815 0.612599 0.025387 0.038275 0.027261
1.0 0.441608 0.542599 -0.836125 0.001216 -0.044765 -0.013771
1.0 -0.359650 0.438808 -0.601360 0.039501 -0.013171 -0.030074
1.0 0.406308 -0.671757 -0.682906 -0.015438 0.028359 0.003503
1.0 0.432152 -0.327979 -0.495963 -0.042260 -0.043260 -0.044336
1.0 0.467776 -0.649675 0.730635 -0.044644 -0.049037 -0.049484
1.0 0.446414 -0.105968 -0.655454 0.030929 -0.012985 0.001640
1.0 -0.934591 -0.898578 0.451997 -0.042611 0.047419 -0.042925
1.0 0.866193 0.780403 -0.395817 -0.037436 0.036602 0.046920
1.0 -0.471271 -0.907359 0.609008 0.003933 -0.039444 0.013118
1.0 -0.175444 -0.531050 -0.245006 -0.005290 -0.048298 -0.045638
1.0 0.004751 -0.038339 0.413032 0.043050 -0.037664 -0.028338
1.0 0.894285 0.433392 -0.558852 -0.020515 -0.040942 -0.012184
1.0 0.656435 0.176784 0.429992 -0.002904 0.016310 -0.006001
1.0 0.165113 -0.366012 -0.757951 -0.006945 0.003873 0.005719
1.0 0.189129 -0.867000 -0.522931 0.017076 -0.044626 -0.036625
1.0 -0.667808 -0.921919 0.006895 -0.047469 0.019186 -0.048669
1.0 0.232394 0.861419 -0.601143 0.017927 -0.006963 -0.007913
1.0 0.405846 0.695639 0.486115 -0.040035 -0.003865 0.038780
1.0 0.322692 0.901884 -0.318564 -0.007069 -0.045287 0.047863
1.0 -0.713792 0.630114 -0.825445 -0.020211 -0.025262 -0.040707
1.0 0.781276 0.459024 0.976276 -0.023882 0.027808 0.003506
1.0 0.971760 0.920052 0.321138 -0.002470 0.005683 -0.049056
1.0 -0.395998 -0.636881 -0.220489 -0.025286 -0.005527 0.019267
1.0 -0.408880 -0.340573 0.793083 -0.032822 0.044746 0.022280
1.0 0.075305 0.714443 -0.765402 0.048333 -0.011076 -0.010325
1.0 0.471924 0.235888 -0.549698 0.002386 0.035785 0.041977
1.0 -0.777035 -0.926332 0.569828 -0.004887 0.011247 0.039599
1.0 -0.165474 0.031071 -0.947873 0.001080 0.037376 0.001609
1.0 0.196926 -0.471282 0.389932 0.025008 0.011379 -0.039766
1.0 -0.030859 -0.909536 0.890882 -0.037794 -0.006368 -0.006216
1.0 -0.632886 0.901794 -0.722986 0.038605 0.003795 0.016746
1.0 0.378154 -0.789193 -0.775857 0.032370 0.006316 0.036205
1.0 -0.644611 -0.942454 -0.473480 0.036156 0.004437 -0.001739
1.0 -0.988136 -0.192116 0.761457 -0.017989 -0.040023 0.003904
1.0 -0.799663 -0.773230 -0.766875 0.041821 0.020801 -0.030151
1.0 0.277893 0.534558 0.594680 0.018396 -0.029652 0.031101
1.0 -0.093283 -0.977816 -0.048104 -0.037402 0.010226 0.013228
1.0 0.720378 0.137988 -0.036424 -0.032114 -0.002006 -0.049550
1.0 0.590876 -0.729170 -0.196765 -0.005474 -0.032116 0.035023
1.0 0.341893 -0.511924 -0.418205 0.022084 0.002170 0.040893
1.0 -0.803964 0.993731 0.825889 0.015208 -0.036462 -0.020362
1.0 0.762869 0.370904 0.487392 -0.000953 -0.049652 0.007424
1.0 -0.343681 0.614080 -0.994658 -0.028277 -0.024198 -0.034877
1.0 0.814925 0.728375 0.025476 0.030111 -0.009641 0.005301
1.0 -0.383804 -0.804829 -0.004212 -0.044512 0.036698 0.027902
1.0 0.378243 0.548413 0.087222 -0.012910 -0.036007 0.023824
1.0 -0.653730 0.615635 0.087494 0.032117 -0.019069 0.007512
1.0 0.669330 0.215019 0.573534 0.025331 0.027640 0.002687
1.0 0.883192 -0.699329 -0.873264 0.044042 -0.044984 -0.009295
1.0 0.639057 -0.038970 -0.904928 -0.012741 0.008221 -0.003776
1.0 0.596893 0.450540 -0.649419 -0.049456 -0.043896 0.017757
1.0 -0.114682 0.887808 -0.357945 -0.034128 -0.044250 0.043751
1.0 0.639206 -0.546386 -0.645982 -0.014206 0.004260 0.040207
1.0 -0.543115 0.402211 0.833104 0.042497 0.043581 -0.030667
1.0 -0.463785 0.188549 0.207235 -0.001535 0.010082 0.047563
1.0 -0.505190 -0.567070 0.334013 0.047494 -0.021160 -0.020118
1.0 -0.284187 0.582831 -0.143756 0.029415 0.036935 0.040480
1.0 0.527781 -0.163663 0.129673 -0.023054 0.023441 -0.033048
1.0 0.133014 0.604821 -0.865978 -0.011724 0.027524 0.049712
1.0 0.875877 0.850586 0.730685 0.030298 0.003163 0.039199
1.0 -0.910232 -0.756263 -0.703815 0.000743 -0.043475 -0.011378
1.0 0.188054 0.948707 0.308741 0.012872 -0.030224 -0.020981
1.0 0.587747 -0.901293 0.809542 -0.021464 -0.005770 0.014929
1.0 0.029370 0.519549 -0.053775 -0.030855 -0.042402 0.038734
1.0 -0.387566 -0.576743 -0.528804 0.046051 -0.001788 0.013115
1.0 -0.900249 -0.536918 0.900415 0.006879 -0.042692 0.022920
1.0 0.994344 0.488868 0.117951 0.022776 0.013089 0.015539
1.0 -0.298902 -0.199990 0.347790 -0.023464 0.008705 -0.027777
1.0 0.090784 -0.208410 -0.202018 0.034414 0.011194 0.045515
1.0 -0.106543 -0.452933 -0.902986 -0.002188 0.003734 0.031222
1.0 -0.715986 0.054779 0.085492 0.003234 -0.015660 0.047427
1.0 0.297629 -0.914058 -0.822600 -0.022263 -0.046573 -0.037583
1.0 0.725755 -0.180080 0.096701 -0.035278 -0.027522 -0.017938
1.0 0.150984 -0.611824 0.377237 -0.031821 0.039895 0.018959
1.0 0.741285 0.943983 -0.415580 0.018655 0.001335 0.006600
1.0 -0.551947 -0.980101 -0.875970 0.009672 0.013675 0.009828
1.0 -0.909831 -0.761248 -0.798329 -0.004669 0.015796 0.004209
1.0 0.296017 0.321602 -0.140124 -0.008692 0.031826 0.025811
1.0 0.890787 -0.082778 0.083101 -0.012513 -0.032081 0.032348
1.0 0.432523 0.952868 0.282279 -0.038628 -0.001732 -0.013008
1.0 -0.605939 0.656482 -0.229240 -0.042881 0.047371 0.020485
1.0 -0.713438 -0.962138 -0.722764 -0.049502 0.045631 -0.042065
1.0 0.132015 -0.751311 0.320810 -0.038106 0.045946 -0.009391
1.0 0.089315 0.848731 -0.190734 -0.010798 -0.039610 -0.032552
1.0 0.340860 0.640811 0.849478 -0.010868 -0.030898 0.009249
1.0 -0.288497 -0.210382 0.441873 0.019735 0.003761 -0.010765
1.0 0.166292 0.656224 -0.831884 0.025163 0.018548 -0.041539
1.0 0.155957 0.387430 -0.021946 0.002783 0.020905 0.031166
1.0 0.164956 0.919549 -0.055038 -0.010562 -0.036083 -0.036122
1.0 -0.722958 -0.408027 0.049962 -0.040686 -0.040237 -0.021589
1.0 0.148883 -0.401323 -0.477876 0.015976 0.029674 -0.010021
1.0 -0.182501 -0.787332 0.088912 -0.025816 0.040893 -0.014976
1.0 -0.420391 -0.172604 0.278986 0.038086 -0.029177 0.000975
1.0 0.689653 -0.738599 0.367216 -0.046235 -0.033844 -0.001145
1.0 -0.119022 -0.021629 -0.122902 -0.026113 0.021817 -0.014182
1.0 -0.427689 0.646357 -0.570800 0.007167 0.033903 -0.017753
1.0 -0.250168 -0.630393 0.483736 0.038153 -0.000954 -0.002115
1.0 -0.693869 -0.509780 -0.394227 -0.029381 0.004593 0.003708
1.0 -0.565493 -0.871606 0.597823 0.020995 0.021795 -0.005825
1.0 0.071868 -0.494137 -0.307629 -0.011222 -0.041956 0.027022
1.0 0.700334 -0.325665 0.792908 -0.033516 0.026810 0.005285
1.0 -0.450989 0.081982 -0.168153 0.017906 0.032327 0.018919
1.0 -0.397299 -0.735285 -0.749404 -0.040317 -0.013700 -0.027766
1.0 0.653315 0.158254 -0.677725 0.001046 0.010462 -0.014223
1.0 0.966372 0.503021 -0.607809 -0.030602 0.024804 0.002455
1.0 0.194579 0.529473 0.741548 0.019746 0.019392 0.036241
1.0 -0.424167 0.594110 -0.941945 -0.009578 -0.048726 0.007979
1.0 0.738063 -0.177521 -0.834157 -0.026892 0.008291 0.033372
1.0 -0.023428 0.117948 -0.525953 0.019830 0.026351 -0.046640
1.0 0.830862 -0.175146 0.183837 -0.034441 -0.021893 -0.000663
1.0 -0.611169 -0.529698 0.677551 -0.016886 0.036254 0.030062
1.0 -0.444346 -0.363899 -0.397854 -0.034506 -0.015311 0.003670
1.0 0.904519 0.528054 0.296683 0.035040 -0.031725 0.015829
1.0 -0.263476 -0.225140 0.252165 0.042311 0.007156 -0.020258
1.0 0.024589 -0.213042 0.801624 0.023177 -0.021922 -0.035697
1.0 -0.048232 0.816548 -0.806936 -0.032804 -0.033468 -0.005264
1.0 0.912471 -0.202003 -0.768308 0.020017 0.031202 0.045788
1.0 -0.880256 0.285429 -0.030861 -0.025310 -0.046652 0.006818
1.0 -0.826875 -0.739259 -0.876410 0.037982 -0.011313 0.037986
1.0 -0.989408 0.260681 0.087505 -0.005792 0.009922 -0.018437
1.0 0.350780 -0.055350 -0.998251 0.042318 0.033176 0.021550
1.0 -0.085382 -0.711781 0.408905 0.018715 -0.021388 -0.024557
1.0 -0.927572 -0.384917 0.304526 0.027752 0.021867 -0.020109
1.0 0.599066 0.480552 -0.369680 0.019930 -0.040135 -0.027817
1.0 0.394658 -0.989734 0.299923 -0.048276 -0.040440 -0.032678
1.0 0.392909 0.843117 -0.106341 0.044679 0.006423 -0.008783
1.0 0.261053 -0.374426 0.614837 -0.036186 0.023501 0.047765
1.0 -0.090138 0.912965 0.533548 -0.023153 -0.005127 0.022879
1.0 0.301365 -0.316583 0.740023 -0.010117 0.024651 -0.014711
1.0 -0.006848 0.092690 0.432580 -0.036742 0.046966 0.046019
1.0 0.502514 -0.028263 0.306514 -0.011649 -0.028402 -0.011354
1.0 -0.411801 -0.133331 0.127807 0.017620 0.040089 -0.007294
1.0 -0.738822 -0.727998 0.685158 -0.003487 0.047985 0.026390
1.0 0.373096 0.549262 -0.910067 -0.048847 0.031490 -0.009642
1.0 0.736178 0.439234 -0.446567 0.048928 -0.035859 0.034159
1.0 -0.370011 0.765456 0.637937 -0.029252 -0.049294 0.041880
1.0 0.616078 0.789727 0.688924 0.025299 -0.022352 -0.044446
1.0 -0.913790 0.992527 0.434891 0.020094 0.002639 0.020890
1.0 -0.461023 -0.482872 -0.965212 0.047375 -0.012184 0.028874
1.0 -0.067107 0.446955 -0.561436 0.028625 0.011255 0.033369
1.0 -0.609044 -0.015842 0.634095 0.048349 0.003210 -0.041316
1.0 0.489872 -0.418060 0.124199 -0.024803 0.003349 -0.039121
1.0 -0.101823 -0.613805 -0.835943 0.024422 0.027705 -0.003498
1.0 0.820756 -0.872440 0.937707 0.033254 0.014459 -0.006757
1.0 0.279493 -0.220850 -0.508944 -0.002614 -0.038780 -0.011185
1.0 0.981231 -0.911316 0.253249 -0.037591 -0.034548 -0.010557
1.0 0.154425 0.190862 -0.873420 0.045158 0.012933 0.033235
1.0 -0.627365 -0.771731 -0.732820 -0.045714 -0.011626 0.014516
1.0 0.076078 0.069889 0.317308 -0.002879 -0.004672 -0.030810
1.0 0.054074 0.852456 -0.820840 -0.046013 -0.031460 0.041706
1.0 0.158030 -0.680191 -0.024614 0.036154 -0.010596 -0.007017
1.0 -0.453828 0.293001 0.616943 -0.040183 -0.048931 0.025326
1.0 0.630216 -0.512314 -0.540804 -0.006899 -0.021118 -0.028002
1.0 -0.363140 -0.084700 0.543556 -0.044796 -0.009595 0.013983
1.0 -0.660886 -0.090455 0.274310 -0.009076 0.003299 -0.048592
1.0 -0.361659 0.925315 0.766546 -0.037813 -0.000020 -0.024501
1.0 -0.721407 0.898076 -0.355782 0.008904 0.022634 -0.043599
1.0 -0.959530 0.034778 0.930442 0.017459 0.016950 0.003025
1.0 -0.643239 0.950608 -0.734550 0.010190 -0.048059 0.010155
1.0 -0.407040 -0.519536 0.891720 0.016056 -0.029524 0.029497
1.0 0.394727 0.454977 -0.740055 -0.032227 0.039503 -0.048262
1.0 -0.044135 0.349485 0.343518 0.008854 -0.004186 0.037439
1.0 0.861722 0.791040 -0.374356 -0.028307 -0.028625 -0.017581
1.0 -0.962569 -0.802044 0.683621 0.034778 0.028410 0.008743
1.0 -0.475688 -0.309569 0.619289 0.006773 0.001923 0.036773
1.0 -0.302767 -0.967274 -0.246839 -0.005739 -0.004581 0.024229
1.0 0.062610 -0.873110 -0.744344 0.013065 -0.037124 0.033760
1.0 -0.908552 0.567357 0.594688 0.002710 -0.002131 -0.042152
1.0 -0.047945 -0.852528 0.118231 -0.047852 0.012831 -0.046378
1.0 -0.904624 -0.641017 0.270683 -0.001523 -0.026397 -0.039875
1.0 -0.161142 0.428537 0.699005 0.030429 -0.027126 -0.001642
1.0 -0.958347 -0.847224 -0.584415 0.005571 0.000599 -0.022984
1.0 -0.594738 0.806939 -0.215194 -0.012917 0.004239 -0.028335
1.0 -0.916838 -0.482416 0.125364 -0.019594 -0.023614 0.013660
1.0 -0.698285 0.938626 0.954982 0.047898 -0.030184 0.016055
1.0 -0.072346 -0.954827 0.696449 -0.035287 -0.014485 -0.036378
1.0 0.037214 0.005764 -0.815189 -0.004605 0.036148 0.017852
1.0 0.792685 -0.256278 -0.530430 0.001901 -0.043826 0.001961
1.0 -0.411065 -0.628343 -0.447238 0.001680 0.008974 -0.047033
1.0 -0.025509 0.872447 -0.737123 -0.028326 0.015770 0.035451
1.0 -0.890103 -0.501510 0.492034 -0.003425 -0.033165 -0.012435
1.0 0.273913 0.691326 -0.003618 -0.010139 0.044796 -0.003974
1.0 0.737897 -0.672280 -0.877820 0.023749 0.042879 -0.040891
1.0 0.502860 -0.834969 -0.991229 -0.007861 -0.049533 0.047570
1.0 0.238678 -0.597462 0.266342 0.018047 -0.023379 0.048246
1.0 -0.836866 0.723490 0.797079 0.025264 0.035537 0.038400
1.0 0.938388 0.960428 -0.481468 -0.020929 0.002732 0.037301
1.0 0.908005 0.256356 -0.345970 -0.031899 -0.037858 -0.034035
1.0 0.176615 0.282890 0.042131 -0.012348 -0.018480 -0.044691
1.0 0.156960 0.849752 0.683008 0.038028 -0.008259 -0.007585
1.0 0.395483 0.529232 -0.501396 -0.037311 -0.029194 0.033496
1.0 0.600684 0.734322 -0.653734 0.039520 0.027602 -0.031474
1.0 0.437605 0.644889 -0.797080 0.016718 -0.026564 0.014704
1.0 -0.077259 0.641182 -0.789116 0.009958 -0.047537 -0.023075
1.0 0.260289 -0.676406 0.116529 -0.022443 0.020731 0.044363
1.0 0.744162 0.422728 0.141333 -0.031593 -0.019809 0.036147
1.0 0.744866 -0.370982 -0.447555 -0.025311 0.007325 -0.040694
1.0 0.608752 0.782964 0.706811 -0.035762 0.008414 0.004112
1.0 0.556248 -0.842026 -0.938135 0.035416 0.043511 -0.040200
1.0 -0.067280 -0.052267 0.953989 -0.021739 -0.020569 -0.023829
1.0 0.974069 0.001021 0.559124 -0.049406 0.035185 0.043530
1.0 0.146453 0.052743 -0.776463 -0.044295 0.023330 0.039025
1.0 -0.820442 -0.079353 0.360346 -0.033880 -0.035429 -0.039753
1.0 0.184347 0.407326 0.998448 -0.044939 0.038853 -0.018992
1.0 0.589874 0.811951 -0.350547 -0.046124 0.023664 -0.035785
1.0 -0.067319 -0.765587 -0.224885 0.000367 0.009858 -0.006236
1.0 -0.262238 -0.049861 0.133618 -0.036832 0.000150 0.024215
1.0 0.054854 -0.179618 0.480012 -0.017155 -0.022217 0.041078
1.0 -0.298780 0.488386 -0.414175 0.016009 0.028339 0.022610
1.0 -0.150807 0.355591 -0.652378 -0.042144 0.022585 -0.049233
1.0 -0.069921 -0.687751 -0.191116 0.049246 0.034730 -0.010260
1.0 0.016355 0.174886 -0.910663 0.015818 -0.007067 0.044587
1.0 -0.044602 0.718832 0.906785 0.023651 -0.028032 -0.037892
1.0 0.953489 0.857514 0.355809 -0.031202 0.047730 -0.005385
1.0 -0.588631 0.981069 -0.124345 0.046224 -0.037398 0.016177
1.0 0.627093 0.734069 0.585759 -0.043609 -0.002026 0.044977
1.0 0.279748 -0.696546 -0.432617 0.034146 0.040906 -0.047940
1.0 -0.009144 -0.869581 -0.514937 0.029585 -0.037925 -0.008800
1.0 0.232938 0.489739 -0.358253 -0.004283 0.022373 -0.049715
1.0 0.790989 0.937860 0.485612 -0.021710 0.012401 -0.000677
1.0 0.682502 0.093792 0.662552 -0.048601 -0.012141 0.047285
1.0 0.605389 0.559728 0.920296 0.006470 0.009440 -0.023538
1.0 -0.105755 -0.959253 0.760295 0.003516 0.009102 -0.042468
1.0 -0.267379 0.592582 0.859508 0.011798 -0.006149 -0.007203
1.0 0.995020 0.414007 0.029526 -0.029658 0.043025 0.008204
1.0 0.847179 0.121630 0.712347 -0.031178 -0.002756 0.026609
1.0 -0.988554 0.337104 -0.088790 0.045088 -0.000659 -0.038613
1.0 0.715569 0.907456 -0.921886 -0.046408 -0.036917 0.004029
1.0 -0.627882 0.984734 0.671807 -0.018650 0.039922 0.027856
1.0 -0.823351 0.211275 -0.988671 0.044637 -0.037146 -0.048723
1.0 -0.276431 0.671181 -0.444889 0.048554 0.030536 -0.009859
1.0 -0.576980 0.311834 0.800895 -0.004590 -0.009874 0.014073
1.0 -0.654159 -0.281828 -0.135555 0.033692 -0.028482 0.027298
1.0 -0.454276 0.549822 0.477790 0.025299 0.036851 0.012394
1.0 -0.191673 0.603099 0.480533 -0.004463 -0.032054 -0.004075
1.0 -0.866096 0.886845 -0.967568 0.017302 -0.029975 0.018403
1.0 -0.449095 0.486262 -0.556768 0.003559 0.014895 -0.012984
1.0 0.090827 -0.536360 -0.977293 -0.019535 0.045411 0.048447
1.0 -0.047494 0.485559 0.146366 0.006975 0.013861 -0.043658
1.0 -0.288668 -0.655475 -0.009282 0.023569 -0.033593 0.046132
1.0 -0.295359 0.905760 -0.859686 0.017329 -0.011109 0.014140
1.0 0.430652 0.245623 -0.395484 0.008330 -0.016446 0.035861
1.0 0.146660 -0.929034 0.860878 -0.002095 0.039472 0.003861
1.0 0.067152 0.631880 0.006491 0.048903 -0.034188 0.000797
1.0 -0.434384 -0.801627 -0.808746 0.024352 -0.043821 0.024074
1.0 0.230565 -0.239103 0.707496 -0.011237 0.026069 -0.017216
1.0 -0.589555 0.971406 -0.546682 -0.008330 0.031653 -0.014106
1.0 -0.376876 0.726672 0.043784 -0.025628 -0.049063 0.008034
1.0 -0.765981 -0.704568 0.511283 -0.036729 0.001322 0.023331
1.0 -0.264688 -0.225505 -0.503134 0.013824 -0.042403 0.026496
1.0 0.319359 -0.196738 -0.802783 0.022559 0.009814 0.026472
1.0 -0.638664 0.064417 0.213134 -0.034063 0.008748 0.007635
1.0 0.875363 -0.761837 0.607077 -0.032403 -0.014024 -0.015243
1.0 -0.868591 0.931137 -0.382446 0.004760 -0.010802 0.045130
1.0 -0.083805 0.641276 0.265716 0.028337 0.046762 -0.035480
1.0 0.408346 -0.555819 -0.489114 -0.042192 0.031131 -0.031987
1.0 -0.441282 0.444469 0.285862 -0.005140 0.034568 -0.021982
1.0 -0.697980 0.288905 -0.203469 -0.006063 0.029437 0.045224
1.0 -0.317185 0.105943 -0.153679 0.037607 0.028424 0.026629
1.0 -0.329561 0.032899 -0.194721 -0.004373 0.013112 0.009420
1.0 0.225411 0.598983 -0.269101 -0.034219 -0.021503 -0.041568
1.0 0.030337 -0.022590 0.358786 -0.042093 -0.004353 0.000096
1.0 0.348596 -0.961360 -0.816668 0.039543 -0.048921 -0.006799
1.0 -0.251936 -0.606263 0.054226 0.013021 -0.045147 0.024007
1.0 0.051218 -0.350864 -0.174404 0.020107 0.035215 0.025965
1.0 -0.637456 -0.744385 -0.212508 0.019154 0.006658 0.047935
1.0 -0.456703 0.071373 -0.998079 0.015302 -0.025657 0.021717
1.0 0.909933 0.912712 0.227461 -0.022100 -0.033856 -0.038342
1.0 -0.958744 0.389669 -0.529225 -0.009267 0.003613 0.049898
1.0 -0.121694 0.955265 0.639036 -0.026954 -0.010666 0.005541
1.0 -0.222689 0.585756 0.117593 0.016635 0.021793 0.014236
1.0 0.352494 0.611520 0.144604 0.047616 0.029420 -0.027105
1.0 0.719582 -0.359559 0.153233 0.012730 -0.031724 0.028513
1.0 0.785079 -0.166525 -0.504216 -0.008838 0.003802 0.019377
1.0 -0.864525 0.310923 -0.027651 0.031689 -0.032527 0.032154
1.0 0.926848 0.845103 0.639733 0.020231 -0.001403 -0.043337
1.0 -0.108205 -0.734081 -0.211367 0.012076 -0.016974 -0.010031
1.0 0.061838 -0.728685 -0.264917 0.013850 -0.035917 -0.014433
1.0 0.030000 -0.797922 -0.647437 -0.009916 -0.004685 -0.028609
1.0 0.169977 -0.145239 -0.666422 0.039083 -0.004240 -0.013738
1.0 -0.485252 0.081707 0.794316 -0.031752 -0.010936 -0.009623
1.0 0.016075 0.420129 0.053787 0.044293 0.018858 -0.020300
1.0 -0.675827 -0.448074 0.833573 -0.029248 -0.008686 0.034960
1.0 -0.784116 0.866739 -0.415279 -0.032098 -0.041580 0.048088
1.0 0.372418 0.364021 0.070128 -0.024226 0.039078 0.018206
1.0 0.178301 0.482978 0.553174 0.012681 -0.021013 0.022652
1.0 0.420964 -0.221836 -0.380965 -0.012172 0.010144 0.036226
1.0 0.409574 -0.738883 0.486699 0.006733 0.048630 0.004601
1.0 0.048102 -0.566805 -0.838657 -0.011556 0.035257 -0.044854
1.0 -0.281497 0.867059 -0.449515 0.042322 0.048736 -0.038214
1.0 0.215864 0.739959 -0.767381 0.044776 0.005322 0.025000
1.0 0.218891 0.080199 0.743988 0.010218 0.040983 0.049789
1.0 0.648521 0.178210 -0.711897 -0.047532 -0.013578 -0.004079
1.0 0.185096 -0.216702 0.364953 -0.034065 -0.023259 0.023215
1.0 0.353988 0.069989 0.521573 -0.031027 0.045116 -0.047242
1.0 -0.894358 0.086869 -0.535188 0.032296 -0.035664 0.004554
1.0 -0.788841 0.623941 0.619151 -0.041063 0.038468 0.034283
1.0 0.120562 0.840281 -0.246702 -0.045596 -0.038674 0.020103
1.0 0.980400 0.392553 0.591192 -0.038417 -0.045522 0.022982
1.0 0.615448 0.763388 -0.547952 -0.047720 -0.000576 0.012234
1.0 0.644195 -0.762458 0.518894 0.007129 0.043094 0.008230
1.0 -0.844172 0.819734 0.097344 0.044331 -0.008741 -0.004730
1.0 0.954140 0.858533 -0.239451 0.039380 0.013895 0.037491
1.0 -0.110186 -0.577460 -0.902783 0.009454 0.022018 -0.042337
1.0 0.587915 -0.320711 0.343560 -0.019388 0.040102 0.007449
1.0 0.096058 -0.784647 -0.027598 -0.021714 -0.023258 0.049935
1.0 0.601030 0.448833 -0.546933 -0.048844 -0.008371 -0.001288
1.0 -0.633105 -0.611388 0.048880 -0.030744 0.016602 0.002231
1.0 0.831439 -0.705402 -0.729170 0.005777 -0.041685 0.035565
1.0 -0.458489 -0.751779 0.031823 -0.041203 -0.015323 0.031090
1.0 -0.064179 -0.953145 -0.601482 -0.004996 -0.047766 -0.005877
1.0 0.024642 -0.647367 0.269351 -0.013152 -0.028758 0.047722
1.0 0.936302 -0.024578 -0.720310 0.040801 0.037648 0.040325
1.0 0.302889 -0.205472 -0.693292 -0.004763 -0.004618 0.028769
1.0 0.143354 -0.290472 -0.313264 -0.004385 0.047352 -0.030655
1.0 -0.353598 -0.298029 -0.855300 0.024561 0.009793 0.026186
1.0 0.588551 0.590603 -0.743695 -0.032901 0.035289 -0.024186
1.0 0.319847 -0.955307 0.684553 0.019284 -0.004649 0.047580
1.0 -0.188881 0.902005 -0.865661 0.009527 0.027118 0.021199
1.0 -0.252166 0.153412 0.981154 -0.017798 -0.041404 0.045154
1.0 -0.180395 0.598457 -0.257877 0.034514 0.011763 0.017285
1.0 -0.121663 0.978566 0.745678 -0.013151 -0.036573 0.049906
1.0 -0.756566 0.412164 -0.382119 0.005127 0.008069 -0.020176
1.0 0.245279 0.279930 0.948622 0.007863 -0.038030 0.017752
1.0 -0.163845 -0.677101 -0.559138 -0.012875 0.030981 -0.028446
1.0 -0.088615 -0.948758 0.294597 -0.046749 0.040331 0.046423
1.0 -0.036865 0.825617 0.149700 -0.012779 -0.045304 -0.024253
1.0 0.839371 0.993659 -0.680725 0.031467 -0.022296 -0.004879
1.0 0.958198 -0.002905 0.971993 -0.018612 0.014947 -0.037503
1.0 -0.635692 -0.073166 -0.348397 0.047167 0.012557 -0.033373
1.0 -0.863398 -0.042757 0.307630 -0.018464 0.036522 0.014843
1.0 -0.584107 -0.552116 -0.614291 0.042458 0.028373 0.000901
1.0 0.404939 -0.944079 -0.901265 -0.011211 -0.049460 0.000517
1.0 -0.330055 0.143571 -0.939932 0.043686 -0.039095 0.040468
1.0 0.609865 0.156891 0.224643 0.040884 0.007506 -0.019789
1.0 0.930017 -0.562716 0.805707 -0.026600 0.010146 -0.017058
1.0 0.312430 -0.051977 -0.628452 0.000953 0.003002 0.004835
1.0 0.569529 0.936226 -0.017175 0.006724 -0.042423 0.047925
1.0 0.752653 -0.183163 -0.287024 -0.003912 -0.048126 -0.033624
1.0 -0.401447 0.231146 -0.706797 0.046180 0.000912 -0.008962
1.0 -0.944263 -0.116934 -0.607340 -0.033023 -0.024493 -0.020660
1.0 0.836643 -0.791152 -0.623959 -0.046476 0.009808 -0.012043
1.0 0.674847 -0.649849 -0.983015 -0.048732 -0.015623 -0.032018
1.0 -0.677705 0.780822 -0.989109 -0.007043 -0.024710 -0.003714
1.0 -0.229537 -0.425080 0.795062 0.001355 0.036870 -0.023746
1.0 0.205469 0.670198 0.502119 -0.003229 0.020535 0.003919
1.0 -0.001771 -0.950367 0.411518 0.041900 0.038863 0.038745
1.0 0.634507 -0.834983 0.818758 0.049847 0.013090 0.023464
1.0 -0.098920 -0.518937 -0.982946 -0.021385 -0.008598 -0.046445
1.0 -0.316398 -0.327418 -0.581443 0.013744 0.014060 -0.005465
1.0 -0.021212 0.067542 0.519381 0.016148 0.009074 -0.005987
1.0 0.775346 0.088597 -0.701409 -0.023728 -0.039381 -0.037368
1.0 0.074519 -0.576117 0.049799 -0.022750 -0.002088 -0.007108
1.0 -0.385320 0.004608 0.913249 -0.033617 -0.049647 0.007946
1.0 -0.872310 0.654744 -0.414253 -0.023140 0.044225 -0.005959
1.0 -0.019195 -0.562532 0.113955 0.031125 0.037112 0.035285
1.0 0.645155 -0.871120 0.166033 0.023188 0.022644 -0.042132
1.0 -0.470921 0.439993 -0.665663 0.016016 0.010640 -0.030017
1.0 -0.851408 0.152000 0.355999 -0.026839 0.002194 -0.019032
1.0 0.870950 -0.358114 -0.778431 -0.013133 0.028516 -0.024464
1.0 -0.509378 -0.007379 -0.732128 -0.029385 -0.030940 0.013487
1.0 0.970625 -0.880341 0.726824 0.020896 -0.023155 -0.025861
1.0 0.377094 0.647789 -0.535231 0.039145 0.003252 0.048081
1.0 0.724469 -0.024719 -0.666972 -0.047489 -0.030830 0.006169
1.0 0.352573 0.376036 -0.123007 -0.042142 0.009860 -0.011609
1.0 -0.223893 -0.497149 -0.205572 0.011348 0.019994 0.048675
1.0 0.671484 -0.674594 -0.638115 -0.023822 0.011769 0.008489
1.0 -0.052348 -0.127995 0.222106 -0.034298 -0.034351 -0.043085
1.0 0.705480 -0.806617 -0.326663 0.022439 -0.028780 -0.001230
1.0 0.536806 0.345251 0.366295 -0.045599 -0.006015 0.017876
1.0 -0.768568 -0.720750 -0.503578 -0.004151 0.025255 -0.029494
1.0 0.871458 -0.241355 0.800006 -0.000885 0.041320 0.048858
1.0 0.219369 -0.333841 0.581700 0.021823 -0.032115 0.034367
1.0 0.826745 0.137119 0.047855 0.012023 0.046516 -0.033952
1.0 0.954619 0.873516 0.445205 -0.049828 0.018043 -0.007828
1.0 -0.344860 -0.546716 -0.645977 0.034336 -0.024144 0.023112
1.0 -0.122202 0.012573 -0.472471 -0.010355 0.019725 -0.037035
1.0 0.796522 -0.413832 0.935905 -0.005880 0.020873 0.027802
1.0 -0.012550 0.006567 -0.745851 0.029606 -0.027982 0.012736
1.0 -0.713329 -0.514764 -0.162186 0.048197 -0.024155 0.049425
1.0 -0.182392 0.995471 -0.396463 0.008435 -0.024640 -0.016659
1.0 -0.598380 -0.960558 -0.327636 0.029680 -0.012016 -0.024129
1.0 0.701871 0.809471 -0.720498 -0.025849 0.021696 -0.017781
1.0 -0.978598 -0.651981 -0.536315 -0.019600 -0.046899 0.030137
1.0 -0.004486 -0.110507 0.491810 0.022098 0.005159 0.019266
1.0 -0.712486 0.828352 0.551569 -0.025484 0.044603 0.027835
1.0 0.691339 -0.163738 -0.161275 0.010168 0.039660 0.016489
1.0 0.363804 -0.953350 -0.499317 0.002035 -0.013623 -0.048618
1.0 0.608091 0.661810 -0.613932 0.004586 0.000275 -0.037167
1.0 0.913955 -0.146349 -0.999251 0.019466 0.045871 0.041203
1.0 0.462197 -0.204144 -0.790558 0.005679 -0.002438 0.046208
1.0 -0.336674 -0.243233 0.278687 -0.049806 0.002427 0.017207
1.0 0.136301 0.390850 -0.275006 0.046564 0.047726 0.028533
1.0 0.389900 0.924014 0.142833 0.044056 -0.003937 -0.027176
1.0 -0.691565 -0.974206 -0.054257 0.025020 0.032735 0.017442
1.0 0.913307 0.382373 0.839328 -0.022191 -0.020543 -0.030202
1.0 0.148005 0.019479 -0.797497 0.040217 -0.017371 -0.004520
1.0 -0.119611 -0.089935 -0.895649 0.018439 -0.028759 0.046448
1.0 -0.970882 0.528693 -0.205222 -0.006425 -0.007241 -0.040589
1.0 0.358152 0.345441 -0.631610 -0.019263 0.038079 0.036464
1.0 0.369965 0.833814 0.849069 0.048600 0.016483 -0.012134
1.0 0.101718 0.171167 -0.564001 -0.033235 -0.027547 -0.034656
1.0 -0.806195 0.946990 -0.639305 0.034243 -0.041901 0.041227
1.0 0.513023 -0.311388 -0.915606 0.040792 0.047457 0.000033
1.0 0.181507 0.420068 -0.970565 -0.023317 -0.020253 -0.033618
1.0 -0.747345 0.059258 -0.543560 -0.025944 0.038282 -0.014064
1.0 -0.199110 -0.928465 -0.750597 0.015142 0.013647 0.018629
1.0 0.547764 -0.958432 -0.579374 -0.044888 0.042393 0.013983
1.0 -0.468931 0.047335 -0.705187 -0.019521 -0.036775 0.024766
1.0 0.441729 0.319594 -0.679004 0.022719 0.022672 0.014179
1.0 -0.209198 -0.892364 0.136366 0.039712 0.048283 0.001360
1.0 -0.729624 -0.475127 -0.987035 0.047454 -0.046508 -0.027683
1.0 0.862985 -0.187816 0.706345 0.038103 -0.022549 -0.034320
1.0 -0.742605 0.826161 -0.997964 0.030441 0.012307 0.006757
1.0 0.820729 -0.217057 -0.804814 0.001593 -0.038647 0.036964
1.0 0.075177 -0.626920 -0.626846 -0.000573 0.034313 0.045707
1.0 -0.990074 0.862318 -0.999639 0.047809 -0.015343 0.048477
1.0 0.761475 -0.951365 -0.403767 -0.038257 0.018085 -0.041653
1.0 -0.546597 0.222084 -0.793115 0.049427 -0.048040 -0.038886
1.0 0.188129 0.527926 -0.385527 0.022710 0.006589 -0.026958
1.0 0.981829 0.064741 -0.861534 0.010036 0.004841 -0.047940
1.0 0.909699 0.322812 0.732480 -0.010827 0.030265 -0.006558
1.0 0.547995 -0.986821 -0.737164 0.013146 -0.000784 0.028300
1.0 0.794905 -0.386073 0.750773 -0.011221 -0.022608 -0.026210
1.0 0.642565 0.831636 0.900323 0.010734 0.019968 -0.008092
1.0 0.287472 0.841965 -0.145285 0.005642 0.008685 -0.000604
1.0 -0.966675 -0.872061 0.011968 -0.007450 0.046976 0.034722
1.0 0.670973 0.124657 -0.653869 -0.010496 -0.048633 -0.023030
1.0 -0.440242 0.624574 0.634727 0.016016 -0.016271 0.041703
1.0 0.690721 -0.692606 0.337916 -0.015253 -0.010781 -0.034331
1.0 -0.400978 0.913983 0.446401 0.001068 -0.034173 0.032760
1.0 -0.254852 0.729815 0.487261 -0.005898 0.020136 -0.013728
1.0 -0.150311 -0.216581 -0.879025 0.040072 0.030473 0.044726
1.0 -0.679197 0.804654 -0.622822 0.025854 0.036720 0.031127
1.0 -0.347465 -0.306090 0.153825 -0.032088 -0.046172 0.015393
1.0 0.675147 -0.029161 0.436274 -0.034184 -0.042723 0.008808
1.0 -0.631116 -0.571607 0.772831 -0.029052 -0.017462 -0.020134
1.0 -0.097355 0.627595 0.569640 0.034210 0.000126 -0.048420
1.0 -0.641818 0.266115 -0.547139 0.040672 -0.020673 -0.026683
1.0 -0.145126 -0.187278 -0.752970 -0.028935 0.015097 -0.046954
1.0 -0.379541 0.884119 0.769969 0.000924 0.021811 -0.018209
1.0 0.186837 -0.047924 0.354967 0.015044 -0.029620 -0.008954
1.0 -0.620422 0.953708 -0.225030 -0.043884 -0.036517 0.006346
1.0 0.431427 0.021678 0.236470 0.040906 -0.032700 0.036029
1.0 -0.055992 0.882132 0.093978 -0.027461 -0.032880 0.030699
1.0 -0.399256 0.223388 -0.669949 0.003525 -0.006763 -0.026640
1.0 0.939489 0.913597 0.999087 -0.010025 -0.021596 -0.041044
1.0 -0.524675 0.588675 0.052116 -0.040183 -0.031959 0.043256
1.0 0.852909 0.267762 -0.880064 0.022048 -0.035601 0.037879
1.0 -0.954727 -0.813091 0.886324 0.048541 -0.020062 -0.014013
1.0 0.155986 -0.339797 -0.118450 0.032701 -0.015753 0.029223
1.0 -0.914381 -0.023133 0.970511 -0.041681 0.044613 0.036695
1.0 0.477129 0.452716 0.709250 -0.040064 0.014873 0.037606
1.0 0.357528 0.572974 0.126443 0.045416 0.012541 0.010164
1.0 -0.413686 -0.736218 -0.754281 0.010731 -0.015646 -0.014863
1.0 -0.591119 -0.052535 -0.388648 -0.030176 0.016481 0.023310
1.0 -0.200722 -0.244100 -0.962157 0.014788 -0.019123 -0.016203
1.0 -0.365590 0.728176 -0.148622 0.019469 -0.001679 -0.043705
1.0 -0.690889 -0.782188 -0.785570 -0.009091 -0.018472 0.039557
1.0 0.656221 0.914861 -0.797006 -0.011065 0.001049 0.020288
1.0 0.358906 -0.273478 0.982770 0.003867 0.002024 0.007565
1.0 -0.706395 0.611907 -0.974906 0.002930 0.033558 -0.020156
1.0 -0.150533 0.992801 -0.281219 0.016474 0.001265 -0.013228
1.0 0.720858 -0.731916 -0.943918 -0.036137 -0.015806 0.018827
1.0 0.358403 -0.263446 -0.247747 -0.017411 0.039082 0.034226
1.0 0.152553 0.276079 -0.769412 -0.044471 0.012326 -0.021131
1.0 0.954610 0.810894 0.912255 0.045752 -0.018805 -0.044510
1.0 -0.920257 0.023854 0.861138 -0.043139 0.029031 -0.023673
1.0 -0.862155 -0.697905 -0.174786 0.043329 -0.005557 0.037756
1.0 0.536004 -0.972890 0.220314 -0.033384 0.006819 -0.012274
1.0 -0.569606 -0.580138 -0.479539 0.003526 -0.025425 0.022627
1.0 0.100121 0.412193 0.251625 0.026127 -0.021268 0.020811
1.0 0.103373 0.295774 0.940485 0.021100 -0.014648 0.030738
1.0 0.271837 -0.208965 0.073146 -0.013798 -0.045145 -0.031083
1.0 0.753303 -0.154925 0.507352 0.003297 -0.008430 -0.021126
1.0 0.658298 -0.207803 -0.769734 0.019093 0.007845 -0.033507
1.0 -0.868263 0.304938 -0.901199 0.003717 0.048325 -0.043437
1.0 0.299368 0.237156 0.122778 0.033200 -0.048936 -0.009893
1.0 0.343828 -0.687816 -0.411011 0.045030 -0.012575 -0.048473
1.0 -0.862682 0.819190 0.455823 0.047348 0.048983 0.013332
1.0 -0.813240 -0.172373 -0.038526 -0.037129 0.015651 -0.019698
1.0 0.104459 0.311961 -0.659063 0.021697 -0.033553 -0.049230
1.0 0.535428 -0.244089 -0.375080 -0.029981 -0.001116 0.020371
1.0 0.318791 0.588361 0.182052 0.013718 -0.005903 -0.008211
1.0 -0.583781 -0.211096 0.111770 0.020954 -0.033015 -0.013268
1.0 -0.847549 -0.770934 -0.383402 -0.025803 0.042654 0.022476
1.0 0.167867 -0.954148 -0.438707 0.009888 0.012868 0.035687
1.0 -0.400156 -0.988024 -0.187880 -0.031969 -0.007406 0.004633
1.0 -0.847757 0.567942 0.920924 0.010431 0.026337 0.029612
1.0 0.277397 0.223583 0.071706 0.026329 -0.017359 -0.004129
1.0 -0.396003 -0.237182 -0.882604 0.005563 -0.003012 0.036467
1.0 0.616938 0.092454 0.744824 0.037822 0.034258 0.037629
1.0 0.986312 0.570784 0.258156 -0.000763 -0.040211 0.040579
1.0 -0.737265 -0.815460 -0.791151 0.015038 -0.014319 0.021429
1.0 0.205317 0.337114 -0.044701 0.045761 0.032856 0.025922
1.0 -0.905237 0.097987 0.088354 -0.008173 -0.001927 0.003377
1.0 -0.697074 -0.869825 -0.669470 -0.016139 0.010725 0.012750
1.0 -0.876332 -0.775691 0.077290 0.005128 -0.022614 -0.041917
1.0 0.043054 -0.482929 -0.686210 0.011210 0.016686 0.043287
1.0 0.696322 0.555885 0.308194 -0.012204 0.038933 -0.023863
1.0 -0.668259 0.580516 0.264923 0.039138 0.047409 0.049644
1.0 0.551818 -0.393990 0.323773 0.018569 0.011909 0.004358
1.0 0.510652 -0.910909 0.375638 0.035027 0.008525 0.033374
1.0 -0.889123 0.703868 0.473827 0.046068 -0.028832 -0.000482
1.0 0.729784 -0.763460 -0.180913 -0.010412 0.047985 0.036557
1.0 0.545077 0.082501 0.719591 -0.049913 0.034315 0.000345
1.0 0.181512 -0.370901 0.059444 0.036696 0.032321 -0.021091
1.0 -0.681579 -0.749676 -0.177914 -0.002402 -0.010124 -0.008000
1.0 0.090608 -0.763518 0.972951 0.018019 0.049215 -0.049918
1.0 -0.113803 0.316382 0.914889 -0.004875 -0.016394 -0.021894
1.0 -0.644195 -0.968928 0.441893 0.049976 -0.045437 -0.025460
1.0 0.403707 -0.609569 -0.216033 0.001629 0.048944 -0.001196
1.0 -0.292725 0.086631 0.423844 -0.029242 -0.028841 0.027285
1.0 0.629837 0.308578 0.782948 0.001488 -0.019278 -0.024146
1.0 -0.932967 -0.236702 -0.386739 -0.013698 -0.015714 -0.022500
1.0 -0.798242 0.291123 -0.830668 -0.001513 0.023494 -0.020531
1.0 0.300110 0.291715 0.133443 0.015603 -0.031324 0.014769
1.0 0.978785 0.771555 0.889867 0.035157 0.034746 0.048105
1.0 0.697008 0.442173 0.286806 -0.042381 -0.048028 -0.012098
1.0 0.440485 0.076778 0.193422 -0.008174 0.011112 -0.043684
1.0 0.458284 0.386200 0.758083 0.005818 -0.029785 0.039943
1.0 0.982494 -0.791273 -0.587957 -0.010069 0.020819 0.021716
1.0 -0.703482 0.680418 0.971965 -0.045659 -0.003322 -0.034597
1.0 0.388144 -0.605950 -0.227980 -0.042818 0.016287 -0.032774
1.0 0.898171 0.442783 0.658655 0.025471 -0.022388 -0.038236
1.0 -0.005437 -0.677569 0.715418 0.044263 0.041813 0.004260
1.0 -0.504126 0.589316 0.625632 -0.039584 0.005295 -0.028229
1.0 0.980959 -0.984875 -0.562921 0.044244 0.027586 0.040676
1.0 0.487493 -0.755245 -0.285279 -0.042459 -0.029053 -0.045015
1.0 -0.724012 0.250708 -0.573699 -0.010125 -0.029198 -0.017556
1.0 0.878690 0.550134 0.647668 0.047739 -0.037949 -0.038722
1.0 0.786925 0.158697 -0.160573 -0.034997 -0.049721 -0.041766
1.0 -0.246270 0.320357 -0.712390 0.039042 0.005455 -0.018322
1.0 -0.200141 0.616891 -0.322926 -0.031017 0.037852 0.020028
1.0 -0.134549 0.933009 0.700684 0.010211 -0.033165 0.010302
1.0 0.576927 -0.747837 0.483036 0.011603 -0.009729 -0.012592
1.0 -0.628743 0.937222 0.123297 -0.024703 -0.035758 -0.041683
1.0 0.894350 -0.644774 -0.364969 0.029094 0.036759 -0.023761
1.0 0.069809 -0.765909 0.586434 0.037234 -0.020541 -0.028310
1.0 -0.460130 -0.411904 0.991701 0.017263 0.040512 -0.031566
1.0 0.314296 -0.902730 -0.890732 -0.026403 0.004354 -0.035210
1.0 0.485161 -0.221119 0.433095 -0.016706 -0.034359 -0.038987
1.0 -0.967522 -0.866674 0.876210 0.003948 -0.029163 -0.029169
1.0 0.283294 0.484915 0.952924 -0.006248 -0.008325 -0.012221
1.0 -0.987400 -0.448007 0.044378 -0.004382 0.012122 0.001892
1.0 -0.158938 0.202236 0.187430 0.034900 -0.007231 0.015374
1.0 0.801022 0.868016 -0.362344 -0.042740 -0.003720 -0.023259
1.0 -0.122070 0.812162 -0.672697 -0.004514 0.012453 0.031958
1.0 -0.762998 0.738430 0.089297 -0.004290 -0.023094 -0.026969
1.0 0.432141 0.088491 0.496077 0.038687 -0.049085 -0.038498
1.0 0.148363 0.297394 0.972108 0.025805 -0.022425 0.027255
1.0 -0.191438 -0.917658 0.981424 -0.046206 0.031493 -0.043827
1.0 0.872876 -0.459791 0.588686 0.036679 0.017209 -0.028553
1.0 -0.890898 -0.575662 0.844605 0.032009 0.000945 0.011550
1.0 0.633372 -0.053119 -0.287738 0.021318 0.044386 0.048927
1.0 0.469154 0.470087 -0.092149 -0.039108 -0.026197 -0.014142
1.0 -0.028068 -0.345159 -0.291299 0.038612 0.017112 -0.049353
1.0 -0.198045 0.590975 -0.531154 -0.048890 0.000356 -0.013715
1.0 -0.813541 -0.190247 -0.447575 0.019612 0.023428 0.026190
1.0 0.232439 -0.819459 0.601354 0.011233 0.027012 0.018628
1.0 0.989980 0.612589 -0.803578 -0.036475 0.014124 0.034502
1.0 0.590955 0.769747 -0.380486 -0.008239 -0.044435 0.006267
1.0 -0.833132 -0.795366 0.419177 0.023476 -0.037122 0.036137
1.0 0.590707 0.008045 -0.830923 0.048250 0.047732 0.022774
1.0 0.956254 0.549947 0.175575 -0.009120 -0.031221 0.024661
1.0 -0.063980 0.950229 -0.945300 0.032797 0.031633 -0.022799
1.0 0.663859 0.837762 0.742584 -0.008478 -0.010114 -0.002726
1.0 0.166178 -0.964014 -0.328855 -0.012234 -0.000178 0.036066
1.0 0.388780 -0.158003 0.309039 -0.044655 -0.027058 -0.007251
1.0 -0.326837 -0.391823 0.729292 0.025717 0.046573 -0.030934
1.0 0.793029 -0.616858 0.154623 0.030359 -0.047915 -0.047841
1.0 -0.920071 0.051607 -0.034846 0.035051 0.000511 0.022328
1.0 -0.425761 0.336418 0.433040 -0.040276 -0.045879 0.035435
1.0 0.479477 0.568356 0.215024 0.011538 0.036117 -0.039224
1.0 -0.767834 -0.410002 -0.321012 -0.008166 -0.044479 -0.023063
1.0 0.707192 -0.536654 -0.024580 -0.003220 0.016748 -0.010763
1.0 0.928410 0.128782 -0.856670 -0.011242 -0.023818 -0.038400
1.0 0.617108 -0.226400 0.092387 -0.032167 -0.006915 0.013514
1.0 -0.581175 0.634848 0.988756 -0.031556 0.025872 0.009194
1.0 -0.225473 0.215385 -0.413165 0.047423 -0.046928 0.020482
1.0 -0.129234 -0.981988 0.065370 0.044504 0.042989 -0.014483
1.0 0.924909 -0.005301 0.619741 -0.012895 -0.036989 0.037514
1.0 0.518232 0.127307 0.620529 -0.042794 -0.003918 -0.000138
1.0 -0.428156 -0.790203 0.888217 -0.048211 0.027541 -0.043161
1.0 0.640238 -0.785239 0.442223 0.038442 -0.020691 0.035832
1.0 -0.756208 0.074795 -0.066030 0.041938 0.037799 0.043242
1.0 -0.251054 -0.149073 0.860361 -0.004308 0.009839 0.034565
1.0 0.226394 -0.512005 0.638204 -0.007278 -0.046869 -0.009960
1.0 -0.104048 0.999491 -0.864680 0.024700 0.048281 0.045643
1.0 0.203242 0.414268 -0.334186 0.011550 -0.002211 0.030366
1.0 0.574040 0.100491 -0.696303 0.009945 -0.008654 0.036068
1.0 0.053470 0.928227 0.358328 0.023292 0.037038 0.017944
1.0 -0.982914 0.628326 -0.286644 0.042767 -0.004742 -0.044047
1.0 0.500658 -0.564582 -0.371544 -0.032745 0.044050 -0.013611
1.0 -0.295079 0.101341 0.535075 -0.048611 -0.015503 -0.030350
1.0 -0.029034 -0.119480 0.532304 -0.043956 -0.010138 -0.008125
1.0 0.323105 0.989088 -0.207912 -0.025357 -0.038026 0.043738
1.0 0.973914 0.881900 0.579938 0.012283 -0.032370 0.009813
1.0 0.942115 0.283400 0.502141 -0.048323 -0.025314 0.036585
1.0 -0.619839 0.782137 -0.223554 0.032123 -0.029718 -0.001325
1.0 0.925161 -0.461012 -0.264983 0.047669 -0.009459 -0.037246
1.0 0.461645 -0.902690 -0.859678 -0.001337 0.020597 0.046976
1.0 0.738210 -0.043431 0.269057 0.000211 0.019241 -0.042374
1.0 -0.983722 0.539938 0.388181 0.021149 0.004471 -0.009052
1.0 -0.415040 0.953929 -0.756992 -0.021694 0.046457 -0.039962
1.0 -0.776290 0.432440 -0.378681 -0.014145 0.008910 -0.022884
1.0 -0.510403 0.993573 -0.876843 -0.037104 -0.049419 -0.031086
1.0 -0.009204 -0.864538 -0.706855 0.008109 -0.047326 0.012005
1.0 -0.678218 0.493356 0.727920 -0.042263 -0.032868 -0.037286
1.0 -0.474643 -0.162686 0.001022 0.011808 0.039158 -0.039636
1.0 0.434445 0.780484 -0.146109 0.041852 -0.042799 0.030536
1.0 0.084041 0.750205 -0.188091 0.020601 0.013065 0.040853
1.0 -0.455565 -0.875705 -0.287694 -0.046549 0.028665 0.028500
1.0 0.478051 0.199621 0.601904 -0.000076 0.046184 0.005613
1.0 0.574414 -0.111090 0.934911 0.010436 -0.035114 -0.026796
1.0 -0.983873 -0.635730 -0.409865 -0.045960 0.035245 -0.034676
1.0 0.500170 -0.648872 0.956114 0.027455 -0.000931 0.033559
1.0 0.007811 -0.288642 0.332154 0.020595 0.020965 0.035832
1.0 -0.131726 -0.428102 0.877305 -0.035326 -0.002875 -0.025017
1.0 -0.631365 -0.309703 0.527238 0.033376 -0.015656 -0.000362
1.0 0.216238 -0.216097 -0.238908 -0.034713 0.007617 0.043178
1.0 0.588011 -0.428134 0.785754 0.043094 0.048597 -0.026559
1.0 0.562018 -0.478639 -0.502441 0.021662 0.013516 -0.044481
1.0 -0.003058 -0.617003 0.408166 -0.021653 0.046391 0.015131
1.0 -0.009206 0.980277 0.400130 0.047689 -0.049913 0.007892
1.0 -0.113098 0.130310 -0.382515 0.027602 -0.011682 0.024185
1.0 0.093975 0.168254 -0.425942 0.049472 0.006401 -0.008599
1.0 -0.097023 0.703040 -0.403557 0.035254 0.049775 0.020489
1.0 -0.419594 0.522081 0.115787 -0.040206 -0.030698 -0.008420
1.0 -0.877271 0.769877 0.191095 -0.019123 -0.034834 0.047770
1.0 0.653370 -0.149126 -0.215513 -0.041802 -0.030241 -0.035631
1.0 -0.553682 -0.129344 -0.458775 -0.017814 0.029391 0.004835
1.0 0.279691 -0.811268 0.124933 0.038128 -0.022543 0.005450
1.0 -0.815036 0.006641 -0.327457 -0.045798 0.000267 -0.004452
1.0 0.541232 0.924955 -0.230497 -0.016804 -0.015095 0.019201
1.0 -0.576946 0.479665 0.302294 -0.017743 0.041287 -0.039969
1.0 -0.090847 -0.923720 0.597858 0.047346 0.016820 0.022870
1.0 -0.906940 -0.428749 0.357048 -0.042403 -0.018836 0.002820
1.0 0.141694 0.763068 -0.331408 0.006617 -0.024846 -0.028690
1.0 0.485435 0.841331 -0.089779 -0.043729 0.002517 0.040267
1.0 0.568482 0.090107 0.194946 -0.013946 0.012202 -0.007143
1.0 -0.296302 0.600277 -0.169169 -0.003994 0.039129 -0.042673
1.0 0.628295 0.671212 0.238884 0.011561 -0.020402 0.008881
1.0 0.859851 0.941286 0.308622 -0.035275 -0.045211 -0.022199
1.0 -0.277082 0.159079 0.950595 -0.017649 -0.009495 0.045453
1.0 -0.617085 0.210030 0.296357 -0.022787 0.001369 -0.025361
1.0 -0.240584 0.377948 -0.144722 0.034772 0.041897 0.017812
1.0 0.124954 0.897378 0.242584 0.035339 0.014116 -0.011292
1.0 0.865984 0.074652 -0.293074 0.006314 0.018117 -0.003990
1.0 0.893908 0.986990 -0.973982 -0.035289 0.044276 0.015590
1.0 0.921006 0.742539 0.043090 0.006761 0.013001 -0.038563
1.0 0.210541 -0.113219 0.674188 0.000962 0.022145 0.006728
1.0 -0.159321 -0.135129 -0.217930 -0.049622 0.020171 0.002658
1.0 0.350919 0.791357 -0.096790 -0.038589 -0.009273 0.005545
1.0 -0.908157 0.574033 -0.275414 0.047145 -0.037598 -0.037006
1.0 0.332349 -0.631084 0.233437 0.025744 -0.023437 -0.014575
1.0 -0.179755 0.113031 0.440635 0.007493 0.028379 0.000078
1.0 -0.150975 -0.959758 -0.128506 -0.001628 -0.037504 0.008237
1.0 -0.894648 -0.177867 -0.668912 -0.036497 -0.005690 0.013257
1.0 0.570378 -0.519991 0.508151 0.016593 -0.000612 -0.031234
1.0 -0.075520 -0.617755 -0.624668 0.032233 -0.034926 -0.018515
1.0 0.868063 -0.845576 -0.777452 0.018919 -0.011302 0.047457
1.0 0.873074 0.606609 -0.949582 0.017077 0.020555 -0.038302
1.0 -0.104985 -0.666604 0.610970 0.003435 0.015895 0.047977
1.0 0.273447 0.450776 0.895938 0.026744 -0.027756 0.028433
1.0 -0.254674 -0.394738 -0.467726 0.047379 -0.003189 -0.049473
1.0 0.130449 0.667577 0.938808 0.028864 -0.022545 -0.022292
1.0 -0.132215 -0.192331 0.009787 0.004331 -0.038539 0.043471
1.0 0.497411 0.019705 -0.599370 0.018343 0.015893 0.028737
1.0 -0.411776 0.895794 0.051229 -0.027755 -0.048198 -0.002850
1.0 0.019534 -0.405531 -0.217760 -0.017533 -0.028526 -0.031887
1.0 0.918625 -0.803658 0.609167 0.044663 -0.036149 0.037179
1.0 -0.883312 -0.511882 -0.002826 0.030228 -0.015068 -0.023970
1.0 0.432208 -0.783030 -0.704188 0.041167 -0.033811 -0.045654
1.0 0.850322 0.350880 0.518598 -0.024031 0.042693 0.040572
1.0 0.124793 0.864333 -0.447520 -0.034787 0.031936 -0.018246
1.0 -0.695673 -0.747892 -0.748152 -0.007348 0.011176 0.039128
1.0 -0.034242 -0.231282 -0.163139 0.032272 -0.025030 0.001260
1.0 -0.445335 0.112829 -0.572195 0.004672 0.047257 -0.027800
1.0 0.985556 -0.009313 -0.416709 0.032422 -0.026057 0.025864
1.0 -0.616901 0.356160 0.209154 0.047530 -0.048509 -0.013076
1.0 -0.532211 0.194196 0.952046 -0.011163 -0.006721 -0.000308
1.0 0.705164 0.994720 -0.532231 0.020980 0.048206 0.049808
1.0 -0.183454 0.621966 -0.162645 -0.006408 0.033674 0.019016
1.0 -0.352344 0.038233 0.798919 0.040487 0.015286 -0.028860
1.0 -0.754100 -0.811136 0.206626 -0.020547 0.000317 0.046069
1.0 -0.031113 0.232389 -0.245029 -0.031697 -0.001405 -0.043965
1.0 -0.092533 0.274581 0.921877 -0.039099 0.041482 -0.035780
1.0 0.192681 -0.403160 -0.763207 -0.017417 0.013660 0.029568
1.0 0.754382 0.708309 0.425273 0.047335 -0.042670 -0.039166
1.0 0.549633 0.205642 0.040405 0.022945 0.035631 0.035372
1.0 -0.528824 -0.613463 0.886573 -0.022094 -0.028487 -0.042086
1.0 0.538817 0.515856 0.210237 0.003817 0.040457 0.007112
1.0 -0.332120 0.512558 -0.208517 0.014387 0.029816 0.007826
1.0 -0.610961 -0.539315 0.676919 -0.023328 0.044073 -0.021821
1.0 -0.550499 0.427240 0.156790 0.020964 0.015668 -0.034756
1.0 0.526549 -0.886457 -0.411562 -0.020148 0.002209 -0.039625
1.0 0.738464 0.564294 -0.332115 0.000806 -0.043394 -0.040031
1.0 0.662429 -0.843277 0.425152 0.000921 0.038195 0.016953
1.0 -0.437598 0.330832 -0.974500 0.023519 0.042776 0.036500
1.0 0.093660 -0.806991 0.258384 0.047515 -0.008447 0.036739
1.0 -0.681789 -0.586907 0.216235 -0.016856 -0.022345 0.045210
1.0 0.491367 0.503991 0.638549 -0.012597 0.047776 0.043439
1.0 0.693592 0.549411 -0.586255 -0.040492 -0.046488 0.022998
1.0 -0.867380 -0.704218 -0.336645 -0.018326 0.003776 -0.043509
1.0 0.038557 -0.142074 -0.580179 -0.048114 0.022551 0.013698
1.0 -0.101022 0.423674 0.448203 -0.002690 0.021066 -0.031833
1.0 -0.501079 -0.643436 0.330103 0.049325 0.018669 0.018244
1.0 -0.018376 -0.249526 -0.437603 -0.026174 -0.019296 0.025034
1.0 -0.787247 0.047867 -0.973808 -0.035402 -0.031279 0.036714
1.0 0.511447 0.538733 -0.017874 0.007948 0.041478 0.019145
1.0 0.796401 -0.072171 -0.462371 0.043240 -0.011230 0.039636
1.0 0.987860 -0.102292 -0.621551 -0.027219 0.038926 0.009799
1.0 0.652778 0.545714 -0.551651 -0.028333 -0.019000 0.007981
1.0 -0.663920 0.293302 -0.249090 -0.024852 -0.045283 -0.022456
1.0 -0.140261 -0.510529 -0.401686 -0.033461 0.012893 -0.033728
1.0 -0.979343 -0.103501 0.359365 0.038792 0.020564 -0.045233
1.0 0.829327 -0.132467 0.046297 0.035136 0.025864 0.036661
1.0 -0.062952 0.194116 0.364292 0.005168 0.027843 0.037882
1.0 0.809164 -0.576998 -0.257894 -0.004352 -0.023401 0.012676
1.0 -0.207302 -0.095141 -0.057305 0.003808 0.024913 0.032320
1.0 -0.117902 0.693873 0.785113 -0.026824 0.006937 0.007022
1.0 0.249908 0.692613 0.195404 0.001554 -0.021590 -0.017440
1.0 0.914609 0.242768 -0.523983 0.040044 0.010222 -0.020534
1.0 0.621117 -0.677530 0.904960 -0.024277 -0.023702 -0.001231
1.0 0.071262 0.427269 -0.712655 -0.038666 0.042487 0.003437
1.0 0.275227 -0.330964 -0.966205 -0.002264 -0.038285 0.024039
1.0 0.481043 -0.469067 0.186180 0.042732 0.037080 -0.040863
1.0 0.235820 -0.781224 -0.036747 0.013347 -0.036636 -0.006906
1.0 0.331419 -0.828545 0.836954 0.003512 -0.049925 -0.038602
1.0 -0.143930 0.089164 0.614133 0.018564 -0.038380 -0.049696
1.0 0.434411 0.892599 -0.867329 0.023982 -0.031332 -0.014903
1.0 0.354216 0.534366 0.980446 0.002754 0.023366 -0.042443
1.0 -0.920505 -0.045551 0.923136 0.039432 0.003325 0.020969
1.0 0.196897 0.045869 0.034834 -0.049573 0.023913 -0.001172
1.0 0.239685 -0.961105 -0.134800 -0.034104 0.042209 -0.031172
1.0 0.054193 0.539262 0.919042 0.030316 -0.003767 -0.009729
1.0 -0.829752 0.013752 0.328683 -0.040779 0.033042 -0.032143
1.0 -0.757594 -0.094299 -0.896455 -0.047774 0.045873 0.000275
1.0 -0.169501 -0.320999 0.918921 0.005330 -0.003923 0.041454
1.0 -0.605438 0.249421 0.883817 -0.046844 0.042101 -0.017396
1.0 0.956441 0.338763 -0.282444 0.020480 -0.039752 -0.007447
1.0 -0.258927 -0.006962 0.916934 -0.014974 -0.039768 0.034395
1.0 -0.538624 0.563073 0.088340 -0.045472 -0.018500 0.010550
1.0 0.681331 -0.744739 0.598247 0.005300 -0.036602 0.010094
1.0 0.058186 0.835721 0.881913 -0.008520 0.015153 0.003826
1.0 -0.085653 -0.838147 0.183101 0.023279 0.014627 0.001850
1.0 0.231506 0.647945 0.729310 0.048652 0.000103 0.047077
1.0 -0.880451 -0.034154 0.491616 -0.049603 0.041821 0.032634
1.0 0.546156 0.131156 0.721315 -0.046145 -0.043151 0.038469
1.0 -0.920657 0.018953 -0.347419 0.011048 -0.023596 0.021690
1.0 -0.797110 0.335367 0.348137 -0.029651 -0.036039 -0.047069
1.0 -0.126975 -0.069573 0.343668 0.030783 0.006025 0.021633
1.0 0.801047 0.894959 -0.083302 0.022510 -0.041288 0.042550
1.0 0.434713 0.464800 -0.200189 -0.035900 0.002693 -0.029401
1.0 0.298927 -0.837431 0.320283 -0.022888 -0.038838 -0.021637
1.0 -0.555544 -0.241882 0.174269 0.019870 -0.046133 0.049114
1.0 0.224946 -0.202588 -0.632737 -0.014615 -0.025768 0.029266
1.0 0.277312 -0.940769 0.786880 0.046128 -0.040295 0.029758
1.0 0.409955 -0.335077 0.916246 0.033368 -0.000327 -0.041036
1.0 -0.965965 -0.015909 0.788880 -0.048723 0.001354 0.038385
1.0 0.381102 -0.431742 0.778247 0.047029 0.036586 -0.030233
1.0 -0.893660 -0.894910 0.753004 0.013596 -0.036492 -0.005662
1.0 -0.247707 -0.032349 0.865951 0.022348 -0.021165 0.047155
1.0 -0.720880 0.420942 -0.439062 -0.002275 0.015364 0.018278
1.0 0.253712 0.834004 0.741829 0.033950 0.025244 0.033757
1.0 -0.657720 -0.737757 -0.419627 -0.021164 0.049929 0.015396
1.0 0.456822 -0.558199 -0.467712 -0.036844 0.008602 -0.041275
1.0 -0.803947 -0.286857 0.464276 0.011820 0.001278 -0.011043
1.0 0.843266 0.861502 -0.746869 0.011456 -0.018161 -0.013241
1.0 0.787544 0.732869 -0.301868 0.024159 0.049379 0.011614
1.0 -0.291180 0.135060 0.070785 0.023593 0.016606 -0.000375
1.0 -0.715912 0.273830 0.020773 -0.011819 -0.003397 0.002829
1.0 -0.403332 0.061985 -0.305243 -0.006061 0.031839 0.019434
1.0 -0.653647 -0.693556 -0.234172 -0.028497 0.033906 0.030774
1.0 -0.583716 -0.599297 -0.488985 -0.018603 -0.003163 0.029889
1.0 0.972756 -0.804752 -0.893168 0.040917 -0.023587 -0.035540
1.0 0.475412 -0.344289 0.042170 -0.001518 -0.016499 -0.049033
1.0 0.391705 0.279408 0.642991 0.032293 -0.032485 -0.030475
1.0 -0.664599 -0.152683 -0.001634 0.048291 0.041808 -0.048303
1.0 0.313950 0.783591 0.695065 -0.044602 0.002055 -0.004381
1.0 -0.573357 -0.894545 -0.656613 0.046234 0.014481 -0.007546
1.0 0.159532 0.758302 -0.365941 0.001946 -0.036300 -0.025158
1.0 -0.905025 -0.468385 0.626450 0.024927 -0.039297 0.014390
1.0 0.820298 -0.899480 0.878435 0.018029 0.014343 -0.030790
1.0 -0.782631 -0.450247 -0.871660 -0.008087 0.024643 0.007958
1.0 0.523866 -0.453003 0.879466 -0.018645 0.028822 0.043274
1.0 -0.133243 -0.478625 -0.312466 -0.026676 -0.040958 -0.003243
1.0 -0.058852 -0.245348 0.261048 -0.015396 0.008033 0.009287
1.0 0.122135 0.752630 -0.100983 -0.015213 0.022279 0.045403
1.0 -0.352803 -0.662786 0.195224 0.017565 0.043200 -0.008826
1.0 0.852700 0.140020 0.716174 -0.021329 0.031350 0.021338
1.0 -0.883869 -0.057773 0.914670 0.030144 -0.049713 0.043326
1.0 0.656679 0.430207 0.733533 -0.037386 0.039525 -0.007510
1.0 -0.361091 -0.959666 -0.273925 -0.031673 -0.034756 -0.043684
1.0 0.611134 -0.539491 -0.671307 0.042131 -0.047661 -0.049234
1.0 0.107574 0.258481 -0.306508 0.016472 -0.008876 0.006225
1.0 -0.583051 -0.936130 -0.092986 -0.034073 0.004200 0.043455
1.0 -0.369620 -0.396327 -0.466702 0.043451 -0.025640 0.040275
1.0 -0.275144 -0.562941 -0.497008 0.029179 0.024440 0.006507
1.0 -0.633243 -0.253115 0.499845 0.008677 0.016202 -0.037183
1.0 -0.695151 -0.729192 0.408468 0.006459 -0.038146 -0.008774
1.0 0.394637 0.977719 -0.804523 0.047600 0.002692 0.001738
1.0 0.797153 -0.556925 0.291661 0.028602 -0.003747 -0.013556
1.0 -0.977590 0.455719 0.014191 -0.043826 -0.027735 0.011688
1.0 0.181817 0.264024 -0.610879 0.030595 0.021732 -0.036448
1.0 0.265619 0.892108 0.841005 -0.022616 -0.011988 -0.014310
1.0 0.588230 -0.941529 -0.263682 -0.007923 -0.012270 0.035588
1.0 -0.108067 -0.871723 0.336717 0.022282 0.028640 -0.038838
1.0 -0.189470 0.563357 0.422759 -0.045714 0.025753 0.045662
1.0 0.031891 -0.533990 0.241083 -0.012066 -0.022587 -0.007402
1.0 -0.272002 0.077036 0.778327 -0.033348 0.015084 0.020456
1.0 0.302050 -0.049225 -0.022434 0.022408 -0.013555 0.048324
1.0 -0.919244 0.164399 -0.529022 0.028146 0.027525 0.034728
1.0 -0.417283 -0.461641 -0.922320 0.014961 -0.041666 -0.021627
1.0 -0.544912 -0.811771 -0.355831 -0.003531 0.025020 -0.005052
1.0 0.911649 0.355510 0.914767 -0.001119 -0.045652 -0.017007
1.0 0.140959 0.161475 0.435327 0.003388 -0.011476 -0.029535
1.0 -0.089054 -0.172411 0.554037 0.006399 0.030263 -0.030416
1.0 -0.579150 0.561901 0.663149 0.014221 -0.048659 -0.017361
1.0 0.201683 -0.011577 -0.204602 -0.024647 0.045712 -0.015906
1.0 -0.893466 0.378221 -0.185093 0.035362 -0.043793 0.010128
1.0 -0.396721 -0.989831 0.031221 0.010753 0.014920 0.018518
1.0 -0.513919 0.211619 0.690193 0.047501 0.033030 0.033187
1.0 0.172711 -0.366090 0.536615 0.043760 -0.040930 -0.038754
1.0 0.945486 -0.308682 0.111569 0.014570 0.014440 0.047252
1.0 0.426527 0.281364 -0.320169 0.024811 -0.017084 -0.007960
1.0 -0.437398 0.902560 0.800154 0.039400 -0.041513 -0.021323
1.0 -0.765726 0.331176 -0.418375 0.000699 -0.035493 -0.043982
1.0 -0.542614 0.300178 0.993393 0.023650 -0.015811 0.016175
1.0 0.672027 -0.195557 -0.064294 -0.041615 -0.003402 -0.044713
1.0 -0.156875 0.351579 0.161110 -0.033714 0.020728 0.015387
1.0 -0.039276 -0.006740 0.599527 -0.047074 -0.037408 -0.030811
1.0 0.288270 0.400350 0.881108 0.029260 0.015332 0.009138
1.0 -0.250765 -0.269265 0.217312 -0.047026 0.041023 0.045173
1.0 -0.211667 -0.792652 -0.241912 -0.012285 0.036854 0.027172
1.0 0.396188 0.640347 -0.160330 -0.007025 -0.025821 0.005227
1.0 0.016935 -0.127470 -0.245335 0.022897 0.004701 0.012505
1.0 0.622056 -0.511839 0.212141 0.039239 -0.015029 -0.020578
1.0 -0.962486 -0.971009 0.270483 -0.001405 0.043156 -0.012288
1.0 -0.666659 0.045177 -0.837517 -0.019424 -0.009943 0.035625
1.0 -0.675015 -0.495955 0.494751 -0.020661 -0.022683 -0.026895
1.0 -0.719055 0.501682 -0.521067 -0.026448 0.039918 0.041177
1.0 0.024472 0.394136 -0.453913 -0.044319 0.028597 -0.042507
1.0 0.984820 0.323234 0.435126 0.035945 0.022845 0.040711
1.0 -0.938316 0.091742 0.110552 -0.017935 0.048830 -0.027160
1.0 -0.673768 0.811494 0.030933 0.018354 -0.013293 0.031505
1.0 -0.078107 -0.297618 -0.502945 -0.020711 0.001870 0.018278
1.0 0.039292 0.590709 -0.144420 0.004750 -0.032263 0.028565
1.0 -0.632683 0.497103 0.303838 0.016201 0.031107 0.011963
1.0 -0.239985 0.796773 0.941426 0.031745 0.018450 0.041051
1.0 0.832579 0.892515 0.545336 -0.028572 0.046830 0.046055
1.0 -0.742262 -0.086002 0.919225 0.024114 -0.006672 0.030528
1.0 0.587532 -0.725076 -0.577244 0.013980 0.015583 -0.012596
1.0 0.086113 -0.549725 0.511462 0.049288 -0.014901 -0.031908
1.0 0.669523 0.148542 0.111268 0.003705 -0.043590 0.000358
1.0 0.308686 -0.656216 -0.725177 -0.004480 -0.030568 0.024977
1.0 -0.491379 -0.312044 0.430442 0.028466 -0.010162 0.040605
1.0 -0.968579 0.639273 0.194565 -0.013498 -0.016569 -0.038241
1.0 -0.620042 -0.052758 0.443752 -0.019217 -0.041079 -0.010944
1.0 0.841899 -0.072396 -0.569084 -0.006125 -0.044243 0.025062
1.0 -0.064743 0.864507 -0.115744 -0.046218 -0.011248 -0.038885
1.0 -0.273557 0.420772 -0.334053 0.036009 -0.009274 0.016629
1.0 -0.063239 -0.358925 0.670091 0.032880 0.000635 -0.029739
1.0 -0.060456 -0.539927 0.563908 0.015289 0.029405 0.047064
1.0 0.786194 0.456177 -0.535353 -0.030527 0.003793 0.045133
1.0 -0.157830 0.329468 0.851830 -0.003278 0.001822 0.003846
1.0 -0.594097 0.137908 0.152499 -0.005448 -0.047695 -0.029358
1.0 -0.108304 -0.788106 0.650521 0.040925 -0.047202 0.012043
1.0 -0.458539 0.527252 0.508999 0.045391 -0.047648 0.013408
1.0 0.171213 0.294302 -0.994440 0.036747 0.037860 0.031030
1.0 0.072193 0.204993 -0.365172 0.015821 -0.008652 -0.035862
1.0 -0.201593 -0.058416 -0.802592 0.022870 0.046133 -0.047462
1.0 -0.335833 -0.809550 0.000375 -0.036900 0.037340 -0.015540
1.0 0.437175 -0.242078 0.626088 -0.028397 -0.011393 0.033520
1.0 -0.829174 -0.091809 0.771203 0.039169 0.010762 -0.026889
1.0 -0.156810 -0.538624 0.548270 0.019553 -0.025062 0.028638
1.0 -0.799477 0.180505 -0.568928 -0.013640 -0.006065 -0.045171
1.0 0.725082 -0.635305 0.401406 -0.025503 0.035588 0.012584
1.0 0.053329 -0.587534 -0.463455 -0.038804 -0.047143 0.000347
1.0 0.767178 -0.039853 -0.698200 -0.035557 0.011321 0.006223
1.0 0.575579 -0.369803 -0.434024 0.039362 0.040243 0.046008
1.0 0.677675 0.139316 0.130389 0.044705 0.006962 0.034392
1.0 0.327333 0.346210 0.401682 -0.010684 -0.044207 0.017814
1.0 -0.465794 0.834128 -0.131272 -0.003655 -0.016171 -0.018410
1.0 0.517219 -0.235801 -0.338225 -0.035909 -0.035477 -0.027751
1.0 -0.842929 0.150082 0.657909 0.032249 -0.015057 0.034071
1.0 0.225752 0.299080 0.364534 0.007568 -0.030550 -0.008913
1.0 0.213204 -0.296123 -0.382697 -0.010457 -0.046573 0.020168
1.0 0.571645 0.617134 -0.623720 -0.046169 0.029616 -0.021677
1.0 0.567605 -0.197386 0.795340 0.019025 0.013047 0.032548
1.0 -0.952479 -0.598736 0.200494 -0.036419 -0.042072 -0.007055
1.0 -0.369932 0.701816 -0.674452 0.042236 0.014667 -0.021856
1.0 -0.557525 0.507520 0.685931 -0.004641 -0.037784 -0.002748
1.0 -0.219539 0.681033 -0.306166 0.044446 0.002881 -0.005614
1.0 0.318659 0.021019 -0.011939 0.031721 0.049206 0.018678
1.0 0.947930 -0.321285 0.051865 0.001053 0.005238 -0.004278
1.0 -0.147967 -0.339943 -0.303944 -0.024979 -0.027367 0.028818
1.0 -0.390347 -0.534606 -0.181089 0.027387 -0.019982 0.016274
1.0 -0.385239 0.550729 -0.420290 -0.028569 0.009411 -0.015092
1.0 0.111135 0.015165 0.423957 0.001924 0.038337 -0.045780
1.0 0.782340 -0.372150 0.792790 0.045225 -0.041242 -0.027570
1.0 0.348712 0.318745 -0.110465 -0.044990 0.010854 -0.014569
1.0 0.941900 -0.303756 -0.503877 -0.031922 0.023424 0.031642
1.0 -0.000945 0.399840 0.206336 0.037531 -0.031429 -0.039619
1.0 -0.642505 -0.831123 0.843475 0.032977 -0.037553 0.022727
1.0 -0.135425 0.234973 0.029595 -0.017132 -0.014809 0.018723
1.0 0.771710 0.199605 -0.598719 0.003879 -0.023308 0.032325
1.0 -0.812501 0.788809 0.770706 -0.028193 -0.006482 -0.026977
1.0 0.328266 0.775164 0.480629 0.006114 0.032968 -0.006596
1.0 -0.901575 -0.337657 -0.824348 -0.020863 -0.003061 -0.037816
1.0 0.994491 0.386846 -0.599972 0.041184 -0.007639 -0.049706
1.0 -0.625372 -0.902307 -0.256366 -0.001101 0.049456 0.048667
1.0 0.497352 -0.095526 -0.798188 -0.021092 0.026515 -0.036638
1.0 0.003113 -0.393967 0.353866 -0.031506 -0.033191 0.022277
1.0 -0.150133 0.894507 -0.939924 -0.029969 -0.031717 0.030116
1.0 -0.731443 0.123336 0.062149 -0.016441 0.045041 -0.013913
1.0 -0.639948 0.423400 -0.869570 0.028961 0.034330 0.022124
1.0 -0.944460 -0.632278 -0.674208 0.004871 0.039441 -0.009502
1.0 0.995982 0.710840 -0.879768 -0.011129 0.042344 0.012184
1.0 -0.020525 0.002260 -0.474130 -0.021377 -0.018458 -0.029802
1.0 0.620859 -0.444645 0.578967 -0.038116 -0.049464 0.017448
1.0 0.200834 -0.986922 -0.144668 0.034771 -0.002640 0.045336
1.0 0.471181 0.627499 -0.819169 -0.049453 -0.034502 -0.015135
1.0 -0.884227 -0.793309 -0.228075 -0.030820 -0.024365 0.036157
1.0 -0.999389 -0.757834 0.645076 0.023873 0.028627 0.005148
1.0 0.799248 0.831067 0.343807 0.018394 -0.024366 0.016198
1.0 -0.246789 -0.702935 -0.574802 -0.041404 0.022174 -0.042685
1.0 -0.137499 0.823877 0.441210 0.034095 -0.014594 -0.044062
1.0 0.409063 0.111335 0.832331 0.003576 0.012165 0.009572
1.0 -0.675549 0.649919 0.937882 -0.034596 0.039233 -0.043833
1.0 0.615858 -0.594948 -0.394729 0.009837 -0.029196 -0.006321
1.0 -0.751579 0.223696 0.261847 -0.037281 -0.039515 -0.049099
1.0 0.951800 0.759420 -0.070821 0.037861 -0.015888 0.031908
1.0 0.736502 0.685181 -0.162926 0.025854 0.036699 -0.004323
1.0 -0.569249 -0.447182 0.762675 -0.036872 -0.018997 0.048077
1.0 -0.503600 -0.768721 -0.458482 0.044329 -0.014962 -0.015570
1.0 -0.717520 0.581339 0.653204 -0.028628 -0.022108 0.030353
1.0 -0.443544 0.446285 -0.718651 0.015367 0.024408 -0.010653
1.0 -0.454562 -0.361242 0.324574 -0.015998 0.034969 -0.020623
1.0 0.113391 -0.757116 0.265588 0.019745 0.035589 -0.005845
1.0 0.756660 -0.835823 -0.445311 -0.024063 0.009677 -0.042401
1.0 -0.636640 0.773945 0.560562 -0.006784 0.027394 0.019914
1.0 -0.204515 -0.419491 -0.499367 -0.001703 0.040910 0.022204
1.0 0.352251 -0.536285 0.527536 0.014729 -0.037967 0.003481
1.0 0.801584 0.228118 0.079340 -0.039490 0.036547 0.028985
1.0 -0.434377 0.689526 0.072826 0.049017 -0.007760 0.006620
1.0 -0.539104 0.022089 -0.853547 0.007437 0.011614 0.043793
1.0 0.614636 -0.051175 -0.025715 0.001340 -0.033182 0.008774
1.0 0.427131 -0.827585 0.892224 0.044267 -0.009487 0.011048
1.0 0.406471 0.859380 0.430865 -0.012191 0.012942 -0.047109
1.0 0.327067 -0.661115 -0.817478 0.010736 -0.023143 0.003847
1.0 -0.357157 0.203868 -0.973275 -0.031182 -0.046883 0.018746
1.0 -0.278325 -0.431883 0.050393 0.024760 0.011662 0.025822
1.0 -0.690926 0.496694 0.007194 -0.022720 -0.000103 0.048598
1.0 -0.658527 0.482503 -0.226218 0.009638 0.018592 -0.003076
1.0 -0.560501 -0.607639 -0.254567 0.030215 -0.006989 -0.015110
1.0 -0.463241 -0.910358 0.179445 -0.005156 -0.013647 0.003452
1.0 -0.016255 0.370024 0.537344 0.028974 0.021211 -0.005015
1.0 -0.286879 -0.035302 0.719929 -0.001648 -0.021580 0.047183
1.0 -0.812405 -0.897129 0.985185 0.021128 0.037872 -0.030183
1.0 0.475687 0.892372 -0.963471 0.013508 -0.007476 -0.047682
1.0 -0.514825 -0.682929 0.699449 -0.020210 -0.047528 -0.004440
1.0 0.513302 0.648726 0.216738 -0.015172 -0.003266 0.024280
1.0 -0.908497 0.754277 -0.496508 0.024926 -0.021156 -0.036095
1.0 0.785142 -0.925523 -0.415069 0.032782 -0.045166 -0.042048
1.0 0.189755 0.117819 0.395761 -0.047344 0.002425 -0.042065
1.0 0.627680 0.539825 -0.176319 0.016038 -0.016006 -0.032047
1.0 0.693196 -0.416780 0.309117 0.010294 -0.008252 -0.035908
1.0 -0.090432 0.285913 0.237241 0.044505 0.048588 0.034001
1.0 0.288368 0.162897 0.271144 -0.002021 -0.043633 -0.028490
1.0 -0.722703 -0.500067 -0.088282 0.027336 0.046138 -0.048077
1.0 0.259522 -0.218137 0.118437 -0.031702 0.012603 -0.032623
1.0 -0.689994 0.636326 0.444947 -0.009908 -0.044025 -0.001544
1.0 -0.688714 -0.619593 0.600000 0.044042 -0.021855 0.029877
1.0 -0.818706 -0.576178 0.032299 -0.020018 0.043463 -0.002105
1.0 0.018292 0.291370 0.762783 -0.026314 -0.022623 0.025576
1.0 -0.936958 -0.565756 -0.092946 -0.045193 -0.014962 -0.025023
1.0 0.672435 0.013656 -0.252616 0.016751 -0.043737 -0.036583
1.0 0.819383 0.127705 -0.435102 0.027477 -0.018193 -0.015699
1.0 -0.692219 0.451982 0.711548 -0.022417 -0.018886 -0.017788
1.0 0.994607 -0.144687 -0.127675 -0.017305 -0.047494 -0.011798
1.0 -0.734713 -0.176645 0.044935 -0.008483 0.049879 -0.019083
1.0 0.736659 0.358876 -0.675620 -0.014591 -0.025935 0.043246
1.0 0.459606 0.030785 0.576523 -0.042876 0.027191 -0.026096
1.0 0.361749 -0.345923 0.485614 0.030340 0.008497 0.031395
1.0 0.385167 0.952007 -0.535127 -0.007746 -0.002130 -0.007106
1.0 -0.855392 0.189008 0.688062 -0.048102 0.019211 0.049013
1.0 -0.769838 -0.075624 -0.084143 0.039950 0.042082 0.046599
1.0 -0.549238 0.443414 -0.482886 0.017689 -0.035807 0.019538
1.0 -0.777769 0.320033 -0.626008 0.012593 0.004392 -0.049347
1.0 0.830358 -0.328873 -0.843144 0.015505 0.025153 -0.028984
1.0 -0.944286 0.178865 -0.370982 0.001278 -0.008226 -0.016836
1.0 0.472783 0.382631 0.773060 0.038306 0.014270 0.047581
1.0 -0.055105 -0.036591 0.962219 0.009722 0.047883 0.006125
1.0 0.550518 0.326660 -0.610556 -0.001424 0.030136 -0.036243
1.0 0.382262 0.693649 -0.323902 -0.042969 0.014023 -0.027602
1.0 -0.751312 -0.776269 0.261821 -0.036964 0.041791 0.009089
1.0 0.138655 0.338553 -0.362846 0.016024 -0.017961 0.004473
1.0 -0.687638 -0.194794 0.993224 0.020410 0.010063 0.043040
1.0 0.470671 0.919829 -0.090127 0.012228 0.002037 0.042566
1.0 -0.893610 0.576959 -0.182273 -0.044560 0.028812 0.032782
1.0 -0.376808 -0.953670 -0.920571 -0.049493 -0.017473 -0.015128
1.0 0.895427 -0.577057 -0.408898 -0.021032 0.009717 -0.043422
1.0 0.455012 0.545413 0.992800 -0.046912 -0.034204 -0.036515
1.0 0.963972 0.777406 -0.060692 -0.002940 0.002222 0.033670
1.0 -0.498785 0.485883 -0.129319 0.008171 0.011433 -0.030571
1.0 0.085127 0.294793 -0.423720 -0.016503 0.035934 -0.030193
1.0 -0.168951 -0.822564 0.205315 -0.041226 -0.024923 -0.009103
1.0 -0.160412 -0.212544 0.847942 -0.004114 0.043087 -0.035676
1.0 0.631799 -0.259621 -0.354090 -0.034083 -0.030327 -0.028473
1.0 -0.073504 0.465914 -0.397913 -0.007744 0.021663 0.004691
1.0 -0.729033 0.235154 0.199748 0.026619 -0.010898 -0.005303
1.0 -0.736301 -0.773928 -0.626497 -0.048461 0.018517 0.022510
1.0 -0.388961 -0.371801 -0.034074 -0.015495 0.037772 -0.042286
1.0 -0.896872 -0.257054 0.080926 -0.011099 -0.035051 0.037247
1.0 0.812763 -0.162994 0.294934 -0.025423 -0.016106 0.046113
1.0 -0.719305 0.994463 0.252686 -0.011568 0.023883 0.027122
1.0 0.478289 -0.430646 0.308909 -0.025983 -0.001179 -0.001140
1.0 -0.774409 -0.142357 0.635134 -0.002721 -0.023365 0.003465
1.0 0.301600 -0.791245 0.923439 -0.019615 0.023888 0.027941
1.0 0.014099 0.244195 0.045721 -0.015088 0.015473 0.007769
1.0 0.622893 -0.640055 0.922684 -0.000641 -0.021804 -0.027953
1.0 0.925601 0.313819 0.200962 0.006627 0.015617 -0.033717
1.0 -0.388097 0.279240 0.583037 -0.047072 -0.011708 -0.018190
1.0 -0.108186 -0.081803 0.401994 -0.005610 0.037641 0.021403
1.0 0.904912 0.954769 0.882270 0.014437 0.013371 0.033590
1.0 0.304371 -0.625920 -0.466961 0.044636 0.004328 -0.026075
1.0 -0.165188 -0.321602 -0.076698 0.009644 0.022535 0.037317
1.0 -0.239830 -0.731524 0.182624 0.020137 0.040449 -0.018927
1.0 0.893396 -0.241415 -0.574321 0.024837 -0.007268 -0.037086
1.0 -0.682964 -0.302151 0.474488 -0.003482 -0.007014 -0.019768
1.0 0.224814 -0.351399 -0.449233 0.011952 0.047023 -0.006557
1.0 -0.782721 0.636033 -0.486837 -0.004445 0.047680 -0.031486
1.0 0.305501 0.614284 -0.789440 -0.036576 0.033862 -0.048571
1.0 0.926848 0.726082 0.162755 0.045542 0.016966 0.029063
1.0 0.950141 0.120597 0.822096 0.039476 -0.012502 -0.036620
1.0 0.227433 -0.511000 0.375023 0.036937 0.032747 -0.041253
1.0 0.044767 -0.022721 0.242568 -0.044123 0.034009 -0.013754
1.0 0.499882 -0.554730 -0.499558 0.022278 0.031978 -0.048522
1.0 0.487258 -0.700549 -0.314478 0.045024 0.049046 0.032671
1.0 0.695194 -0.446726 -0.701942 0.000041 0.044024 -0.021685
1.0 0.170042 0.465159 -0.067518 0.018122 0.048645 0.036736
1.0 -0.087593 -0.817746 0.427766 -0.004807 -0.000141 -0.042757
1.0 -0.116846 -0.783080 0.237454 -0.009766 0.007384 0.016596
1.0 0.711148 0.788861 -0.873751 0.020921 0.028535 0.019037
1.0 -0.255882 -0.302377 -0.942238 0.021045 -0.033044 0.008138
1.0 -0.369750 -0.719856 -0.378058 0.035965 0.023984 0.027985
1.0 -0.184982 0.979174 0.063548 0.042296 0.041998 0.009703
1.0 -0.737363 0.898780 -0.943402 0.048705 0.007115 -0.028166
1.0 0.972412 -0.949894 -0.189528 -0.013302 0.025066 0.004885
1.0 0.169913 -0.092094 0.385403 0.024437 -0.039699 -0.018593
1.0 -0.068601 0.806786 -0.698807 -0.041046 0.004595 0.012542
1.0 -0.556916 0.848756 -0.687010 0.022619 -0.016059 0.022600
1.0 -0.573002 0.177395 0.029657 -0.029510 0.042166 -0.042595
1.0 -0.252127 0.935102 0.190927 0.019411 -0.001273 -0.000410
1.0 -0.052619 0.600248 0.085365 0.022255 -0.026067 0.031016
1.0 0.261331 0.371722 0.475320 0.046835 0.045871 0.023242
1.0 0.350666 -0.607785 -0.921809 -0.005841 0.037416 -0.031960
1.0 0.141889 0.242698 0.873677 -0.029579 -0.040231 0.000036
1.0 0.159772 -0.006722 0.902690 -0.002151 -0.032278 0.039235
1.0 -0.917868 0.366145 0.553729 0.003924 -0.041858 -0.023801
1.0 0.590684 0.759530 -0.241471 -0.047616 -0.020361 -0.026146
1.0 0.682238 0.530105 -0.963885 0.008586 -0.049854 0.029352
1.0 -0.846504 -0.477853 0.445188 0.041635 0.042419 0.014572
1.0 -0.963742 -0.643139 0.687881 0.009205 -0.009507 0.011250
1.0 0.788526 -0.075985 -0.443169 -0.002701 -0.040243 -0.005267
1.0 -0.137239 0.406277 0.009989 0.017927 0.022353 -0.016711
1.0 0.098279 0.305284 0.918586 0.037694 0.018420 -0.042398
1.0 -0.107001 -0.034335 -0.923344 0.010713 0.033197 0.020736
1.0 -0.938035 -0.540046 -0.539366 -0.007658 -0.015296 0.025091
1.0 0.285626 -0.765601 0.894769 0.033135 0.009599 -0.036869
1.0 -0.295797 0.922426 -0.158742 -0.037375 -0.038803 0.024775
1.0 -0.476978 0.737362 0.197904 0.033999 0.009359 0.031631
1.0 0.673577 -0.887606 0.180640 -0.006697 -0.042639 0.042728
1.0 0.092126 0.250675 0.745403 -0.008017 -0.010931 0.022258
1.0 0.652216 0.460979 0.768042 0.049297 0.009802 0.024048
1.0 0.308799 -0.877809 0.674299 0.034822 0.032014 0.044279
1.0 0.514751 -0.354802 -0.751594 0.044852 -0.014037 0.003900
1.0 0.665105 0.863860 0.663761 -0.024000 -0.005145 -0.026376
1.0 -0.304791 0.477267 0.665505 0.024959 -0.048592 0.040304
1.0 0.306646 -0.125764 0.625666 0.046373 0.009537 0.039620
1.0 -0.177444 -0.484489 0.205763 0.037650 -0.042873 0.021059
1.0 -0.200282 0.522893 -0.326981 0.011103 0.045638 0.046089
1.0 -0.910588 0.012005 -0.966801 0.030428 -0.016457 0.003177
1.0 -0.090526 0.088963 0.379066 0.035743 -0.029514 0.024573
1.0 0.434324 0.272418 -0.029759 -0.023418 -0.022155 -0.023391
1.0 0.020365 -0.587475 0.967220 0.034300 -0.029699 -0.046386
1.0 0.513830 0.688581 -0.292471 -0.020367 0.002950 -0.009900
1.0 -0.549586 -0.834475 0.674519 0.024540 0.026384 0.040434
1.0 -0.855792 0.780063 -0.880525 -0.007965 0.004288 -0.009452
1.0 -0.777153 -0.960753 0.989416 -0.026108 -0.009776 0.007236
1.0 -0.499518 -0.822347 0.170127 0.035263 -0.049013 0.036141
1.0 0.413196 -0.592343 0.222505 -0.042544 0.043884 -0.031077
1.0 0.163776 -0.738885 0.035001 0.004267 -0.001169 0.044017
1.0 -0.463840 0.711659 -0.866543 -0.035240 -0.017828 -0.021980
1.0 0.503462 0.236592 -0.253140 0.032246 0.032206 0.009483
1.0 0.381507 0.997371 -0.699424 -0.035931 -0.003349 0.042950
1.0 -0.602124 0.178271 -0.651840 0.010890 -0.014874 0.020639
1.0 0.945423 0.712250 0.834731 -0.031344 0.009812 0.049862
1.0 0.903297 0.684404 -0.164993 0.041726 -0.005969 -0.006834
1.0 -0.031866 -0.742691 -0.803126 -0.047151 0.034581 -0.016207
1.0 0.652364 -0.221374 0.569491 0.035438 0.021302 -0.016407
1.0 -0.456853 -0.045024 -0.974215 0.013787 -0.033549 0.008970
1.0 0.197650 -0.196699 0.682818 0.048904 0.042357 -0.006532
1.0 0.707812 0.545894 -0.155801 -0.001827 -0.025375 -0.039805
1.0 -0.491671 -0.017107 -0.577367 -0.016019 0.020158 0.034544
1.0 0.427549 0.476881 -0.535775 -0.041332 0.042308 0.034724
1.0 0.183608 -0.733845 0.618355 -0.049513 0.003263 0.046022
1.0 0.209585 0.294902 0.217769 0.022683 0.045343 -0.005037
1.0 -0.037220 -0.905331 -0.694526 -0.000487 -0.004537 -0.040413
1.0 -0.442060 -0.975350 0.678962 0.028821 0.031566 -0.032039
1.0 0.100055 -0.146190 0.436582 -0.013456 -0.000893 0.028947
1.0 0.003951 -0.372643 0.193589 0.013715 -0.021319 -0.007614
1.0 0.797393 -0.054884 0.195707 0.030688 -0.024803 0.043715
1.0 -0.150414 -0.765096 0.100277 -0.013789 0.005395 0.018791
1.0 0.434526 -0.417800 0.965941 -0.013767 0.031827 0.022074
1.0 -0.271610 -0.904644 0.898598 0.001391 0.009399 0.012754
1.0 0.953031 0.184191 -0.575674 0.044843 -0.036224 -0.021784
1.0 -0.111508 0.775969 -0.235233 -0.021245 -0.047241 -0.000747
1.0 -0.080070 -0.452270 -0.520174 0.033295 -0.010943 -0.048081
1.0 -0.271281 -0.631813 -0.874715 -0.039701 0.029054 -0.011381
1.0 -0.671199 0.236136 0.915350 0.020315 -0.040770 0.004725
1.0 0.489248 -0.148548 -0.189034 0.015218 0.000712 -0.044153
1.0 0.007762 0.299567 -0.888032 -0.032400 -0.029174 -0.030042
1.0 0.976303 0.105648 -0.837684 -0.016681 -0.000244 0.033358
1.0 0.123872 0.426355 0.728602 -0.040544 0.044520 0.012705
1.0 -0.179683 -0.557370 0.870086 0.021573 0.036247 -0.024957
1.0 0.765978 -0.784033 0.007237 0.026899 0.012158 0.043485
1.0 0.458143 -0.475330 -0.535345 0.042166 0.044819 -0.030341
1.0 0.876183 0.991491 -0.393955 0.040744 -0.017748 -0.040610
1.0 -0.714882 0.444176 0.529359 0.034680 0.045028 0.007626
1.0 0.239959 -0.218738 0.122499 -0.004529 0.024500 0.033052
1.0 -0.426361 0.090129 -0.129756 -0.026960 -0.025778 -0.003886
1.0 -0.953002 0.980530 -0.419508 -0.001874 0.026577 0.036759
1.0 0.479775 0.445966 0.549783 -0.010059 -0.045672 -0.028170
1.0 0.797836 0.372819 0.975811 0.017186 -0.049316 -0.028830
1.0 -0.659094 0.400601 0.421890 0.041769 0.027560 0.001711
1.0 0.879608 -0.363733 -0.102772 0.009223 0.015026 -0.021964
1.0 -0.961718 0.348536 0.667578 0.027053 0.033466 -0.030681
1.0 -0.564392 -0.550782 0.490328 -0.030659 -0.025702 0.014119
1.0 0.722884 -0.469121 0.771784 -0.000933 -0.006065 -0.037268
1.0 0.462738 0.803760 0.864079 0.018082 -0.049776 -0.029258
1.0 -0.121832 0.626918 0.686065 0.017348 0.007728 -0.043297
1.0 0.166397 -0.415983 -0.845323 0.015537 -0.046717 -0.013697
1.0 -0.604668 0.578687 -0.056443 -0.039455 0.034030 0.007578
1.0 -0.869008 -0.430939 0.023496 0.012360 -0.035704 -0.018380
1.0 -0.793666 0.430390 0.816674 0.010779 0.028716 0.009110
1.0 0.537381 -0.476726 -0.886905 -0.001911 -0.019453 -0.040441
1.0 -0.014209 -0.362077 -0.526443 -0.021404 0.023795 0.019023
1.0 0.380619 -0.549181 -0.266065 0.046945 -0.041790 0.023429
1.0 0.590094 0.365478 0.935242 0.020429 -0.003730 -0.022208
1.0 -0.278314 -0.275008 -0.640709 0.046189 0.000390 -0.033622
1.0 0.246519 0.165141 0.193404 -0.048355 -0.027496 -0.045024
1.0 0.526033 -0.873765 -0.550568 0.026855 0.007505 -0.037239
1.0 0.893316 -0.585400 -0.715177 0.046524 -0.009467 0.018311
1.0 -0.204895 -0.243020 -0.658526 0.021593 0.013261 0.033518
1.0 -0.676153 0.020441 0.559460 -0.049351 0.032359 0.046996
1.0 0.152849 0.847767 -0.406252 0.044352 0.024850 -0.045352
1.0 -0.521776 -0.890815 -0.278161 -0.041636 -0.026080 0.038270
1.0 -0.471530 -0.305105 -0.751675 0.042057 0.007680 0.015115
1.0 -0.697267 -0.046780 0.401395 0.014959 -0.020248 -0.012288
1.0 -0.918166 -0.743107 0.065195 0.028182 0.047490 0.025312
1.0 0.700392 -0.404169 0.368184 -0.018924 0.021680 0.029529
1.0 0.820005 -0.575837 0.483514 -0.015497 -0.042492 -0.009627
1.0 -0.934947 -0.407661 -0.562013 -0.006784 0.034532 0.041636
1.0 0.288475 0.562988 -0.808485 -0.005664 -0.036542 -0.021283
1.0 0.959703 -0.701079 0.784192 -0.007211 0.044899 0.046398
1.0 0.863627 -0.555296 0.098460 -0.024210 0.031049 0.001888
1.0 -0.667850 -0.376193 -0.534893 -0.026746 0.016356 0.002821
1.0 0.414920 0.887239 -0.204479 -0.046019 0.038537 0.005749
1.0 -0.450811 0.829193 -0.766286 0.033891 0.016202 -0.033068
1.0 -0.484930 0.461715 0.545575 -0.005977 0.041195 -0.029972
1.0 -0.697678 -0.721777 0.040623 0.032383 -0.016021 0.045345
1.0 0.618368 0.124876 -0.814909 -0.021790 -0.017451 -0.036844
1.0 0.952966 0.282091 -0.716233 0.013782 0.043374 -0.048987
1.0 -0.323762 -0.690256 -0.222268 0.043876 -0.041274 0.023378
1.0 -0.387113 0.949312 -0.839539 -0.018766 -0.024863 0.020427
1.0 -0.430960 -0.216851 -0.401031 0.030662 -0.040328 -0.046666
1.0 -0.567381 0.591769 -0.449338 0.008466 -0.035884 -0.000983
1.0 -0.623056 -0.982695 -0.717689 -0.027523 0.047099 -0.040467
1.0 -0.719892 -0.152112 0.682281 -0.007690 0.016851 -0.039415
1.0 -0.531006 0.469610 -0.459302 0.002050 0.003393 -0.039245
1.0 0.022088 -0.608521 0.070041 -0.047992 0.004350 -0.004625
1.0 0.493184 -0.332579 -0.226458 -0.013943 0.027014 -0.040600
1.0 0.371893 -0.859814 0.759622 -0.009323 -0.028220 0.004786
1.0 0.156122 0.980319 0.378721 0.015897 -0.007214 -0.029248
1.0 0.473367 -0.940174 -0.541302 0.041970 0.042419 -0.024576
1.0 -0.592355 0.327973 0.500518 0.037049 0.002980 -0.007441
1.0 0.344114 0.289201 -0.018716 -0.009854 -0.034120 -0.014614
1.0 0.061579 0.260377 -0.947623 -0.024858 -0.039834 0.028825
1.0 0.973913 -0.766861 -0.105910 0.045637 0.008464 -0.020892
1.0 0.803727 0.381625 -0.670871 -0.041798 -0.023597 -0.006271
1.0 0.008334 -0.270326 0.903657 0.024894 -0.011454 -0.027169
1.0 -0.884659 -0.142979 0.450672 -0.027190 0.003925 -0.013348
1.0 0.157070 -0.495971 -0.721905 0.005322 0.040282 -0.033774
1.0 0.305389 -0.527631 -0.805048 0.044358 0.040873 0.013422
1.0 -0.196707 0.184236 -0.397502 -0.003063 0.010925 -0.030117
1.0 0.266447 -0.277141 0.378494 -0.035853 -0.026094 0.045093
1.0 0.808212 -0.528351 0.830520 0.048347 -0.002658 -0.032521
1.0 -0.957730 0.371759 -0.904813 0.025795 -0.009653 0.045915
1.0 -0.102401 -0.130134 0.972520 -0.038907 0.023927 0.040016
1.0 0.823911 0.530402 -0.868946 0.021983 0.004133 -0.012026
1.0 -0.237954 -0.128067 0.670940 0.003917 -0.043944 -0.022763
1.0 -0.418459 -0.696125 -0.886505 0.030611 -0.031406 -0.047086
1.0 0.177297 0.241705 -0.994144 0.018824 0.021801 0.041360
1.0 0.673032 0.679934 0.379304 0.024904 -0.046675 0.028579
1.0 -0.963081 0.307525 0.202039 -0.028725 -0.008912 0.042248
1.0 0.832564 -0.131763 0.895391 0.030630 -0.036134 -0.013494
1.0 -0.881497 -0.521591 0.873533 0.049418 0.025847 -0.043147
1.0 -0.724035 -0.335931 -0.593963 -0.017300 0.032190 -0.017622
1.0 0.929809 -0.902622 -0.863022 0.030642 0.032707 -0.042937
1.0 -0.740683 -0.033955 -0.565050 0.024334 -0.002965 -0.029910
1.0 -0.358178 -0.934217 0.532784 0.022834 0.024304 -0.022333
1.0 -0.471323 -0.431258 -0.772503 -0.035042 0.009714 0.023759
1.0 0.252660 -0.954789 -0.707844 0.018881 -0.033490 -0.021652
1.0 -0.524420 0.300041 -0.890766 0.049309 -0.032996 -0.041627
1.0 -0.376231 -0.992672 -0.224840 0.002018 -0.048160 0.038191
1.0 -0.664521 0.509113 0.811306 -0.007921 0.002693 -0.043966
1.0 0.231832 -0.307404 0.948000 0.022169 -0.021977 0.046496
1.0 -0.120768 0.632021 0.195449 -0.042200 0.029478 -0.034594
1.0 -0.654181 -0.563831 0.915073 0.045197 0.029853 0.044346
1.0 0.366047 -0.833474 -0.632217 0.049239 0.032138 -0.016652
1.0 0.063416 0.683006 -0.944566 -0.016344 -0.006993 0.021505
1.0 -0.071984 0.602089 0.258119 -0.007427 0.020531 0.042667
1.0 0.469018 0.810650 0.515947 -0.030710 -0.014465 -0.046276
1.0 0.046025 0.991734 0.551310 -0.027444 -0.038105 0.029670
1.0 0.554345 -0.650373 -0.183481 0.025242 -0.007143 -0.012951
1.0 -0.768023 -0.983811 -0.745652 -0.047457 -0.035477 -0.046399
1.0 -0.415297 -0.967987 0.236599 0.034020 -0.046679 -0.014372
1.0 0.798987 -0.972860 -0.418893 0.030597 -0.014160 -0.008259
1.0 -0.828846 -0.630789 -0.045496 0.000007 -0.000408 -0.043591
1.0 0.321916 0.337321 -0.860767 0.002878 -0.045844 0.008307
1.0 0.716718 -0.205752 -0.647176 -0.004572 0.010917 0.009959
1.0 0.242231 0.524595 0.166628 0.017058 -0.027533 -0.003251
1.0 -0.965809 0.897494 -0.407037 -0.042004 -0.009043 -0.019425
1.0 -0.189210 -0.786037 0.018881 0.015922 -0.017827 0.039539
1.0 0.163428 0.178166 0.505234 0.015678 0.016369 -0.020372
1.0 -0.147302 -0.848001 -0.129795 -0.008172 0.049118 -0.001219
1.0 -0.341283 0.412455 0.601417 -0.003242 0.045370 -0.044325
1.0 0.526049 -0.198343 0.966592 0.011605 -0.041730 -0.043117
1.0 0.083457 0.989450 -0.578011 0.043782 0.046274 -0.013291
1.0 0.943086 -0.499522 -0.192920 0.030784 -0.032466 0.039103
1.0 -0.211212 -0.896112 -0.840141 0.015671 0.011505 -0.014631
1.0 -0.408736 0.864472 -0.271892 0.003411 0.009146 -0.025477
1.0 0.144122 -0.619415 0.970223 -0.043900 -0.017852 0.003683
1.0 -0.802024 0.516860 0.902729 0.032414 0.033866 -0.007532
1.0 -0.259070 0.326456 -0.728426 -0.011713 0.007346 0.019234
1.0 -0.463600 0.450370 -0.430671 0.042618 -0.035527 -0.021974
1.0 -0.360908 -0.599714 0.626424 -0.028526 0.015309 0.039195
1.0 -0.159049 -0.259864 -0.199248 -0.011514 -0.039649 -0.021244
1.0 0.341734 0.261183 0.976544 0.014220 -0.046879 -0.006857
1.0 -0.287768 0.830927 0.656070 -0.037198 0.032386 0.004631
1.0 -0.248676 0.335406 0.873229 -0.043690 0.010319 0.037277
1.0 -0.196519 -0.214557 0.607814 0.006277 -0.021533 0.010380
1.0 0.701148 0.205049 0.837241 -0.044932 0.006181 0.000890
1.0 0.893750 0.420313 0.484392 -0.045529 0.028684 -0.033642
1.0 0.262642 -0.977321 0.067786 -0.019937 0.010936 0.031664
1.0 0.878207 0.331705 -0.410883 0.011815 0.029078 -0.031745
1.0 -0.659215 0.726734 -0.998847 -0.028690 -0.023791 -0.006153
1.0 -0.318106 0.334362 -0.421157 -0.018273 -0.001157 -0.027978
1.0 0.798152 0.705532 -0.152366 -0.034096 0.030045 0.041741
1.0 0.878555 0.186857 -0.006744 0.048783 -0.026186 -0.007788
1.0 -0.456918 -0.250307 -0.300090 -0.005537 -0.015195 0.018543
1.0 -0.841353 -0.025944 0.427633 0.024930 0.048682 -0.022198
1.0 -0.240071 0.309651 -0.627002 -0.044006 -0.007126 -0.013924
1.0 0.022674 0.150699 -0.942895 0.022240 0.033125 -0.044155
1.0 0.001659 -0.572871 -0.895207 0.024797 -0.018773 0.006079
1.0 -0.420109 -0.083885 -0.368825 0.017774 -0.043842 -0.025154
1.0 0.446681 -0.387777 0.091878 -0.028550 0.048053 0.002490
1.0 0.224821 -0.114637 0.303943 -0.041451 -0.039222 0.030194
1.0 0.358674 -0.572913 -0.487629 -0.008885 0.021221 0.045572
1.0 -0.958244 0.189523 0.978701 0.047962 -0.018954 -0.034522
1.0 0.805731 0.039463 0.446887 -0.024907 -0.039987 -0.039447
1.0 -0.741112 -0.023349 0.834446 -0.048855 -0.007936 0.019341
1.0 -0.316849 0.748713 0.856712 0.004241 0.031333 -0.032601
1.0 -0.786152 0.661858 0.812749 -0.009542 0.018434 -0.001620
1.0 0.883565 0.055035 -0.019380 -0.016828 -0.024595 0.009876
1.0 -0.621365 -0.163567 0.596500 0.034241 -0.027749 -0.006256
1.0 0.553726 0.595142 -0.215680 0.027069 0.038680 -0.029615
1.0 0.181419 0.452155 0.930106 -0.028534 0.021146 -0.009985
1.0 -0.747666 -0.443390 -0.040421 0.038108 -0.048576 0.024815
1.0 0.851222 -0.887926 -0.220299 0.019191 0.023163 0.010872
1.0 0.589214 -0.352510 0.137814 0.033092 -0.002749 -0.017687
1.0 -0.446227 -0.787096 -0.591367 -0.035535 -0.001975 -0.014492
1.0 0.231237 -0.435768 0.588362 -0.014527 0.047137 0.027439
1.0 -0.993825 0.662134 -0.957914 0.008226 0.014745 0.022255
1.0 0.307980 -0.247609 -0.634351 -0.004314 0.049014 -0.045508
1.0 -0.381011 -0.698021 -0.407703 0.043211 -0.025692 0.034109
1.0 0.762896 0.143119 -0.524370 -0.016286 -0.010727 0.016815
1.0 -0.569461 0.946074 -0.443715 0.005394 -0.036107 0.045445
1.0 -0.590211 0.299944 0.766237 0.008793 -0.036545 -0.003931
1.0 -0.029825 0.006759 0.251556 0.041612 -0.006156 -0.027636
1.0 0.083210 0.897905 0.410834 -0.040510 0.009454 0.027411
1.0 0.226059 -0.730569 0.238274 -0.032169 -0.034352 0.038347
1.0 0.552218 0.673969 -0.551646 0.042263 0.003982 0.035410
1.0 -0.376773 0.891638 -0.042359 0.045362 0.040733 -0.022063
1.0 -0.636463 -0.369231 -0.956461 0.018346 -0.043533 -0.044991
1.0 0.514904 -0.634478 -0.982921 -0.008244 -0.011298 0.012045
1.0 -0.759622 -0.095040 0.057905 -0.022692 0.019663 0.001323
1.0 0.472703 -0.653319 0.998550 -0.019761 0.032608 0.014971
1.0 -0.866708 0.704735 -0.727535 0.015851 -0.048359 -0.002046
1.0 0.753715 -0.446841 -0.946544 0.026276 0.017738 0.041069
1.0 -0.455435 -0.041637 0.325454 0.001133 -0.005965 -0.013198
1.0 -0.668746 -0.156681 -0.153146 0.036591 0.039675 -0.010825
1.0 -0.991393 0.772472 -0.381083 0.029742 0.023772 0.020881
1.0 0.332885 0.724234 0.440065 0.048705 0.020000 0.018291
1.0 -0.361645 0.680320 -0.782535 0.016709 0.025284 -0.006881
1.0 -0.125271 -0.193135 0.246645 -0.019419 -0.034633 0.048248
1.0 0.310834 -0.478009 0.703656 -0.003214 0.016369 0.047513
1.0 0.491219 0.711487 0.452900 0.040852 0.047041 0.015000
1.0 0.863673 0.204636 0.876974 0.015543 -0.037437 -0.026441
1.0 -0.052181 0.389814 0.639098 0.001082 0.044016 0.019372
1.0 0.460985 0.870928 -0.466289 -0.011936 0.047570 -0.000712
1.0 -0.894306 0.806678 0.099729 0.026720 0.022398 0.030644
1.0 -0.068118 0.362471 0.341789 -0.031604 -0.024270 -0.024852
1.0 0.566635 0.376895 0.489622 0.028058 -0.025178 -0.013689
1.0 -0.591010 0.968740 0.416981 0.008981 -0.046846 0.041994
1.0 -0.823277 0.532708 0.196795 0.036962 0.025402 0.012121
1.0 -0.708106 0.242402 0.561170 -0.045747 0.048839 -0.044809
1.0 -0.221175 -0.959785 -0.677552 0.013680 -0.016450 0.035129
1.0 -0.945079 -0.909085 -0.034765 0.016930 0.001679 0.040506
1.0 -0.555236 0.025179 -0.207469 -0.046644 0.001850 0.040718
1.0 -0.270792 -0.793005 -0.893645 0.039283 -0.033710 0.044803
1.0 -0.585659 -0.538420 -0.067011 0.020881 -0.008299 -0.000386
1.0 0.875610 0.050091 0.523798 -0.017675 0.006286 0.032956
1.0 0.494984 0.228889 0.197616 -0.006366 0.023358 0.012494
1.0 -0.287935 0.864505 0.091548 0.015981 0.024643 0.036902
1.0 0.415288 -0.902815 -0.179778 0.000980 0.014812 -0.032629
1.0 0.633363 0.498159 -0.957402 0.018362 -0.018115 -0.049469
1.0 0.603240 -0.818670 0.509275 0.000674 -0.042628 0.023411
1.0 0.518172 0.063350 0.949396 0.044269 0.012051 0.008430
1.0 0.631579 -0.391313 0.580414 0.012763 0.016938 0.044455
1.0 0.943937 0.988385 0.991794 -0.039758 -0.009689 0.019442
1.0 0.004330 0.398726 -0.154783 0.033532 -0.013377 -0.007165
1.0 -0.755277 -0.546939 0.483200 0.005688 0.000120 -0.011000
1.0 0.435609 -0.251209 0.424670 -0.017495 -0.022165 -0.038364
1.0 0.370855 -0.021367 -0.601790 -0.036038 -0.034339 0.044805
1.0 0.509434 0.665173 0.208781 -0.049495 0.012659 -0.005558
1.0 0.858694 -0.380180 -0.253908 -0.027461 -0.042163 -0.048811
1.0 -0.014674 -0.065572 -0.697305 0.027333 -0.044591 0.032650
1.0 -0.356890 -0.794879 -0.441467 0.037947 -0.013682 -0.015393
1.0 0.290066 -0.752243 0.752376 0.041925 -0.000326 0.020593
1.0 -0.654214 -0.110201 -0.321876 -0.038117 0.047289 -0.020759
1.0 -0.107675 -0.612543 -0.853758 0.038458 -0.031201 0.034430
1.0 -0.275520 0.434338 0.753244 0.027743 -0.033286 0.021722
1.0 0.355150 0.960955 0.730575 0.027652 0.003640 -0.004842
1.0 0.577612 0.726226 -0.312903 0.004654 0.046430 -0.004785
1.0 -0.579263 -0.298277 -0.032231 -0.011204 -0.041756 0.005825
1.0 0.204236 -0.218169 0.509838 0.027837 0.015181 -0.042721
1.0 -0.535620 -0.707239 -0.692305 -0.011403 0.035437 -0.041710
1.0 -0.490296 -0.818290 0.660560 0.007796 0.017655 -0.031871
1.0 -0.944491 0.681514 0.645360 0.031533 0.044290 0.010528
1.0 -0.039324 -0.294960 -0.086139 0.040157 0.037646 -0.023368
1.0 -0.159925 -0.918440 0.385836 0.031636 -0.036599 -0.038790
1.0 0.279790 -0.683904 -0.558701 -0.043539 0.046251 0.002924
1.0 -0.266508 0.150867 0.354721 0.013822 -0.040890 -0.047402
1.0 -0.883940 0.713543 0.117274 -0.020881 -0.047722 -0.011795
1.0 0.045811 0.724973 0.462857 -0.011078 -0.025869 -0.019590
1.0 -0.208997 0.119754 -0.346204 -0.024634 -0.009108 -0.010486
1.0 -0.204818 0.357228 -0.779705 -0.020502 0.035220 -0.001264
1.0 -0.282363 -0.204826 -0.367674 -0.030454 -0.037916 0.040371
1.0 -0.000618 -0.918993 0.159140 0.045492 0.010824 0.008363
1.0 0.124789 -0.827834 -0.344121 -0.007212 -0.042460 0.039131
1.0 0.561629 -0.263398 0.807631 -0.007343 0.003427 -0.008995
1.0 -0.444684 0.438670 0.559915 -0.036895 0.028772 0.025188
1.0 -0.146820 0.980886 -0.867508 0.014234 -0.025322 0.026891
1.0 -0.373187 -0.720164 -0.791285 0.023583 0.011018 -0.015395
1.0 -0.776407 0.864467 -0.528516 0.022928 0.015376 -0.002116
1.0 0.903287 -0.471255 -0.784986 -0.013666 0.037357 -0.046612
1.0 0.806170 0.984834 0.452342 -0.024254 0.023767 0.031517
1.0 -0.127136 0.457792 -0.925771 0.005818 -0.049261 0.036117
1.0 0.166714 -0.827925 0.233335 -0.011731 -0.023485 -0.044908
1.0 -0.490747 -0.698737 0.954092 0.025478 -0.018235 -0.023613
1.0 -0.843261 0.039174 -0.570602 0.008858 0.026360 -0.017824
1.0 0.109025 0.837347 0.770514 -0.037771 -0.037508 -0.049959
1.0 0.589657 -0.902170 -0.266217 -0.015255 -0.008879 -0.046443
1.0 -0.191336 -0.265479 -0.518810 -0.004794 -0.015532 -0.042693
1.0 0.452669 -0.934925 0.576337 0.026101 0.047254 0.025566
1.0 -0.132475 0.665050 0.613013 0.008792 -0.012579 -0.000492
1.0 0.583962 -0.937755 -0.454303 0.041784 -0.042175 -0.016191
1.0 0.912445 0.718042 -0.161808 0.016275 -0.015767 -0.036309
1.0 0.606248 0.596748 -0.633456 -0.035263 0.027697 0.038004
1.0 0.146318 0.730771 0.825832 -0.040485 -0.039574 0.035136
1.0 0.917414 0.967667 -0.415723 -0.033132 -0.032491 0.048331
1.0 -0.545356 -0.171132 -0.852312 0.031772 -0.012765 0.007537
1.0 -0.490767 -0.129721 0.761912 0.046829 -0.001942 -0.032454
1.0 0.898288 0.968722 -0.648850 0.027101 -0.003258 0.033516
1.0 -0.237306 0.154812 -0.310278 -0.029953 -0.016274 0.026700
1.0 -0.334825 0.236173 -0.286902 -0.013112 -0.010862 0.006434
1.0 -0.253544 0.412777 -0.959086 0.028832 0.041821 0.013363
1.0 0.712306 -0.159469 -0.947410 -0.038581 -0.012659 -0.009218
1.0 -0.523015 -0.433899 0.642618 -0.049728 0.032968 -0.037652
1.0 0.960903 0.202449 -0.363143 -0.030622 -0.038776 -0.013255
1.0 -0.531127 0.305486 0.135060 0.047112 0.046240 -0.046466
1.0 0.363553 -0.863160 -0.894135 -0.003562 -0.043121 -0.049000
1.0 -0.453512 0.710384 0.895275 0.029761 -0.000375 -0.010705
1.0 -0.521467 -0.177548 0.763121 0.037455 0.034100 -0.027012
1.0 -0.051401 -0.134157 -0.306912 -0.037442 0.038384 -0.046704
1.0 -0.698085 0.343647 -0.018459 -0.013166 -0.013844 -0.011824
1.0 0.639337 0.083767 0.961801 0.017690 0.047491 0.019655
1.0 -0.837516 0.437799 0.692910 0.005499 -0.022260 0.019157
1.0 0.872920 0.657471 -0.835194 -0.023483 0.005885 0.007452
1.0 -0.952865 0.021943 -0.878993 0.030351 0.023296 0.008338
1.0 0.786419 -0.112899 -0.836112 -0.014734 -0.018393 -0.017794
1.0 -0.982877 0.233704 -0.818532 0.026713 -0.029751 -0.038082
1.0 0.279951 -0.646669 0.841393 0.027306 0.046570 0.042447
1.0 0.808257 -0.565068 0.545474 -0.047054 0.031736 -0.028100
1.0 0.483124 0.016624 -0.083779 0.015628 0.005683 -0.003938
1.0 -0.814709 -0.298639 -0.279900 -0.007496 -0.011631 -0.009183
1.0 0.307804 -0.949492 -0.942143 -0.025234 -0.009611 -0.004866
1.0 -0.772722 -0.306017 0.156660 0.034256 -0.046852 0.010040
1.0 0.665745 -0.789735 0.810051 0.020364 0.036795 0.044558
1.0 0.662769 -0.477271 -0.346629 -0.031293 -0.012950 -0.044957
1.0 0.416673 -0.371782 0.296691 -0.048672 -0.039687 -0.031069
1.0 -0.726023 -0.197688 0.393609 -0.037723 0.017381 -0.006832
1.0 -0.107484 -0.007516 -0.192789 0.021856 -0.046972 -0.039455
1.0 -0.820448 0.123554 0.381614 0.049556 -0.033236 -0.023765
1.0 -0.684815 0.253722 -0.697919 -0.020650 -0.039901 0.048412
1.0 0.978464 0.634076 0.978495 -0.026332 -0.049985 -0.009297
1.0 -0.380087 -0.801123 0.055232 0.042385 -0.009598 -0.033014
1.0 0.969484 0.545781 0.868678 0.046398 0.011495 0.016731
1.0 0.135839 0.920643 -0.878531 0.022535 0.035920 0.043269
1.0 0.295120 0.333850 0.023111 -0.030079 -0.029393 0.000042
1.0 -0.323389 -0.805425 0.758711 0.010073 0.009592 -0.023163
1.0 -0.450189 -0.816563 -0.685414 -0.002162 0.042334 0.015699
1.0 0.205497 0.593727 -0.908054 -0.024777 0.038834 0.039608
1.0 -0.962832 -0.057272 0.641105 -0.044633 -0.010835 0.018871
1.0 -0.449056 -0.632958 0.163376 0.023816 -0.016939 0.017913
1.0 0.059805 0.305407 -0.636165 0.014029 0.028680 0.021198
1.0 0.288354 -0.118846 -0.264938 -0.039348 -0.007570 0.004973
1.0 0.943909 0.601337 -0.916325 0.017307 -0.017673 -0.004188
1.0 -0.831156 -0.313961 0.110110 0.023367 0.021780 -0.041853
1.0 0.432188 0.249227 -0.412831 -0.027179 -0.014465 0.046984
1.0 -0.007566 -0.546768 -0.827773 0.021574 0.015482 0.037679
1.0 0.077461 -0.745546 0.549020 -0.045916 -0.039422 0.042797
1.0 -0.420313 0.956840 0.677618 0.045549 0.000383 -0.037575
1.0 -0.018153 -0.833629 0.165958 -0.045479 0.025558 -0.024433
1.0 0.332100 0.700578 -0.898946 -0.020464 -0.015596 -0.029001
1.0 0.243764 -0.754835 -0.526738 -0.013938 -0.022825 0.020103
1.0 -0.969280 0.430923 -0.096503 0.045850 0.044570 0.048359
1.0 -0.730587 0.591100 0.414011 -0.008467 0.033027 -0.043532
1.0 0.876228 0.956291 -0.989391 -0.015022 0.013575 0.008811
1.0 -0.968918 0.208307 0.694468 0.029120 -0.024956 0.043105
1.0 0.334278 0.823370 -0.121059 -0.003975 0.040727 -0.041961
1.0 0.913488 0.250780 0.026905 -0.002485 -0.039465 -0.002869
1.0 -0.516933 -0.080261 -0.627333 -0.046355 0.023648 0.002888
1.0 -0.163519 0.202506 -0.132418 0.030021 -0.011904 0.034208
1.0 -0.759771 0.293096 -0.303857 0.016702 -0.009814 0.006661
1.0 0.254602 -0.708203 -0.973829 -0.010527 0.039109 0.003937
1.0 0.684827 -0.517062 -0.095276 -0.046504 -0.006097 0.045290
1.0 -0.387032 0.758011 0.741441 0.013264 0.011114 -0.047400
1.0 0.860041 -0.018809 -0.050442 0.023313 0.003230 0.024659
1.0 -0.920297 0.941280 0.938884 0.004298 0.029053 -0.012568
1.0 0.555833 0.057959 -0.747703 0.006514 0.028097 -0.011528
1.0 0.782234 0.588150 -0.134961 -0.037089 -0.016034 0.007785
1.0 0.108425 -0.587888 -0.358801 0.003924 0.034620 -0.028109
1.0 -0.865032 0.872225 -0.127843 0.033573 -0.024845 -0.000380
1.0 0.501438 -0.172016 -0.815811 -0.033679 -0.037657 -0.004166
1.0 -0.518038 0.053651 -0.987997 0.031556 0.034798 -0.010832
1.0 -0.464156 0.978118 0.282784 -0.002458 -0.049270 0.016249
1.0 -0.973208 0.155837 -0.883678 -0.025447 -0.049878 -0.011631
1.0 0.655230 0.455585 0.815027 0.029284 0.031433 0.042112
1.0 0.826313 0.708491 0.880335 0.025543 -0.023949 0.019938
1.0 0.301648 -0.386259 0.668526 -0.006096 0.018417 -0.032084
1.0 0.990179 -0.711727 -0.889506 0.005221 0.044427 0.001442
1.0 0.093568 0.085904 0.436188 0.045322 -0.029774 -0.039262
1.0 0.228758 0.746033 -0.657788 0.022386 -0.036140 0.032428
1.0 -0.625434 0.219747 -0.951101 -0.009665 -0.031110 -0.035537
1.0 0.177461 0.158331 0.643746 -0.025988 -0.002065 -0.040444
1.0 -0.222230 -0.658248 0.382692 0.047035 0.024528 0.038424
1.0 0.240862 0.148160 -0.583826 0.014749 0.032008 0.046721
1.0 0.202760 0.167872 0.923181 0.001933 -0.021447 0.002014
1.0 0.976905 -0.655393 -0.759857 -0.007726 0.009772 0.028524
1.0 -0.725867 -0.952757 0.545555 0.043155 0.007400 0.042077
1.0 0.440695 -0.356860 -0.788341 -0.039864 -0.028061 0.003907
1.0 0.436157 0.325594 -0.687817 0.019050 -0.044939 0.023183
1.0 -0.958552 -0.477726 0.705786 0.000094 0.022657 0.038595
1.0 0.027460 -0.034077 -0.334850 0.009032 -0.014624 -0.024178
1.0 -0.306021 -0.035464 0.350342 -0.043902 0.035192 0.022292
1.0 0.372515 0.302459 -0.856684 0.032804 -0.022993 0.027168
1.0 -0.346710 -0.799954 0.856224 -0.011627 -0.014762 -0.005165
1.0 0.778030 0.592385 -0.484516 0.045078 -0.041615 0.033639
1.0 -0.676608 0.197362 -0.915730 0.037137 -0.047362 -0.024160
1.0 -0.825213 -0.138053 0.042827 0.000680 -0.010038 0.027478
1.0 -0.916810 -0.500028 0.071430 0.009852 0.045568 0.041452
1.0 -0.398823 -0.131833 -0.198886 -0.040948 0.009876 -0.036095
1.0 0.288956 0.553864 -0.267053 0.046269 0.002299 -0.029884
1.0 -0.154166 -0.410500 0.677378 0.008829 -0.045428 -0.040174
1.0 0.470066 0.758721 0.029004 -0.026483 -0.001046 -0.044099
1.0 0.190867 -0.636105 -0.327925 0.022635 0.049539 -0.045654
1.0 -0.313731 -0.624538 -0.292650 0.043404 -0.011318 0.030150
1.0 0.973175 -0.688166 -0.028876 0.004726 0.046886 -0.003360
1.0 -0.753793 0.819171 0.358983 -0.010878 0.046445 -0.041427
1.0 -0.141510 0.338197 -0.120185 -0.031255 0.008954 0.046491
1.0 -0.375294 -0.352734 -0.417932 -0.008798 0.036947 -0.001258
1.0 0.634063 -0.232643 0.849091 0.027999 0.048399 -0.019568
1.0 -0.665914 0.390963 0.606574 0.045850 0.013977 -0.016495
1.0 0.990263 -0.577566 0.736376 0.031503 -0.012649 -0.039737
1.0 0.989666 -0.040533 -0.449276 0.027989 -0.040172 0.028323
1.0 0.829823 0.734653 -0.535498 0.008457 0.008994 -0.040156
1.0 -0.712808 0.790806 0.716753 -0.047811 -0.043474 0.033259
1.0 -0.819207 -0.270331 -0.740298 0.002108 -0.016552 0.002782
1.0 0.332119 0.170250 0.742983 -0.039145 0.019790 0.015346
1.0 0.314141 0.696923 -0.912849 0.023168 0.020290 -0.009981
1.0 0.903102 0.921432 0.906060 0.028143 0.004949 0.019216
1.0 -0.228666 0.810890 -0.886951 0.028771 0.041792 0.012827
1.0 -0.179021 -0.464821 -0.620107 -0.025222 0.000897 -0.045409
1.0 0.449517 -0.932460 -0.891303 -0.010373 0.009073 0.013498
1.0 0.885716 0.819924 0.980222 -0.036110 -0.023607 0.017482
1.0 -0.055105 0.045636 0.086038 0.020435 0.020583 0.027450
1.0 0.342241 -0.727453 -0.050095 0.024276 -0.043686 0.014950
1.0 -0.424143 0.691355 0.450556 0.041904 0.020251 0.038720
1.0 -0.786830 0.515015 -0.989359 -0.037857 0.037957 0.018488
1.0 0.660783 0.542598 -0.500933 -0.048305 0.014533 -0.029616
1.0 0.361446 -0.661213 -0.690669 -0.003972 0.048724 0.033845
1.0 0.342926 -0.181159 0.337600 0.016905 -0.007053 -0.048632
1.0 -0.143598 0.176820 0.208069 0.000843 -0.036257 -0.014905
1.0 -0.810164 -0.624845 -0.411747 -0.049264 0.032757 0.016140
1.0 0.405148 0.425564 -0.892302 0.029856 0.022034 -0.022889
1.0 -0.719841 0.665276 -0.061278 -0.011139 -0.027919 -0.014924
1.0 0.488735 -0.778344 -0.580392 -0.029950 0.038106 -0.036762
1.0 -0.295578 0.133229 -0.112361 0.040144 0.005886 0.045873
1.0 -0.987004 -0.710806 -0.777050 -0.021841 0.010652 0.015400
1.0 -0.347835 0.370030 0.384748 0.009248 -0.011123 -0.047878
1.0 0.121003 -0.096021 -0.097373 -0.003261 -0.035334 -0.046756
1.0 0.088369 -0.249095 -0.003215 -0.035484 -0.001670 0.009090
1.0 0.997047 0.850034 -0.551302 0.017390 0.030103 -0.048643
1.0 0.370922 0.699562 0.783478 0.028843 0.025383 -0.001641
1.0 -0.460532 -0.701877 -0.441408 0.007662 -0.026809 -0.023578
1.0 -0.051897 0.828486 -0.252255 0.043144 0.021238 -0.018607
1.0 -0.790629 -0.705780 0.065031 0.011087 0.028547 0.029991
1.0 0.145899 -0.349657 -0.887691 -0.028092 -0.009780 -0.030649
1.0 0.702638 0.350557 0.319451 0.039618 0.004964 0.043569
1.0 -0.955593 -0.061085 -0.806114 -0.046015 0.026004 -0.027394
1.0 -0.063306 -0.341843 0.946425 -0.024740 -0.021820 0.034072
1.0 -0.972753 0.491627 -0.080224 0.013223 0.041321 0.025117
1.0 0.993626 -0.550523 0.631424 0.011378 0.034104 0.039989
1.0 0.423270 -0.036144 -0.243165 -0.044223 -0.003019 -0.047688
1.0 -0.881161 -0.184603 0.134342 0.033683 -0.027228 0.009288
1.0 -0.935663 0.716234 -0.322683 -0.000348 0.019131 -0.021591
1.0 -0.635093 -0.910622 -0.128780 0.007101 -0.035543 0.010320
1.0 -0.302175 0.822584 0.629806 0.040566 0.041433 -0.012732
1.0 0.422579 0.777350 0.338123 -0.010327 0.004488 0.032266
1.0 -0.522352 0.955161 -0.998731 -0.049682 -0.031561 0.007903
1.0 -0.471554 0.285040 0.641009 -0.007734 0.010810 0.033756
1.0 0.579725 -0.561334 -0.207361 -0.047201 0.032144 0.045262
1.0 0.779729 0.711555 0.402563 0.048548 0.010383 0.022419
1.0 -0.906501 0.743960 0.202732 -0.025203 -0.047504 -0.034618
1.0 -0.032001 -0.257116 -0.477201 0.043442 0.020500 0.003719
1.0 0.466250 -0.374816 0.956378 -0.037858 -0.011673 0.021058
1.0 -0.168006 -0.016056 -0.726370 0.020595 -0.006412 0.013455
1.0 0.856073 0.084398 0.080632 0.039815 0.007722 -0.024199
1.0 0.739648 -0.808537 -0.977200 -0.007455 -0.032193 -0.024194
1.0 -0.894022 0.416929 0.527039 -0.001201 -0.049668 0.030071
1.0 -0.595896 0.158755 -0.446629 0.025889 -0.008849 -0.002558
1.0 -0.984767 -0.022589 0.167734 -0.022966 0.040973 0.006519
1.0 0.408641 0.362919 -0.040999 0.017435 0.001332 0.023706
1.0 -0.237140 -0.964780 0.262529 0.005961 0.019487 -0.016594
1.0 0.633165 0.064953 -0.892739 0.000507 -0.009147 -0.047372
1.0 -0.834149 0.304617 0.581987 -0.024635 -0.031113 -0.037139
1.0 0.456342 -0.164064 0.496856 0.031580 0.004216 -0.033834
1.0 -0.452263 0.287827 -0.754786 -0.008464 0.010656 0.025878
1.0 0.162735 -0.971288 0.588820 0.044925 0.020368 0.041462
1.0 -0.091773 -0.009407 -0.602733 -0.039176 -0.033236 0.031805
1.0 0.663634 0.547528 0.992717 -0.048523 -0.001830 -0.048715
1.0 0.361324 -0.276350 -0.282481 0.048307 0.027306 -0.048014
1.0 0.733138 0.553792 -0.759720 -0.006265 -0.043783 -0.011584
1.0 -0.154161 0.618666 -0.032720 -0.012347 -0.010449 -0.021111
1.0 0.712038 0.488276 -0.165678 0.023439 -0.003120 0.045718
1.0 -0.868374 -0.884980 -0.410003 0.019796 0.039702 0.038982
1.0 0.086720 0.499923 0.662848 -0.003726 -0.020897 0.008526
1.0 -0.870402 0.197798 -0.641250 -0.017505 -0.011773 -0.009999
1.0 0.381763 0.763524 -0.023006 -0.024263 -0.043614 -0.005271
1.0 -0.072173 0.064021 -0.984944 0.000933 -0.007164 -0.045701
1.0 -0.188787 0.721639 -0.126237 0.013043 0.032152 0.036377
1.0 0.580022 0.380081 0.556463 -0.038030 -0.041939 -0.002487
1.0 0.332140 -0.914572 0.358163 0.043268 -0.015896 -0.033284
1.0 -0.005817 0.423684 0.761371 -0.006668 0.010080 -0.000711
1.0 -0.760233 0.567573 -0.340814 -0.022810 0.012833 -0.049122
1.0 0.592734 -0.980356 0.714611 0.033170 0.033304 -0.035321
1.0 0.986102 0.188708 0.042523 -0.030668 0.038005 0.011592
1.0 0.719541 0.515923 -0.178518 -0.045168 0.029462 -0.033499
1.0 0.014084 0.804333 -0.833582 0.033381 0.045093 0.005096
1.0 -0.264920 -0.287729 0.281551 0.001325 -0.032708 0.009454
1.0 0.246787 0.159960 -0.939142 0.032739 0.019846 -0.011932
1.0 -0.210528 0.657641 -0.529924 -0.000211 -0.030759 0.045037
1.0 -0.368934 0.232946 0.890951 0.018776 -0.010742 -0.016914
1.0 -0.647091 0.067645 0.348282 -0.038389 0.013486 -0.004344
1.0 -0.311225 0.048196 -0.396023 -0.001056 0.006453 0.031543
1.0 0.978380 0.142353 0.566199 -0.001918 0.021823 0.019886
1.0 0.193580 -0.122986 -0.733388 0.018753 -0.002983 -0.017336
1.0 -0.272136 -0.048488 0.907977 -0.048890 0.009252 -0.003158
1.0 0.299092 -0.633712 -0.400968 0.035470 -0.039864 -0.011880
1.0 -0.508765 -0.358786 -0.015792 -0.013008 -0.009529 0.006101
1.0 0.632568 0.442387 0.964383 0.005959 -0.008040 -0.041706
1.0 0.136550 -0.016913 -0.732550 -0.018893 -0.011087 -0.028806
1.0 -0.737438 0.475817 -0.365704 0.031535 -0.021423 -0.048046
1.0 0.211583 0.932133 -0.578473 0.029172 0.010470 0.038453
1.0 -0.384061 -0.859190 0.072776 0.038720 -0.049752 0.025723
1.0 0.558935 0.890840 0.853256 0.043603 0.026605 0.024391
1.0 -0.800657 0.832967 -0.996309 0.034928 -0.022532 -0.040873
1.0 -0.305759 -0.112549 0.119725 -0.036233 0.022062 -0.007444
1.0 -0.945223 0.324023 0.924919 -0.023522 -0.015501 0.011393
1.0 0.519513 0.826651 -0.752686 0.028351 0.040314 -0.007026
1.0 0.849118 0.022062 -0.403554 -0.039940 0.009073 0.015827
1.0 0.402406 0.390667 0.940095 0.043549 0.005348 -0.044149
1.0 0.534240 0.775345 -0.920596 0.023582 -0.032022 0.021605
1.0 0.853514 0.772211 0.719178 0.005682 0.007954 0.008883
1.0 -0.385513 0.988841 -0.723887 0.006633 0.009201 -0.041107
1.0 0.321480 0.913848 0.086688 0.005074 0.025633 0.027008
1.0 -0.971834 -0.539148 -0.648080 0.010177 0.038108 0.018720
1.0 0.426080 -0.846643 0.427360 0.029368 -0.043058 -0.039857
1.0 0.859548 -0.078267 0.101051 0.040862 -0.040741 -0.035559
1.0 0.319328 -0.578574 0.848477 -0.028065 0.049479 0.005662
1.0 0.975237 -0.689827 -0.931871 0.043539 0.047974 -0.035083
1.0 0.059114 -0.828099 0.279454 0.015531 -0.047890 0.004376
1.0 0.039823 0.962499 0.801685 -0.041991 -0.047790 0.017898
1.0 -0.330810 -0.220805 -0.337751 -0.035507 0.044549 -0.025525
1.0 -0.326067 0.646721 -0.084659 0.039983 -0.035908 0.013512
1.0 -0.387242 0.341346 0.225972 0.037651 0.015400 -0.027140
1.0 -0.046759 -0.450896 0.290955 -0.049057 -0.009825 0.007346
1.0 -0.545175 0.432921 0.089364 0.025726 0.033433 -0.029258
1.0 0.658360 -0.182093 0.327930 0.005583 -0.044042 -0.017547
1.0 0.939406 -0.817936 -0.000620 -0.045359 0.039524 0.019183
1.0 -0.645926 0.588267 0.404306 -0.031554 -0.002698 0.045890
1.0 -0.946562 0.163981 -0.148194 -0.040442 0.033494 0.041765
1.0 -0.724947 0.752460 0.738668 -0.026627 -0.028012 -0.019159
1.0 -0.387095 -0.912651 -0.135046 -0.008205 0.004627 -0.036536
1.0 0.024995 0.383435 -0.693401 0.012126 0.046435 0.007553
1.0 0.988263 -0.189420 0.369631 -0.043416 0.041047 0.045259
1.0 0.229111 -0.940258 -0.661191 0.021112 -0.031056 0.048530
1.0 0.517285 -0.512441 -0.918995 0.032595 -0.034125 -0.045095
1.0 0.568085 -0.422196 -0.088885 -0.037047 0.041711 0.026270
1.0 -0.516567 0.997108 0.112263 -0.037609 0.038938 0.034872
1.0 -0.460798 -0.572559 0.950654 0.019961 0.003935 -0.044155
1.0 0.897321 0.172499 0.347368 0.041295 -0.008177 0.036809
1.0 -0.166676 -0.077235 0.314357 -0.002549 0.015394 -0.028158
1.0 -0.714884 0.026783 0.957598 -0.034023 -0.042303 -0.003709
1.0 -0.417113 -0.152567 -0.145385 -0.041946 -0.047223 0.005110
1.0 0.209613 -0.639631 -0.650763 0.004689 -0.035351 -0.005325
1.0 -0.574571 0.996631 0.141643 0.048414 -0.004147 0.000298
1.0 -0.273737 -0.309934 -0.965562 -0.031642 0.020644 0.006275
1.0 -0.043070 -0.676872 -0.389313 -0.036327 -0.018524 -0.015856
1.0 -0.985890 -0.060724 0.773032 0.036878 0.009048 0.011203
1.0 -0.552591 0.049936 0.130291 0.019831 0.035971 -0.008070
1.0 -0.153496 -0.482591 0.901840 0.014857 0.031525 -0.007337
1.0 -0.329135 0.749907 -0.941066 -0.036304 -0.012192 0.012494
1.0 -0.135249 0.643629 0.170955 0.036502 -0.045569 0.014251
1.0 0.177462 0.869229 -0.422116 0.018155 -0.027928 0.002982
1.0 0.989556 -0.446034 0.829450 -0.034007 -0.023054 0.004971
1.0 0.862738 -0.987820 -0.765405 -0.019561 0.018047 -0.046002
1.0 -0.339981 -0.513892 -0.101520 0.007888 -0.001993 0.044856
1.0 0.961006 0.834941 0.514430 0.015269 0.047076 0.037851
1.0 0.375439 0.942653 -0.599138 -0.003880 0.045730 0.027051
1.0 -0.523342 -0.037409 0.036672 0.013115 0.024178 0.012788
1.0 -0.554486 0.832754 0.940224 -0.007525 -0.013167 0.010295
1.0 0.741955 -0.093692 0.940165 0.023867 -0.049422 0.019920
1.0 0.677681 0.510617 -0.194786 -0.020135 -0.039499 -0.009746
1.0 0.440044 0.430647 -0.935589 -0.045321 -0.016316 0.047204
1.0 0.849063 0.178164 0.596762 -0.005615 0.029851 -0.043881
1.0 0.377857 -0.751691 0.515003 -0.020651 -0.007633 -0.010220
1.0 0.934968 -0.974532 0.635358 -0.031625 -0.013111 0.002998
1.0 -0.439760 -0.436750 -0.607166 0.003471 -0.034731 -0.010278
1.0 0.992819 -0.437506 0.689112 -0.016789 0.017998 -0.006249
1.0 -0.906362 -0.485194 0.815271 -0.033775 0.005087 -0.005066
1.0 -0.985240 0.689131 0.645021 -0.027992 0.007609 -0.013372
1.0 0.382723 -0.268436 0.233066 0.035923 0.021014 -0.040034
1.0 0.682422 0.864669 0.237356 0.035123 -0.003110 0.039374
1.0 -0.008003 0.706482 0.665063 -0.025848 -0.016249 0.001172
1.0 0.920871 0.136838 -0.956963 0.031823 -0.019998 -0.038049
1.0 0.824172 0.066819 -0.375829 0.017301 0.042679 -0.019740
1.0 0.147955 -0.419710 0.197314 -0.033375 -0.049964 0.043746
1.0 -0.693900 0.773865 0.578066 0.008339 0.049762 -0.011886
1.0 0.806162 0.950724 -0.280975 0.021853 0.042487 -0.042291
1.0 -0.492770 0.452012 -0.664672 -0.035497 0.046160 -0.023160
1.0 0.612285 -0.626547 0.233463 -0.021348 -0.043268 0.035357
1.0 0.622310 0.420209 0.218155 0.007646 0.015278 -0.011332
1.0 -0.464077 -0.508207 -0.096726 -0.031153 0.034828 0.024892
1.0 -0.801000 0.689682 -0.219154 -0.033497 0.011356 -0.018114
1.0 0.909093 -0.698200 0.463744 -0.025771 -0.026124 -0.025387
1.0 0.737226 0.436699 0.153235 0.038899 0.043123 0.035065
1.0 -0.514270 0.283519 0.267695 0.026632 0.025994 -0.047567
1.0 0.691010 -0.554138 -0.369766 0.012691 -0.005854 0.032880
1.0 -0.069364 0.629353 0.786270 -0.005874 -0.023850 -0.035301
1.0 0.859094 0.350197 0.637222 0.002868 -0.046733 -0.006893
1.0 0.349496 -0.474892 0.971331 -0.012203 0.027063 0.012840
1.0 -0.367146 0.608085 -0.004900 0.028509 0.008990 -0.012978
1.0 -0.117806 -0.624636 -0.183102 -0.025407 -0.032671 0.016358
1.0 0.566256 0.378686 -0.896142 0.007177 -0.028294 0.010680
1.0 -0.684885 0.305596 -0.569985 -0.046541 0.045523 -0.030785
1.0 0.005144 0.949804 0.043957 -0.012799 -0.018251 -0.028674
1.0 0.270324 -0.276297 -0.267344 -0.032973 0.029994 -0.002587
1.0 -0.456858 0.479872 -0.662128 0.029802 -0.040163 -0.018800
1.0 -0.872796 0.177907 -0.922615 0.002882 -0.025866 -0.035039
1.0 0.252627 0.769243 -0.253436 -0.028640 0.028236 0.032700
1.0 0.659664 0.509972 0.471212 0.046080 -0.018529 0.021368
1.0 0.301234 0.831638 0.276409 -0.048352 0.016260 0.021752
1.0 -0.881914 -0.800805 0.326926 0.003252 0.025331 -0.013602
1.0 0.916288 -0.979918 0.711950 0.023359 0.030735 -0.028220
1.0 0.239487 -0.612085 -0.810482 0.013891 0.044079 -0.008258
1.0 -0.289043 0.279310 0.301350 0.035605 0.034261 0.011508
1.0 -0.904762 0.590063 -0.796166 0.011662 0.040166 -0.037151
1.0 0.485111 -0.852370 -0.331953 -0.023585 -0.008565 0.041984
1.0 -0.103672 -0.939978 0.363691 -0.012405 -0.004240 -0.027378
1.0 0.306907 0.135923 -0.968695 -0.000498 -0.009623 -0.038419
1.0 -0.356328 0.327199 0.090772 -0.002649 -0.032175 -0.028455
1.0 0.167414 -0.928566 0.633274 -0.012762 0.022096 0.019073
1.0 0.671611 0.789064 0.157931 -0.009651 -0.015459 -0.024668
1.0 -0.015547 -0.220823 -0.605930 -0.037640 0.036787 0.048709
1.0 -0.583947 0.138728 0.061710 -0.007354 0.008412 0.036270
1.0 0.207314 0.545250 0.226414 0.018486 -0.012204 -0.007972
1.0 0.108833 0.333105 0.008550 0.042148 0.045550 0.026134
1.0 0.612643 0.806795 -0.495633 0.008752 -0.035620 -0.030188
1.0 -0.816331 -0.866544 0.420389 0.006618 -0.046473 0.006324
1.0 0.303494 -0.068275 -0.886439 0.035249 0.016634 -0.043306
1.0 0.711644 -0.561758 0.579111 -0.038375 0.032627 0.024041
1.0 -0.335777 0.507590 -0.449223 -0.005805 -0.048390 -0.016628
